client_id,epoch,batch,loss,acc,latencia,tempo_batch,bytes_tx,bytes_rx
0,0,0,3.190355062484741,0.09375,0.2877082824707031,0.706554651260376,0.625,0.625
0,0,1,2.6129887104034424,0.140625,0.10772848129272461,0.21436405181884766,0.625,0.625
0,0,2,2.227224349975586,0.265625,0.16498804092407227,0.25536274909973145,0.625,0.625
0,0,3,2.3502464294433594,0.265625,0.1420302391052246,0.2750537395477295,0.625,0.625
0,0,4,2.434049129486084,0.15625,0.17149639129638672,0.2711212635040283,0.625,0.625
0,0,5,2.128920555114746,0.203125,0.13321399688720703,0.2180941104888916,0.625,0.625
0,0,6,2.0959746837615967,0.234375,0.13906049728393555,0.25972676277160645,0.625,0.625
0,0,7,2.1873903274536133,0.21875,0.14478206634521484,0.234755277633667,0.625,0.625
0,0,8,2.0710296630859375,0.34375,0.1264476776123047,0.22048187255859375,0.625,0.625
0,0,9,1.7993701696395874,0.296875,0.1614382266998291,0.2547643184661865,0.625,0.625
0,0,10,2.002378463745117,0.25,0.15078353881835938,0.26091933250427246,0.625,0.625
0,0,11,1.898927927017212,0.28125,0.14573025703430176,0.22836637496948242,0.625,0.625
0,0,12,1.815056562423706,0.3125,0.1117560863494873,0.20686674118041992,0.625,0.625
0,0,13,2.0854687690734863,0.265625,0.1413106918334961,0.23494219779968262,0.625,0.625
0,0,14,1.802901268005371,0.328125,0.12332868576049805,0.22158312797546387,0.625,0.625
0,0,15,1.7637081146240234,0.421875,0.15859365463256836,0.23783040046691895,0.625,0.625
0,0,16,1.6778144836425781,0.40625,0.11155462265014648,0.1968543529510498,0.625,0.625
0,0,17,1.7207105159759521,0.453125,0.13932108879089355,0.21988844871520996,0.625,0.625
0,0,18,1.6715352535247803,0.421875,0.11638712882995605,0.20622873306274414,0.625,0.625
0,0,19,1.808368444442749,0.390625,0.15166854858398438,0.2349541187286377,0.625,0.625
0,0,20,2.072122097015381,0.390625,0.10734248161315918,0.1893916130065918,0.625,0.625
0,0,21,1.8713206052780151,0.390625,0.1382894515991211,0.2222902774810791,0.625,0.625
0,0,22,1.7625679969787598,0.296875,0.10026669502258301,0.19043779373168945,0.625,0.625
0,0,23,1.8243672847747803,0.390625,0.16096973419189453,0.24805235862731934,0.625,0.625
0,0,24,1.7938379049301147,0.3125,0.11995553970336914,0.22129464149475098,0.625,0.625
0,0,25,2.020203113555908,0.25,0.1774296760559082,0.26771044731140137,0.625,0.625
0,0,26,1.9637527465820312,0.296875,0.09835958480834961,0.18469667434692383,0.625,0.625
0,0,27,1.617967963218689,0.421875,0.1558527946472168,0.24582839012145996,0.625,0.625
0,0,28,1.7734627723693848,0.375,0.11944317817687988,0.20241260528564453,0.625,0.625
0,0,29,1.6770262718200684,0.40625,0.1686406135559082,0.2481989860534668,0.625,0.625
0,0,30,1.4688091278076172,0.4375,0.11490058898925781,0.20065641403198242,0.625,0.625
0,0,31,1.620378017425537,0.515625,0.15221309661865234,0.24335098266601562,0.625,0.625
0,0,32,1.6389877796173096,0.421875,0.14847779273986816,0.27663326263427734,0.625,0.625
0,0,33,1.7372324466705322,0.375,0.1530284881591797,0.23865342140197754,0.625,0.625
0,0,34,1.6721529960632324,0.34375,0.12847375869750977,0.2147514820098877,0.625,0.625
0,0,35,1.6294602155685425,0.390625,0.14068388938903809,0.22137069702148438,0.625,0.625
0,0,36,1.512554407119751,0.484375,0.10942959785461426,0.20483732223510742,0.625,0.625
0,0,37,1.5899841785430908,0.484375,0.14090657234191895,0.23012924194335938,0.625,0.625
0,0,38,1.6639389991760254,0.390625,0.13565278053283691,0.2273118495941162,0.625,0.625
0,0,39,1.5711699724197388,0.375,0.13942313194274902,0.2340247631072998,0.625,0.625
0,0,40,1.7696911096572876,0.40625,0.12003350257873535,0.2124783992767334,0.625,0.625
0,0,41,1.5425537824630737,0.421875,0.1421346664428711,0.22673773765563965,0.625,0.625
0,0,42,1.575197696685791,0.453125,0.1165766716003418,0.2043149471282959,0.625,0.625
0,0,43,1.711904764175415,0.4375,0.13200950622558594,0.2158203125,0.625,0.625
0,0,44,1.5057804584503174,0.53125,0.11794114112854004,0.2083888053894043,0.625,0.625
0,0,45,1.5381462574005127,0.453125,0.15889406204223633,0.24526071548461914,0.625,0.625
0,0,46,1.712002158164978,0.390625,0.12446069717407227,0.24666810035705566,0.625,0.625
0,0,47,1.7902271747589111,0.4375,0.14900493621826172,0.2377316951751709,0.625,0.625
0,0,48,1.4049640893936157,0.5,0.13151001930236816,0.2240750789642334,0.625,0.625
0,0,49,1.3246374130249023,0.5625,0.1473407745361328,0.23803377151489258,0.625,0.625
0,0,50,1.7156717777252197,0.359375,0.11140584945678711,0.19713616371154785,0.625,0.625
0,0,51,1.289582371711731,0.515625,0.15689754486083984,0.24491047859191895,0.625,0.625
0,0,52,1.571906328201294,0.359375,0.12021875381469727,0.21163511276245117,0.625,0.625
0,0,53,1.4455461502075195,0.453125,0.15771794319152832,0.2656989097595215,0.625,0.625
0,0,54,1.5972814559936523,0.390625,0.17153429985046387,0.30318474769592285,0.625,0.625
0,0,55,1.658191204071045,0.453125,0.2240614891052246,0.35662031173706055,0.625,0.625
0,0,56,1.6487092971801758,0.4375,0.15102267265319824,0.2795751094818115,0.625,0.625
0,0,57,1.4766149520874023,0.484375,0.18123388290405273,0.28804707527160645,0.625,0.625
0,0,58,1.383750319480896,0.5,0.15091395378112793,0.2450852394104004,0.625,0.625
0,0,59,1.687209129333496,0.40625,0.16891837120056152,0.250180721282959,0.625,0.625
0,0,60,1.3849046230316162,0.46875,0.1081383228302002,0.19173192977905273,0.625,0.625
0,0,61,1.4837439060211182,0.53125,0.20590758323669434,0.32768702507019043,0.625,0.625
0,0,62,1.3888506889343262,0.46875,0.1570897102355957,0.28047728538513184,0.625,0.625
0,0,63,1.6755516529083252,0.390625,0.15353155136108398,0.24713516235351562,0.625,0.625
0,0,64,1.4060102701187134,0.5625,0.1372373104095459,0.225388765335083,0.625,0.625
0,0,65,1.5116198062896729,0.453125,0.10593938827514648,0.19094634056091309,0.625,0.625
0,0,66,1.4563970565795898,0.34375,0.15546441078186035,0.2597475051879883,0.625,0.625
0,0,67,1.6240659952163696,0.46875,0.11857938766479492,0.21211862564086914,0.625,0.625
0,0,68,1.3960111141204834,0.53125,0.146376371383667,0.23149514198303223,0.625,0.625
0,0,69,1.5695452690124512,0.453125,0.12825560569763184,0.2180492877960205,0.625,0.625
0,0,70,1.458693265914917,0.515625,0.16573691368103027,0.26018738746643066,0.625,0.625
0,0,71,1.477081537246704,0.421875,0.13138747215270996,0.21839141845703125,0.625,0.625
0,0,72,1.4253562688827515,0.453125,0.13685154914855957,0.21909189224243164,0.625,0.625
0,0,73,1.516394019126892,0.5,0.10839462280273438,0.20024704933166504,0.625,0.625
0,0,74,1.6708991527557373,0.4375,0.12958669662475586,0.21962261199951172,0.625,0.625
0,0,75,1.5571441650390625,0.390625,0.10880017280578613,0.20365166664123535,0.625,0.625
0,0,76,1.4552714824676514,0.4375,0.15315008163452148,0.24346423149108887,0.625,0.625
0,0,77,1.4379405975341797,0.484375,0.12144875526428223,0.2119617462158203,0.625,0.625
0,0,78,1.320033073425293,0.515625,0.14358806610107422,0.23181986808776855,0.625,0.625
0,0,79,1.4026095867156982,0.515625,0.11284136772155762,0.20929169654846191,0.625,0.625
0,0,80,1.489950180053711,0.4375,0.16787028312683105,0.26703310012817383,0.625,0.625
0,0,81,1.3047101497650146,0.53125,0.1295614242553711,0.2120532989501953,0.625,0.625
0,0,82,1.1836185455322266,0.578125,0.14824366569519043,0.24110984802246094,0.625,0.625
0,0,83,1.4992761611938477,0.421875,0.13313841819763184,0.23589420318603516,0.625,0.625
0,0,84,1.355730652809143,0.5,0.14453935623168945,0.2322371006011963,0.625,0.625
0,0,85,1.3406524658203125,0.546875,0.11269593238830566,0.2041170597076416,0.625,0.625
0,0,86,1.737423062324524,0.328125,0.1709282398223877,0.2722198963165283,0.625,0.625
0,0,87,1.363210916519165,0.484375,0.14533209800720215,0.2521693706512451,0.625,0.625
0,0,88,1.6433920860290527,0.4375,0.13944697380065918,0.23935794830322266,0.625,0.625
0,0,89,1.3464362621307373,0.453125,0.17807650566101074,0.30689549446105957,0.625,0.625
0,0,90,1.5000510215759277,0.5,0.1660919189453125,0.26810407638549805,0.625,0.625
0,0,91,1.3792906999588013,0.484375,0.11512327194213867,0.1975722312927246,0.625,0.625
0,0,92,1.586880087852478,0.484375,0.14145278930664062,0.22599363327026367,0.625,0.625
0,0,93,1.329951524734497,0.5625,0.14353442192077637,0.23445725440979004,0.625,0.625
0,0,94,1.5734241008758545,0.421875,0.14398503303527832,0.22922825813293457,0.625,0.625
0,0,95,1.5391218662261963,0.390625,0.10848808288574219,0.19153952598571777,0.625,0.625
0,0,96,1.475574016571045,0.5,0.15482568740844727,0.24311137199401855,0.625,0.625
0,0,97,1.266118049621582,0.515625,0.1027212142944336,0.2023308277130127,0.625,0.625
0,0,98,1.5303149223327637,0.53125,0.11934876441955566,0.19556760787963867,0.625,0.625
0,0,99,1.5760034322738647,0.390625,0.10829639434814453,0.1924910545349121,0.625,0.625
0,0,100,1.3800578117370605,0.5,0.12207531929016113,0.19878482818603516,0.625,0.625
0,0,101,1.402289628982544,0.40625,0.11004137992858887,0.18730568885803223,0.625,0.625
0,0,102,1.3144574165344238,0.5625,0.14685487747192383,0.22665953636169434,0.625,0.625
0,0,103,1.409960389137268,0.5625,0.10703921318054199,0.1957700252532959,0.625,0.625
0,0,104,1.2739436626434326,0.546875,0.13091659545898438,0.21932196617126465,0.625,0.625
0,0,105,1.5631948709487915,0.515625,0.11749958992004395,0.20520734786987305,0.625,0.625
0,0,106,1.4669742584228516,0.5,0.14722824096679688,0.22514677047729492,0.625,0.625
0,0,107,1.427208423614502,0.453125,0.10901355743408203,0.19742488861083984,0.625,0.625
0,0,108,1.5521364212036133,0.4375,0.13038301467895508,0.20697999000549316,0.625,0.625
0,0,109,1.281502604484558,0.59375,0.10322260856628418,0.18691420555114746,0.625,0.625
0,0,110,1.4588255882263184,0.484375,0.1381990909576416,0.21747279167175293,0.625,0.625
0,0,111,1.5940704345703125,0.453125,0.10239362716674805,0.19026565551757812,0.625,0.625
0,0,112,1.2487246990203857,0.5,0.13834142684936523,0.21887969970703125,0.625,0.625
0,0,113,1.445407748222351,0.453125,0.10882163047790527,0.18799376487731934,0.625,0.625
0,0,114,1.1421482563018799,0.625,0.13370990753173828,0.21134161949157715,0.625,0.625
0,0,115,1.4611016511917114,0.5,0.12282609939575195,0.20110034942626953,0.625,0.625
0,0,116,1.1022295951843262,0.734375,0.13285446166992188,0.2130575180053711,0.625,0.625
0,0,117,1.3552358150482178,0.5,0.10651278495788574,0.19245266914367676,0.625,0.625
0,0,118,1.4517395496368408,0.5,0.1478898525238037,0.22901415824890137,0.625,0.625
0,0,119,1.4042582511901855,0.40625,0.10276985168457031,0.18952417373657227,0.625,0.625
0,0,120,1.5181063413619995,0.421875,0.134932279586792,0.21312952041625977,0.625,0.625
0,0,121,1.3125441074371338,0.515625,0.10414314270019531,0.18707966804504395,0.625,0.625
0,0,122,1.3121604919433594,0.5625,0.1411116123199463,0.22059941291809082,0.625,0.625
0,0,123,1.3046164512634277,0.53125,0.09478235244750977,0.1806011199951172,0.625,0.625
0,0,124,1.4146716594696045,0.515625,0.14268970489501953,0.2292923927307129,0.625,0.625
0,0,125,1.4600739479064941,0.46875,0.10744953155517578,0.18527722358703613,0.625,0.625
0,0,126,1.5178016424179077,0.484375,0.1287548542022705,0.20960640907287598,0.625,0.625
0,0,127,1.3385357856750488,0.609375,0.13509654998779297,0.21416115760803223,0.625,0.625
0,0,128,1.0604060888290405,0.609375,0.11947274208068848,0.20203137397766113,0.625,0.625
0,0,129,1.5142807960510254,0.4375,0.1717369556427002,0.2591695785522461,0.625,0.625
0,0,130,1.3427433967590332,0.53125,0.10317587852478027,0.18482279777526855,0.625,0.625
0,0,131,1.310287356376648,0.5625,0.15654730796813965,0.24201011657714844,0.625,0.625
0,0,132,1.1550214290618896,0.59375,0.10032153129577637,0.1867532730102539,0.625,0.625
0,0,133,1.3601762056350708,0.453125,0.13784384727478027,0.21528339385986328,0.625,0.625
0,0,134,1.4514827728271484,0.4375,0.10485315322875977,0.18239283561706543,0.625,0.625
0,0,135,1.4861013889312744,0.40625,0.13118362426757812,0.2136247158050537,0.625,0.625
0,0,136,1.3818824291229248,0.453125,0.10588693618774414,0.18592309951782227,0.625,0.625
0,0,137,1.5161590576171875,0.40625,0.1294245719909668,0.21379423141479492,0.625,0.625
0,0,138,1.404097318649292,0.46875,0.145857572555542,0.2227311134338379,0.625,0.625
0,0,139,1.3279316425323486,0.515625,0.11388945579528809,0.20235204696655273,0.625,0.625
0,0,140,1.2404594421386719,0.625,0.1032106876373291,0.19065165519714355,0.625,0.625
0,0,141,1.500577449798584,0.46875,0.1275179386138916,0.21863865852355957,0.625,0.625
0,0,142,1.3300471305847168,0.5,0.10871720314025879,0.19038915634155273,0.625,0.625
0,0,143,1.4884295463562012,0.4375,0.14421463012695312,0.22619128227233887,0.625,0.625
0,0,144,1.2921075820922852,0.515625,0.12483072280883789,0.2051236629486084,0.625,0.625
0,0,145,1.4289088249206543,0.453125,0.13065719604492188,0.208266019821167,0.625,0.625
0,0,146,1.3855935335159302,0.546875,0.0952920913696289,0.18133282661437988,0.625,0.625
0,0,147,1.34874427318573,0.515625,0.1342451572418213,0.21132779121398926,0.625,0.625
0,0,148,1.3514866828918457,0.53125,0.10236740112304688,0.1843395233154297,0.625,0.625
0,0,149,1.5116312503814697,0.5,0.14223599433898926,0.22221136093139648,0.625,0.625
0,0,150,1.3125931024551392,0.5625,0.10364842414855957,0.19451045989990234,0.625,0.625
0,0,151,1.3674492835998535,0.5625,0.11443209648132324,0.19342398643493652,0.625,0.625
0,0,152,1.4958540201187134,0.421875,0.13544154167175293,0.21375322341918945,0.625,0.625
0,0,153,1.375815749168396,0.5625,0.09750843048095703,0.18105244636535645,0.625,0.625
0,0,154,1.253614068031311,0.59375,0.13255715370178223,0.21004724502563477,0.625,0.625
0,0,155,1.3582305908203125,0.5,0.10519886016845703,0.1864147186279297,0.625,0.625
0,0,156,1.244610071182251,0.59375,0.12609362602233887,0.20931696891784668,0.625,0.625
0,0,157,1.4988722801208496,0.484375,0.11671638488769531,0.19367504119873047,0.625,0.625
0,0,158,1.3078669309616089,0.484375,0.1293048858642578,0.21268439292907715,0.625,0.625
0,0,159,1.3199918270111084,0.546875,0.10909557342529297,0.1896650791168213,0.625,0.625
0,0,160,1.5527451038360596,0.46875,0.13185954093933105,0.21186280250549316,0.625,0.625
0,0,161,1.4657657146453857,0.484375,0.10605525970458984,0.18541193008422852,0.625,0.625
0,0,162,1.4395909309387207,0.46875,0.12721705436706543,0.20625662803649902,0.625,0.625
0,0,163,1.1664420366287231,0.59375,0.11546778678894043,0.20389723777770996,0.625,0.625
0,0,164,1.7499737739562988,0.4375,0.12995100021362305,0.21341753005981445,0.625,0.625
0,0,165,1.1727267503738403,0.5625,0.10651302337646484,0.18549513816833496,0.625,0.625
0,0,166,1.5031962394714355,0.46875,0.14096856117248535,0.221815824508667,0.625,0.625
0,0,167,1.2908260822296143,0.515625,0.1084902286529541,0.18924522399902344,0.625,0.625
0,0,168,1.1841994524002075,0.59375,0.129225492477417,0.208967924118042,0.625,0.625
0,0,169,1.1967716217041016,0.5625,0.10758805274963379,0.19063472747802734,0.625,0.625
0,0,170,1.3561331033706665,0.46875,0.13891267776489258,0.21640300750732422,0.625,0.625
0,0,171,1.5294978618621826,0.40625,0.11641955375671387,0.1948225498199463,0.625,0.625
0,0,172,1.1997172832489014,0.59375,0.132735013961792,0.21155238151550293,0.625,0.625
0,0,173,1.0699567794799805,0.640625,0.1100623607635498,0.1920638084411621,0.625,0.625
0,0,174,1.399215817451477,0.515625,0.12949872016906738,0.21819758415222168,0.625,0.625
0,0,175,1.126867413520813,0.546875,0.11559915542602539,0.19258761405944824,0.625,0.625
0,0,176,1.3343193531036377,0.5,0.11707401275634766,0.19527411460876465,0.625,0.625
0,0,177,1.3234522342681885,0.53125,0.14232206344604492,0.22098326683044434,0.625,0.625
0,0,178,1.4150152206420898,0.5,0.10359025001525879,0.18024873733520508,0.625,0.625
0,0,179,1.4743858575820923,0.46875,0.13919281959533691,0.2156984806060791,0.625,0.625
0,0,180,1.3034788370132446,0.5625,0.10461664199829102,0.1848762035369873,0.625,0.625
0,0,181,1.2938188314437866,0.546875,0.12831759452819824,0.20426201820373535,0.625,0.625
0,0,182,1.322667121887207,0.578125,0.10271716117858887,0.18024516105651855,0.625,0.625
0,0,183,1.1192303895950317,0.609375,0.14112091064453125,0.21736812591552734,0.625,0.625
0,0,184,1.3563710451126099,0.46875,0.10675787925720215,0.1911773681640625,0.625,0.625
0,0,185,1.1509268283843994,0.5625,0.1243445873260498,0.19934844970703125,0.625,0.625
0,0,186,1.097285270690918,0.65625,0.10747027397155762,0.1886148452758789,0.625,0.625
0,0,187,1.466334342956543,0.546875,0.14152050018310547,0.22759485244750977,0.625,0.625
0,0,188,1.0928508043289185,0.640625,0.10260868072509766,0.18205022811889648,0.625,0.625
0,0,189,1.295053482055664,0.515625,0.12942218780517578,0.20695734024047852,0.625,0.625
0,0,190,1.2698988914489746,0.578125,0.11414146423339844,0.19417881965637207,0.625,0.625
0,0,191,1.1245181560516357,0.625,0.15276718139648438,0.23571515083312988,0.625,0.625
0,0,192,1.1542398929595947,0.578125,0.11579132080078125,0.19477581977844238,0.625,0.625
0,0,193,1.289933204650879,0.546875,0.10077142715454102,0.18127059936523438,0.625,0.625
0,0,194,1.338732361793518,0.609375,0.13493108749389648,0.21078252792358398,0.625,0.625
0,0,195,1.5749677419662476,0.390625,0.09446835517883301,0.18495821952819824,0.625,0.625
0,0,196,1.39216947555542,0.5,0.13484430313110352,0.21401572227478027,0.625,0.625
0,0,197,1.319206953048706,0.5625,0.10616207122802734,0.1811378002166748,0.625,0.625
0,0,198,1.2731436491012573,0.578125,0.13220953941345215,0.20895171165466309,0.625,0.625
0,0,199,1.3227300643920898,0.515625,0.11026406288146973,0.1903085708618164,0.625,0.625
0,0,200,1.3034335374832153,0.5625,0.13372111320495605,0.21198034286499023,0.625,0.625
0,0,201,1.2838424444198608,0.5,0.10510969161987305,0.18269753456115723,0.625,0.625
0,0,202,1.4187777042388916,0.578125,0.14007353782653809,0.21852397918701172,0.625,0.625
0,0,203,1.1460256576538086,0.625,0.10969185829162598,0.18696236610412598,0.625,0.625
0,0,204,0.9970320463180542,0.625,0.1272425651550293,0.20303726196289062,0.625,0.625
0,0,205,1.3898543119430542,0.53125,0.1030128002166748,0.19249272346496582,0.625,0.625
0,0,206,1.0388216972351074,0.59375,0.11738920211791992,0.19558405876159668,0.625,0.625
0,0,207,1.266560673713684,0.578125,0.10329508781433105,0.18408989906311035,0.625,0.625
0,0,208,1.1855790615081787,0.59375,0.1333174705505371,0.2095930576324463,0.625,0.625
0,0,209,1.1109991073608398,0.59375,0.11510539054870605,0.19357037544250488,0.625,0.625
0,0,210,1.2737571001052856,0.5625,0.12896227836608887,0.2054119110107422,0.625,0.625
0,0,211,1.3863129615783691,0.5,0.10149121284484863,0.17971324920654297,0.625,0.625
0,0,212,1.331211805343628,0.53125,0.13152742385864258,0.20753812789916992,0.625,0.625
0,0,213,1.1522330045700073,0.625,0.1041877269744873,0.1834559440612793,0.625,0.625
0,0,214,1.1359295845031738,0.609375,0.12622594833374023,0.20454812049865723,0.625,0.625
0,0,215,1.4849746227264404,0.484375,0.10093927383422852,0.17923879623413086,0.625,0.625
0,0,216,1.4130356311798096,0.515625,0.14300537109375,0.22223711013793945,0.625,0.625
0,0,217,1.1635127067565918,0.5625,0.10777521133422852,0.1888446807861328,0.625,0.625
0,0,218,1.1450310945510864,0.5625,0.1455235481262207,0.22463679313659668,0.625,0.625
0,0,219,1.1311681270599365,0.53125,0.10209536552429199,0.18189382553100586,0.625,0.625
0,0,220,1.3408820629119873,0.5625,0.13310503959655762,0.21364998817443848,0.625,0.625
0,0,221,1.2814667224884033,0.453125,0.10561871528625488,0.19637489318847656,0.625,0.625
0,0,222,1.233327865600586,0.53125,0.12032485008239746,0.19805073738098145,0.625,0.625
0,0,223,1.270816445350647,0.5,0.10761165618896484,0.18670105934143066,0.625,0.625
0,0,224,1.2347673177719116,0.578125,0.1374204158782959,0.22056341171264648,0.625,0.625
0,0,225,1.2254502773284912,0.53125,0.11759710311889648,0.19803690910339355,0.625,0.625
0,0,226,0.9522621631622314,0.640625,0.1260087490081787,0.20659351348876953,0.625,0.625
0,0,227,1.1613116264343262,0.578125,0.11487698554992676,0.1948540210723877,0.625,0.625
0,0,228,1.4283626079559326,0.578125,0.12897109985351562,0.20833182334899902,0.625,0.625
0,0,229,1.2645893096923828,0.625,0.09394073486328125,0.18250060081481934,0.625,0.625
0,0,230,1.2376630306243896,0.5625,0.13917326927185059,0.2171769142150879,0.625,0.625
0,0,231,1.0557990074157715,0.625,0.11257028579711914,0.20462298393249512,0.625,0.625
0,0,232,1.2628507614135742,0.546875,0.12065863609313965,0.20252752304077148,0.625,0.625
0,0,233,1.1488624811172485,0.609375,0.11559653282165527,0.19925642013549805,0.625,0.625
0,0,234,1.242403268814087,0.515625,0.11856436729431152,0.20181012153625488,0.625,0.625
0,0,235,1.025611162185669,0.65625,0.10537385940551758,0.18596267700195312,0.625,0.625
0,0,236,1.1345274448394775,0.640625,0.13155889511108398,0.21178293228149414,0.625,0.625
0,0,237,0.9926891326904297,0.671875,0.10251688957214355,0.1878046989440918,0.625,0.625
0,0,238,0.928890585899353,0.671875,0.12561607360839844,0.20504283905029297,0.625,0.625
0,0,239,1.225216031074524,0.5,0.11042141914367676,0.18892526626586914,0.625,0.625
0,0,240,1.384795069694519,0.5,0.1462247371673584,0.23162841796875,0.625,0.625
0,0,241,1.2020717859268188,0.53125,0.11077547073364258,0.19321274757385254,0.625,0.625
0,0,242,1.4097161293029785,0.5,0.1367042064666748,0.21669435501098633,0.625,0.625
0,0,243,1.2673377990722656,0.5625,0.10392451286315918,0.18300843238830566,0.625,0.625
0,0,244,1.2072606086730957,0.59375,0.14026904106140137,0.22091960906982422,0.625,0.625
0,0,245,1.1073226928710938,0.578125,0.10117077827453613,0.18130731582641602,0.625,0.625
0,0,246,1.1410112380981445,0.546875,0.13589954376220703,0.24428296089172363,0.625,0.625
0,0,247,1.5636303424835205,0.53125,0.11777901649475098,0.2281053066253662,0.625,0.625
0,0,248,1.0329220294952393,0.609375,0.13846349716186523,0.22205662727355957,0.625,0.625
0,0,249,1.2955098152160645,0.53125,0.11058831214904785,0.1990830898284912,0.625,0.625
0,0,250,1.292745590209961,0.546875,0.13025307655334473,0.209489107131958,0.625,0.625
0,0,251,1.2793301343917847,0.5625,0.11013650894165039,0.19194674491882324,0.625,0.625
0,0,252,1.2438507080078125,0.578125,0.1389617919921875,0.2183670997619629,0.625,0.625
0,0,253,1.039421796798706,0.65625,0.09641909599304199,0.18500828742980957,0.625,0.625
0,0,254,1.207305908203125,0.578125,0.12027192115783691,0.19643473625183105,0.625,0.625
0,0,255,1.412205457687378,0.46875,0.10651326179504395,0.1842184066772461,0.625,0.625
0,0,256,1.3102843761444092,0.515625,0.13667654991149902,0.21386384963989258,0.625,0.625
0,0,257,0.9950710535049438,0.71875,0.10327291488647461,0.18283510208129883,0.625,0.625
0,0,258,1.1460769176483154,0.546875,0.13483500480651855,0.21081233024597168,0.625,0.625
0,0,259,1.219042420387268,0.59375,0.12781786918640137,0.21414566040039062,0.625,0.625
0,1,0,0.998775839805603,0.640625,0.16012930870056152,0.2466895580291748,0.625,0.625
0,1,1,0.9580903053283691,0.703125,0.14050912857055664,0.222611665725708,0.625,0.625
0,1,2,1.0091898441314697,0.671875,0.1059119701385498,0.18593120574951172,0.625,0.625
0,1,3,1.0361065864562988,0.625,0.13991761207580566,0.2261800765991211,0.625,0.625
0,1,4,1.0738677978515625,0.65625,0.10981273651123047,0.19541382789611816,0.625,0.625
0,1,5,1.2427940368652344,0.5,0.13816165924072266,0.21807146072387695,0.625,0.625
0,1,6,1.0837385654449463,0.59375,0.10278201103210449,0.18551945686340332,0.625,0.625
0,1,7,1.183626651763916,0.59375,0.12903523445129395,0.20336318016052246,0.625,0.625
0,1,8,0.8504250049591064,0.640625,0.10882878303527832,0.18995118141174316,0.625,0.625
0,1,9,0.9452047348022461,0.671875,0.13453435897827148,0.21173691749572754,0.625,0.625
0,1,10,1.0625982284545898,0.5625,0.10411238670349121,0.18020033836364746,0.625,0.625
0,1,11,0.9828237295150757,0.703125,0.12746572494506836,0.20630764961242676,0.625,0.625
0,1,12,1.1675515174865723,0.578125,0.10191965103149414,0.17949271202087402,0.625,0.625
0,1,13,1.0928207635879517,0.578125,0.14387893676757812,0.22170448303222656,0.625,0.625
0,1,14,1.2371315956115723,0.515625,0.10938644409179688,0.19072866439819336,0.625,0.625
0,1,15,1.1676065921783447,0.625,0.1301736831665039,0.20613932609558105,0.625,0.625
0,1,16,0.8136158585548401,0.65625,0.11005735397338867,0.1893296241760254,0.625,0.625
0,1,17,0.8168443441390991,0.671875,0.13956499099731445,0.2162303924560547,0.625,0.625
0,1,18,0.9092980623245239,0.625,0.09716105461120605,0.18442869186401367,0.625,0.625
0,1,19,0.928255558013916,0.625,0.13166189193725586,0.20688915252685547,0.625,0.625
0,1,20,1.3493714332580566,0.484375,0.10962057113647461,0.19119715690612793,0.625,0.625
0,1,21,1.0769197940826416,0.578125,0.12836027145385742,0.20510005950927734,0.625,0.625
0,1,22,0.9773480892181396,0.65625,0.09246253967285156,0.180558443069458,0.625,0.625
0,1,23,1.0604126453399658,0.625,0.13490700721740723,0.21431350708007812,0.625,0.625
0,1,24,1.0325475931167603,0.625,0.10187959671020508,0.18253350257873535,0.625,0.625
0,1,25,1.0134477615356445,0.609375,0.12894678115844727,0.20729422569274902,0.625,0.625
0,1,26,1.3191200494766235,0.546875,0.10208559036254883,0.18604469299316406,0.625,0.625
0,1,27,0.9120194911956787,0.640625,0.12250113487243652,0.208160400390625,0.625,0.625
0,1,28,1.125198245048523,0.640625,0.10309004783630371,0.1878981590270996,0.625,0.625
0,1,29,1.2626452445983887,0.625,0.14496541023254395,0.23359036445617676,0.625,0.625
0,1,30,0.9573480486869812,0.65625,0.10404419898986816,0.18507623672485352,0.625,0.625
0,1,31,0.8645238876342773,0.703125,0.1405501365661621,0.21944355964660645,0.625,0.625
0,1,32,1.0357298851013184,0.65625,0.1381831169128418,0.2148301601409912,0.625,0.625
0,1,33,0.9533144235610962,0.75,0.1469731330871582,0.22764992713928223,0.625,0.625
0,1,34,0.9591630101203918,0.625,0.11206555366516113,0.1937704086303711,0.625,0.625
0,1,35,1.0771902799606323,0.65625,0.10017919540405273,0.1786048412322998,0.625,0.625
0,1,36,1.0882227420806885,0.609375,0.13935303688049316,0.21673941612243652,0.625,0.625
0,1,37,1.099912166595459,0.5625,0.10234737396240234,0.18508386611938477,0.625,0.625
0,1,38,1.1568889617919922,0.5625,0.1339738368988037,0.21030974388122559,0.625,0.625
0,1,39,1.3958088159561157,0.59375,0.11425375938415527,0.19339942932128906,0.625,0.625
0,1,40,1.064848780632019,0.578125,0.13669443130493164,0.21436119079589844,0.625,0.625
0,1,41,0.9875640273094177,0.59375,0.10571408271789551,0.18641233444213867,0.625,0.625
0,1,42,0.9931843280792236,0.6875,0.12216758728027344,0.20464611053466797,0.625,0.625
0,1,43,1.218306541442871,0.59375,0.1022186279296875,0.18074297904968262,0.625,0.625
0,1,44,1.0827045440673828,0.625,0.1393725872039795,0.2170100212097168,0.625,0.625
0,1,45,0.970851480960846,0.65625,0.10839533805847168,0.18344974517822266,0.625,0.625
0,1,46,1.3704293966293335,0.484375,0.1310718059539795,0.21672725677490234,0.625,0.625
0,1,47,0.8518199324607849,0.65625,0.1049344539642334,0.1865530014038086,0.625,0.625
0,1,48,1.1671830415725708,0.59375,0.12238550186157227,0.20254826545715332,0.625,0.625
0,1,49,1.1234781742095947,0.515625,0.10545206069946289,0.18136882781982422,0.625,0.625
0,1,50,1.139074683189392,0.671875,0.13365387916564941,0.21020913124084473,0.625,0.625
0,1,51,1.3093341588974,0.546875,0.0996091365814209,0.1770188808441162,0.625,0.625
0,1,52,1.2347338199615479,0.546875,0.1462090015411377,0.22069430351257324,0.625,0.625
0,1,53,0.9105188846588135,0.65625,0.10237860679626465,0.18211984634399414,0.625,0.625
0,1,54,0.8961939811706543,0.609375,0.12392687797546387,0.20424580574035645,0.625,0.625
0,1,55,1.0138895511627197,0.640625,0.13155722618103027,0.21474838256835938,0.625,0.625
0,1,56,1.091625690460205,0.59375,0.10394835472106934,0.1819474697113037,0.625,0.625
0,1,57,0.8811056613922119,0.671875,0.1461961269378662,0.22941923141479492,0.625,0.625
0,1,58,1.0729389190673828,0.640625,0.1140291690826416,0.19522380828857422,0.625,0.625
0,1,59,0.9524012804031372,0.640625,0.13546180725097656,0.21178793907165527,0.625,0.625
0,1,60,1.1487303972244263,0.609375,0.10066628456115723,0.1797173023223877,0.625,0.625
0,1,61,1.0008635520935059,0.59375,0.1375267505645752,0.21942663192749023,0.625,0.625
0,1,62,0.9308099150657654,0.671875,0.0919189453125,0.17783546447753906,0.625,0.625
0,1,63,1.2543401718139648,0.53125,0.1447134017944336,0.22117352485656738,0.625,0.625
0,1,64,0.9837007522583008,0.703125,0.10886216163635254,0.18903231620788574,0.625,0.625
0,1,65,0.934040367603302,0.6875,0.14074087142944336,0.22284317016601562,0.625,0.625
0,1,66,1.1512221097946167,0.59375,0.10590505599975586,0.1867845058441162,0.625,0.625
0,1,67,1.1241824626922607,0.640625,0.13918805122375488,0.21997642517089844,0.625,0.625
0,1,68,1.003274917602539,0.6875,0.12111186981201172,0.19799160957336426,0.625,0.625
0,1,69,1.1307783126831055,0.609375,0.13283753395080566,0.21151447296142578,0.625,0.625
0,1,70,1.18851637840271,0.578125,0.10325479507446289,0.19849872589111328,0.625,0.625
0,1,71,1.1066627502441406,0.625,0.12033653259277344,0.20647883415222168,0.625,0.625
0,1,72,1.1106398105621338,0.5625,0.10639047622680664,0.18545818328857422,0.625,0.625
0,1,73,1.074716567993164,0.59375,0.12926912307739258,0.20633983612060547,0.625,0.625
0,1,74,1.1153810024261475,0.625,0.10511994361877441,0.18427276611328125,0.625,0.625
0,1,75,0.7911335229873657,0.75,0.14522361755371094,0.22658300399780273,0.625,0.625
0,1,76,1.2012393474578857,0.515625,0.10263180732727051,0.1818242073059082,0.625,0.625
0,1,77,1.1917181015014648,0.671875,0.13985753059387207,0.22445392608642578,0.625,0.625
0,1,78,1.1567771434783936,0.609375,0.10848426818847656,0.1893007755279541,0.625,0.625
0,1,79,0.9767827391624451,0.59375,0.14218473434448242,0.22467923164367676,0.625,0.625
0,1,80,1.1381855010986328,0.578125,0.15511560440063477,0.2445228099822998,0.625,0.625
0,1,81,1.379941463470459,0.53125,0.1627364158630371,0.2527122497558594,0.625,0.625
0,1,82,1.0204778909683228,0.65625,0.13422775268554688,0.23404526710510254,0.625,0.625
0,1,83,1.068687081336975,0.578125,0.24261856079101562,0.3650858402252197,0.625,0.625
0,1,84,1.4553991556167603,0.5,0.22975683212280273,0.3188605308532715,0.625,0.625
0,1,85,1.0229719877243042,0.625,0.12452340126037598,0.21471428871154785,0.625,0.625
0,1,86,1.090735912322998,0.546875,0.13744759559631348,0.21608400344848633,0.625,0.625
0,1,87,1.0033073425292969,0.6875,0.09782266616821289,0.1883544921875,0.625,0.625
0,1,88,0.9701220989227295,0.6875,0.1390972137451172,0.22472167015075684,0.625,0.625
0,1,89,1.1289159059524536,0.59375,0.09854316711425781,0.18833088874816895,0.625,0.625
0,1,90,1.0323200225830078,0.625,0.1328577995300293,0.22394561767578125,0.625,0.625
0,1,91,1.0442376136779785,0.5625,0.12060809135437012,0.19943547248840332,0.625,0.625
0,1,92,0.9898049235343933,0.5625,0.10436892509460449,0.18825721740722656,0.625,0.625
0,1,93,1.1213611364364624,0.625,0.14612793922424316,0.23272180557250977,0.625,0.625
0,1,94,1.0907742977142334,0.609375,0.11002421379089355,0.19096708297729492,0.625,0.625
0,1,95,1.0868021249771118,0.71875,0.15039825439453125,0.23669075965881348,0.625,0.625
0,1,96,1.765108585357666,0.421875,0.10046887397766113,0.19236183166503906,0.625,0.625
0,1,97,1.1088566780090332,0.65625,0.11523985862731934,0.19723081588745117,0.625,0.625
0,1,98,1.0385689735412598,0.671875,0.1092221736907959,0.18993782997131348,0.625,0.625
0,1,99,1.0243735313415527,0.609375,0.14039349555969238,0.21729540824890137,0.625,0.625
0,1,100,1.0532400608062744,0.65625,0.1416935920715332,0.22201013565063477,0.625,0.625
0,1,101,0.9026409983634949,0.671875,0.12814640998840332,0.20676922798156738,0.625,0.625
0,1,102,1.1675589084625244,0.578125,0.11528158187866211,0.20805883407592773,0.625,0.625
0,1,103,1.0140419006347656,0.609375,0.1400761604309082,0.2215406894683838,0.625,0.625
0,1,104,1.4130001068115234,0.53125,0.10706305503845215,0.18751263618469238,0.625,0.625
0,1,105,1.2361923456192017,0.53125,0.13138723373413086,0.2152547836303711,0.625,0.625
0,1,106,0.965346097946167,0.6875,0.11646127700805664,0.19756484031677246,0.625,0.625
0,1,107,1.0541179180145264,0.578125,0.12820839881896973,0.2138843536376953,0.625,0.625
0,1,108,1.0765907764434814,0.625,0.10783624649047852,0.18799161911010742,0.625,0.625
0,1,109,0.7475162744522095,0.703125,0.15134167671203613,0.2442643642425537,0.625,0.625
0,1,110,0.9988124370574951,0.625,0.1023101806640625,0.19290900230407715,0.625,0.625
0,1,111,1.2410163879394531,0.546875,0.13082146644592285,0.21864008903503418,0.625,0.625
0,1,112,0.9746096730232239,0.6875,0.1218254566192627,0.2020871639251709,0.625,0.625
0,1,113,1.2005428075790405,0.5625,0.15694928169250488,0.23797607421875,0.625,0.625
0,1,114,1.0555977821350098,0.625,0.11023378372192383,0.19489717483520508,0.625,0.625
0,1,115,0.8273664712905884,0.703125,0.13020825386047363,0.21566081047058105,0.625,0.625
0,1,116,1.144968032836914,0.59375,0.10759425163269043,0.20612573623657227,0.625,0.625
0,1,117,1.2443305253982544,0.5625,0.13307547569274902,0.22127890586853027,0.625,0.625
0,1,118,0.9683940410614014,0.640625,0.11763930320739746,0.20485758781433105,0.625,0.625
0,1,119,0.9743001461029053,0.65625,0.13727760314941406,0.22098207473754883,0.625,0.625
0,1,120,0.9999108910560608,0.640625,0.11561775207519531,0.19880151748657227,0.625,0.625
0,1,121,0.8707263469696045,0.703125,0.1318066120147705,0.2137906551361084,0.625,0.625
0,1,122,1.329097032546997,0.546875,0.11133956909179688,0.19623899459838867,0.625,0.625
0,1,123,0.8610789775848389,0.71875,0.15056562423706055,0.23097968101501465,0.625,0.625
0,1,124,1.142402172088623,0.625,0.1112675666809082,0.19241881370544434,0.625,0.625
0,1,125,0.683544397354126,0.75,0.13740277290344238,0.22445392608642578,0.625,0.625
0,1,126,1.0130890607833862,0.625,0.14432597160339355,0.23472952842712402,0.625,0.625
0,1,127,1.0567359924316406,0.6875,0.11565732955932617,0.20682501792907715,0.625,0.625
0,1,128,0.8870751857757568,0.671875,0.16885137557983398,0.2563209533691406,0.625,0.625
0,1,129,1.1481693983078003,0.59375,0.1251528263092041,0.20965075492858887,0.625,0.625
0,1,130,1.1491450071334839,0.5625,0.13497376441955566,0.21831512451171875,0.625,0.625
0,1,131,1.2409449815750122,0.578125,0.10529375076293945,0.19104623794555664,0.625,0.625
0,1,132,0.9507942795753479,0.640625,0.13855957984924316,0.22419428825378418,0.625,0.625
0,1,133,1.1035997867584229,0.625,0.12846136093139648,0.2129991054534912,0.625,0.625
0,1,134,1.0696651935577393,0.640625,0.16478347778320312,0.25095391273498535,0.625,0.625
0,1,135,0.902328610420227,0.671875,0.1212456226348877,0.22843122482299805,0.625,0.625
0,1,136,1.000575304031372,0.71875,0.12425899505615234,0.2065722942352295,0.625,0.625
0,1,137,1.0594913959503174,0.640625,0.12146401405334473,0.20342302322387695,0.625,0.625
0,1,138,1.460888385772705,0.46875,0.13520359992980957,0.21404623985290527,0.625,0.625
0,1,139,1.0838841199874878,0.578125,0.10924196243286133,0.19111108779907227,0.625,0.625
0,1,140,0.947181224822998,0.6875,0.13377618789672852,0.22140121459960938,0.625,0.625
0,1,141,1.3161303997039795,0.53125,0.12030291557312012,0.20525741577148438,0.625,0.625
0,1,142,1.0000673532485962,0.65625,0.14599871635437012,0.23022007942199707,0.625,0.625
0,1,143,1.0393500328063965,0.59375,0.11130023002624512,0.2058730125427246,0.625,0.625
0,1,144,1.0173377990722656,0.65625,0.15234112739562988,0.24178504943847656,0.625,0.625
0,1,145,0.9530680179595947,0.71875,0.1281876564025879,0.2129683494567871,0.625,0.625
0,1,146,1.2224810123443604,0.59375,0.10344457626342773,0.18555998802185059,0.625,0.625
0,1,147,0.8304118514060974,0.734375,0.1336822509765625,0.21588706970214844,0.625,0.625
0,1,148,1.2050144672393799,0.609375,0.13168764114379883,0.22577524185180664,0.625,0.625
0,1,149,1.1724145412445068,0.515625,0.1522214412689209,0.24240851402282715,0.625,0.625
0,1,150,1.283092975616455,0.578125,0.14682984352111816,0.23778772354125977,0.625,0.625
0,1,151,1.0602922439575195,0.59375,0.15401840209960938,0.25469422340393066,0.625,0.625
0,1,152,1.0850896835327148,0.5,0.1221156120300293,0.2100374698638916,0.625,0.625
0,1,153,1.2365124225616455,0.625,0.14446663856506348,0.22862577438354492,0.625,0.625
0,1,154,1.1807432174682617,0.578125,0.11348557472229004,0.20270347595214844,0.625,0.625
0,1,155,0.8909675478935242,0.671875,0.21979665756225586,0.3389716148376465,0.625,0.625
0,1,156,0.9018991589546204,0.640625,0.22398829460144043,0.36597347259521484,0.625,0.625
0,1,157,0.8411588668823242,0.734375,0.2054898738861084,0.31563448905944824,0.625,0.625
0,1,158,0.7558648586273193,0.75,0.14841628074645996,0.24650883674621582,0.625,0.625
0,1,159,0.8689672350883484,0.6875,0.15163660049438477,0.24815893173217773,0.625,0.625
0,1,160,0.9816551208496094,0.671875,0.15409040451049805,0.2557201385498047,0.625,0.625
0,1,161,1.1204458475112915,0.6875,0.18671059608459473,0.2762281894683838,0.625,0.625
0,1,162,1.0196552276611328,0.65625,0.11980152130126953,0.21019315719604492,0.625,0.625
0,1,163,1.0612419843673706,0.6875,0.16641950607299805,0.27421998977661133,0.625,0.625
0,1,164,1.072562575340271,0.6875,0.12578964233398438,0.22543048858642578,0.625,0.625
0,1,165,0.9456934332847595,0.671875,0.22286629676818848,0.3395423889160156,0.625,0.625
0,1,166,0.8222346305847168,0.6875,0.13207554817199707,0.2306201457977295,0.625,0.625
0,1,167,0.9860978126525879,0.671875,0.1931164264678955,0.2938385009765625,0.625,0.625
0,1,168,1.2279744148254395,0.53125,0.1246345043182373,0.2186126708984375,0.625,0.625
0,1,169,1.0843826532363892,0.609375,0.16532158851623535,0.25634002685546875,0.625,0.625
0,1,170,0.9314064979553223,0.703125,0.1290426254272461,0.21856355667114258,0.625,0.625
0,1,171,0.9922189712524414,0.6875,0.15800166130065918,0.26029038429260254,0.625,0.625
0,1,172,0.9520953893661499,0.625,0.1309831142425537,0.22467923164367676,0.625,0.625
0,1,173,0.9354784488677979,0.640625,0.14435505867004395,0.23122954368591309,0.625,0.625
0,1,174,0.783971905708313,0.703125,0.11256027221679688,0.20054101943969727,0.625,0.625
0,1,175,0.9970005750656128,0.671875,0.14594054222106934,0.2244119644165039,0.625,0.625
0,1,176,1.1139529943466187,0.625,0.10086965560913086,0.19854950904846191,0.625,0.625
0,1,177,0.8576605319976807,0.71875,0.13212823867797852,0.22609400749206543,0.625,0.625
0,1,178,0.9386998414993286,0.71875,0.1283884048461914,0.2296292781829834,0.625,0.625
0,1,179,1.1290029287338257,0.5625,0.1481165885925293,0.23084354400634766,0.625,0.625
0,1,180,1.2761361598968506,0.546875,0.11443638801574707,0.19673871994018555,0.625,0.625
0,1,181,0.9374421834945679,0.640625,0.14662694931030273,0.23678135871887207,0.625,0.625
0,1,182,1.2196139097213745,0.640625,0.12534832954406738,0.2082364559173584,0.625,0.625
0,1,183,1.3015320301055908,0.578125,0.14338922500610352,0.22562503814697266,0.625,0.625
0,1,184,1.0676865577697754,0.671875,0.10984015464782715,0.18710660934448242,0.625,0.625
0,1,185,1.012857437133789,0.640625,0.13174772262573242,0.21620607376098633,0.625,0.625
0,1,186,0.9538282752037048,0.703125,0.10680055618286133,0.19771575927734375,0.625,0.625
0,1,187,0.9658163189888,0.6875,0.12766742706298828,0.20476675033569336,0.625,0.625
0,1,188,1.1081361770629883,0.609375,0.1180274486541748,0.1995255947113037,0.625,0.625
0,1,189,0.9258983731269836,0.640625,0.1469259262084961,0.23606204986572266,0.625,0.625
0,1,190,1.1124612092971802,0.546875,0.10269355773925781,0.18878531455993652,0.625,0.625
0,1,191,0.8317410945892334,0.671875,0.13254904747009277,0.21483993530273438,0.625,0.625
0,1,192,1.0543251037597656,0.640625,0.12124896049499512,0.1993105411529541,0.625,0.625
0,1,193,1.0451877117156982,0.625,0.1359424591064453,0.21588420867919922,0.625,0.625
0,1,194,1.1633867025375366,0.53125,0.10339522361755371,0.18537020683288574,0.625,0.625
0,1,195,1.0027140378952026,0.6875,0.1421983242034912,0.22211170196533203,0.625,0.625
0,1,196,1.0864617824554443,0.59375,0.11090588569641113,0.19231414794921875,0.625,0.625
0,1,197,0.9931666851043701,0.65625,0.14539337158203125,0.22459173202514648,0.625,0.625
0,1,198,1.049759030342102,0.625,0.10725903511047363,0.1903541088104248,0.625,0.625
0,1,199,1.1328941583633423,0.609375,0.13048648834228516,0.21666359901428223,0.625,0.625
0,1,200,1.0756229162216187,0.703125,0.09557294845581055,0.18303775787353516,0.625,0.625
0,1,201,1.2141867876052856,0.625,0.13712501525878906,0.21423649787902832,0.625,0.625
0,1,202,0.8828117847442627,0.671875,0.11341238021850586,0.19440007209777832,0.625,0.625
0,1,203,1.0261986255645752,0.625,0.1341714859008789,0.21451878547668457,0.625,0.625
0,1,204,1.1735552549362183,0.578125,0.1176612377166748,0.19658875465393066,0.625,0.625
0,1,205,1.052802324295044,0.625,0.1289517879486084,0.2068030834197998,0.625,0.625
0,1,206,0.9177054166793823,0.625,0.1043086051940918,0.18269133567810059,0.625,0.625
0,1,207,0.8874518871307373,0.703125,0.13833880424499512,0.21610641479492188,0.625,0.625
0,1,208,0.9278479814529419,0.71875,0.12099099159240723,0.1979670524597168,0.625,0.625
0,1,209,0.9681459665298462,0.734375,0.13309836387634277,0.2160167694091797,0.625,0.625
0,1,210,1.1551257371902466,0.625,0.09946966171264648,0.1817004680633545,0.625,0.625
0,1,211,0.9154455661773682,0.671875,0.13325977325439453,0.21558904647827148,0.625,0.625
0,1,212,0.8294076919555664,0.703125,0.1120758056640625,0.19191932678222656,0.625,0.625
0,1,213,1.031043291091919,0.609375,0.13790154457092285,0.2173910140991211,0.625,0.625
0,1,214,0.793915867805481,0.703125,0.09286379814147949,0.18138718605041504,0.625,0.625
0,1,215,1.0574350357055664,0.65625,0.15494251251220703,0.23811697959899902,0.625,0.625
0,1,216,0.9250550270080566,0.65625,0.10933399200439453,0.19665265083312988,0.625,0.625
0,1,217,0.7493277788162231,0.765625,0.16272974014282227,0.2517411708831787,0.625,0.625
0,1,218,0.9938297271728516,0.65625,0.09967160224914551,0.19349265098571777,0.625,0.625
0,1,219,1.0866007804870605,0.640625,0.15817809104919434,0.24361133575439453,0.625,0.625
0,1,220,1.2523869276046753,0.59375,0.1225738525390625,0.20574092864990234,0.625,0.625
0,1,221,1.4591339826583862,0.609375,0.13193583488464355,0.2118833065032959,0.625,0.625
0,1,222,1.1462714672088623,0.59375,0.10118246078491211,0.1890397071838379,0.625,0.625
0,1,223,0.8689368963241577,0.75,0.13521146774291992,0.2159433364868164,0.625,0.625
0,1,224,1.0822551250457764,0.65625,0.10814404487609863,0.19471025466918945,0.625,0.625
0,1,225,1.259854793548584,0.5625,0.13050532341003418,0.21266722679138184,0.625,0.625
0,1,226,0.7708091735839844,0.6875,0.10649347305297852,0.18823528289794922,0.625,0.625
0,1,227,0.7827988862991333,0.796875,0.13762879371643066,0.22321295738220215,0.625,0.625
0,1,228,0.914339542388916,0.6875,0.11216402053833008,0.1949474811553955,0.625,0.625
0,1,229,1.0640901327133179,0.625,0.14090919494628906,0.22216153144836426,0.625,0.625
0,1,230,1.1172224283218384,0.640625,0.12483644485473633,0.20428204536437988,0.625,0.625
0,1,231,0.8517875671386719,0.703125,0.13530349731445312,0.22132086753845215,0.625,0.625
0,1,232,0.8252979516983032,0.703125,0.11105036735534668,0.19098901748657227,0.625,0.625
0,1,233,1.0749108791351318,0.640625,0.1512138843536377,0.23373937606811523,0.625,0.625
0,1,234,0.9417635202407837,0.671875,0.10826396942138672,0.20207858085632324,0.625,0.625
0,1,235,0.910873293876648,0.734375,0.13289284706115723,0.21576952934265137,0.625,0.625
0,1,236,0.6733641624450684,0.78125,0.1116786003112793,0.1934342384338379,0.625,0.625
0,1,237,1.070000410079956,0.625,0.13860154151916504,0.22179317474365234,0.625,0.625
0,1,238,0.9028480648994446,0.640625,0.11227107048034668,0.19717812538146973,0.625,0.625
0,1,239,1.129818081855774,0.609375,0.14121460914611816,0.22399497032165527,0.625,0.625
0,1,240,1.1607425212860107,0.625,0.11403417587280273,0.20073485374450684,0.625,0.625
0,1,241,1.1439934968948364,0.6875,0.14927077293395996,0.23388338088989258,0.625,0.625
0,1,242,0.7913854122161865,0.671875,0.1102592945098877,0.1920948028564453,0.625,0.625
0,1,243,0.9781399965286255,0.734375,0.12930083274841309,0.21398067474365234,0.625,0.625
0,1,244,1.148812174797058,0.5625,0.11274051666259766,0.1976473331451416,0.625,0.625
0,1,245,1.2863869667053223,0.484375,0.1476271152496338,0.23283910751342773,0.625,0.625
0,1,246,1.0527684688568115,0.65625,0.11077404022216797,0.19243264198303223,0.625,0.625
0,1,247,0.9016058444976807,0.671875,0.1430976390838623,0.24464011192321777,0.625,0.625
0,1,248,0.870126485824585,0.734375,0.1076209545135498,0.18956232070922852,0.625,0.625
0,1,249,1.1489123106002808,0.578125,0.13238811492919922,0.2126295566558838,0.625,0.625
0,1,250,0.871170163154602,0.625,0.11909222602844238,0.20716142654418945,0.625,0.625
0,1,251,0.769160807132721,0.734375,0.15017366409301758,0.23824524879455566,0.625,0.625
0,1,252,1.3727681636810303,0.546875,0.11842584609985352,0.20417356491088867,0.625,0.625
0,1,253,1.0694904327392578,0.625,0.14122843742370605,0.22670507431030273,0.625,0.625
0,1,254,1.2161540985107422,0.546875,0.10482597351074219,0.18514657020568848,0.625,0.625
0,1,255,0.9933143258094788,0.65625,0.13771915435791016,0.22245383262634277,0.625,0.625
0,1,256,0.9369513988494873,0.75,0.11563658714294434,0.19879770278930664,0.625,0.625
0,1,257,0.9002556800842285,0.734375,0.13129615783691406,0.21196770668029785,0.625,0.625
0,1,258,1.0752358436584473,0.625,0.10162234306335449,0.18171095848083496,0.625,0.625
0,1,259,0.8807185888290405,0.703125,0.0939638614654541,0.1696629524230957,0.625,0.625
0,2,0,0.8904579877853394,0.703125,0.0811924934387207,0.16418099403381348,0.625,0.625
0,2,1,0.77996426820755,0.6875,0.11569738388061523,0.19109511375427246,0.625,0.625
0,2,2,0.9925292730331421,0.609375,0.13780999183654785,0.2156813144683838,0.625,0.625
0,2,3,0.6865859031677246,0.71875,0.13646411895751953,0.22638988494873047,0.625,0.625
0,2,4,0.6286402940750122,0.828125,0.11954951286315918,0.21365904808044434,0.625,0.625
0,2,5,0.8995615243911743,0.671875,0.1406848430633545,0.23504638671875,0.625,0.625
0,2,6,0.8674228191375732,0.734375,0.13799118995666504,0.21960759162902832,0.625,0.625
0,2,7,0.6888610124588013,0.765625,0.1034235954284668,0.1870718002319336,0.625,0.625
0,2,8,0.7257794737815857,0.71875,0.1525883674621582,0.23768377304077148,0.625,0.625
0,2,9,0.6576260328292847,0.78125,0.12222838401794434,0.20526909828186035,0.625,0.625
0,2,10,1.094705581665039,0.625,0.13138890266418457,0.21157503128051758,0.625,0.625
0,2,11,0.7499285936355591,0.734375,0.16183257102966309,0.24063897132873535,0.625,0.625
0,2,12,0.669333815574646,0.8125,0.10997796058654785,0.1893322467803955,0.625,0.625
0,2,13,0.7350263595581055,0.75,0.15025806427001953,0.23411345481872559,0.625,0.625
0,2,14,0.6814876198768616,0.734375,0.11960244178771973,0.2035512924194336,0.625,0.625
0,2,15,0.8092035055160522,0.640625,0.1325242519378662,0.21273446083068848,0.625,0.625
0,2,16,1.0433191061019897,0.671875,0.09302854537963867,0.18598341941833496,0.625,0.625
0,2,17,0.937955379486084,0.6875,0.12679195404052734,0.21161532402038574,0.625,0.625
0,2,18,1.0846306085586548,0.609375,0.10831189155578613,0.18795990943908691,0.625,0.625
0,2,19,1.1187268495559692,0.6875,0.14960360527038574,0.2297837734222412,0.625,0.625
0,2,20,0.924982488155365,0.640625,0.09630179405212402,0.18433380126953125,0.625,0.625
0,2,21,0.8896151185035706,0.75,0.1346583366394043,0.21434617042541504,0.625,0.625
0,2,22,0.7656780481338501,0.75,0.10297131538391113,0.1887803077697754,0.625,0.625
0,2,23,0.8083555102348328,0.6875,0.15086984634399414,0.23189973831176758,0.625,0.625
0,2,24,0.8349834680557251,0.71875,0.10793423652648926,0.19870328903198242,0.625,0.625
0,2,25,0.9145833253860474,0.703125,0.14217662811279297,0.22264480590820312,0.625,0.625
0,2,26,0.7233129739761353,0.84375,0.11063075065612793,0.20006155967712402,0.625,0.625
0,2,27,0.8954055905342102,0.765625,0.12653875350952148,0.22794222831726074,0.625,0.625
0,2,28,0.7772051692008972,0.71875,0.10120153427124023,0.19595623016357422,0.625,0.625
0,2,29,1.0482385158538818,0.640625,0.14218902587890625,0.22354745864868164,0.625,0.625
0,2,30,1.0458900928497314,0.609375,0.12390804290771484,0.2079167366027832,0.625,0.625
0,2,31,0.9040709137916565,0.671875,0.14108538627624512,0.23884820938110352,0.625,0.625
0,2,32,0.7514038681983948,0.734375,0.11132502555847168,0.2011406421661377,0.625,0.625
0,2,33,0.9454026222229004,0.703125,0.13914251327514648,0.2267932891845703,0.625,0.625
0,2,34,0.9566755890846252,0.671875,0.12966036796569824,0.209151029586792,0.625,0.625
0,2,35,0.8374454975128174,0.75,0.14529657363891602,0.23028874397277832,0.625,0.625
0,2,36,0.6615437269210815,0.796875,0.1201786994934082,0.20873236656188965,0.625,0.625
0,2,37,0.7514145970344543,0.71875,0.11374044418334961,0.19668912887573242,0.625,0.625
0,2,38,0.8019886016845703,0.71875,0.13979387283325195,0.2183856964111328,0.625,0.625
0,2,39,0.696762204170227,0.78125,0.11043405532836914,0.19112515449523926,0.625,0.625
0,2,40,0.7487184405326843,0.75,0.13411664962768555,0.21605730056762695,0.625,0.625
0,2,41,0.8450835943222046,0.671875,0.10845565795898438,0.18961882591247559,0.625,0.625
0,2,42,0.6177562475204468,0.75,0.1349794864654541,0.2136068344116211,0.625,0.625
0,2,43,0.7803916931152344,0.71875,0.1386399269104004,0.2221536636352539,0.625,0.625
0,2,44,0.8736129403114319,0.65625,0.12811779975891113,0.2138519287109375,0.625,0.625
0,2,45,0.9062720537185669,0.71875,0.11049056053161621,0.19046998023986816,0.625,0.625
0,2,46,0.9669449329376221,0.703125,0.14275097846984863,0.23033404350280762,0.625,0.625
0,2,47,0.8392380475997925,0.6875,0.1425020694732666,0.2351088523864746,0.625,0.625
0,2,48,0.640463650226593,0.734375,0.1125953197479248,0.19981741905212402,0.625,0.625
0,2,49,0.7931697964668274,0.6875,0.14092230796813965,0.22055864334106445,0.625,0.625
0,2,50,0.5248306393623352,0.84375,0.10309100151062012,0.18387317657470703,0.625,0.625
0,2,51,0.6110231876373291,0.796875,0.13729643821716309,0.2206876277923584,0.625,0.625
0,2,52,0.9943121075630188,0.671875,0.11481308937072754,0.2026503086090088,0.625,0.625
0,2,53,0.8885864019393921,0.609375,0.13273143768310547,0.21059608459472656,0.625,0.625
0,2,54,0.9462771415710449,0.75,0.11868858337402344,0.2104051113128662,0.625,0.625
0,2,55,0.8009026050567627,0.75,0.14205312728881836,0.23053622245788574,0.625,0.625
0,2,56,0.7591781616210938,0.71875,0.11124682426452637,0.19676637649536133,0.625,0.625
0,2,57,0.7741203308105469,0.71875,0.13326740264892578,0.21590518951416016,0.625,0.625
0,2,58,0.8917115330696106,0.671875,0.1303403377532959,0.21297550201416016,0.625,0.625
0,2,59,0.9981194734573364,0.609375,0.1311640739440918,0.20877790451049805,0.625,0.625
0,2,60,0.7998311519622803,0.65625,0.10393357276916504,0.18680453300476074,0.625,0.625
0,2,61,0.9929550290107727,0.609375,0.1423649787902832,0.2271127700805664,0.625,0.625
0,2,62,1.1126327514648438,0.625,0.1086573600769043,0.19190406799316406,0.625,0.625
0,2,63,0.9484738111495972,0.703125,0.1560378074645996,0.2452237606048584,0.625,0.625
0,2,64,1.0567107200622559,0.59375,0.11379122734069824,0.20533537864685059,0.625,0.625
0,2,65,1.0019800662994385,0.625,0.12407064437866211,0.20721936225891113,0.625,0.625
0,2,66,0.937613308429718,0.671875,0.15982389450073242,0.24427437782287598,0.625,0.625
0,2,67,0.8056533336639404,0.703125,0.10637426376342773,0.20616459846496582,0.625,0.625
0,2,68,1.039497971534729,0.703125,0.14522147178649902,0.23315882682800293,0.625,0.625
0,2,69,0.9404306411743164,0.65625,0.10815787315368652,0.1885378360748291,0.625,0.625
0,2,70,0.7547237873077393,0.703125,0.14240503311157227,0.2228686809539795,0.625,0.625
0,2,71,0.7364025115966797,0.734375,0.10685014724731445,0.20828008651733398,0.625,0.625
0,2,72,0.7196510434150696,0.75,0.13155293464660645,0.2116553783416748,0.625,0.625
0,2,73,0.7001726031303406,0.71875,0.12007999420166016,0.2065269947052002,0.625,0.625
0,2,74,0.8381723165512085,0.734375,0.16495251655578613,0.2543051242828369,0.625,0.625
0,2,75,0.7721189260482788,0.734375,0.12347674369812012,0.2217388153076172,0.625,0.625
0,2,76,1.0727912187576294,0.65625,0.1390550136566162,0.2199554443359375,0.625,0.625
0,2,77,0.9332342147827148,0.65625,0.12562203407287598,0.21818137168884277,0.625,0.625
0,2,78,0.8933386206626892,0.71875,0.14975857734680176,0.23354768753051758,0.625,0.625
0,2,79,0.7633694410324097,0.75,0.15087652206420898,0.2370443344116211,0.625,0.625
0,2,80,0.7759361863136292,0.6875,0.1511392593383789,0.24089527130126953,0.625,0.625
0,2,81,0.8702866435050964,0.71875,0.15942764282226562,0.2601141929626465,0.625,0.625
0,2,82,0.8441606760025024,0.671875,0.11517190933227539,0.20286011695861816,0.625,0.625
0,2,83,0.83768230676651,0.671875,0.14287662506103516,0.22162461280822754,0.625,0.625
0,2,84,0.745680570602417,0.734375,0.10621237754821777,0.1862471103668213,0.625,0.625
0,2,85,0.9581632018089294,0.75,0.1367933750152588,0.21668410301208496,0.625,0.625
0,2,86,0.7606059312820435,0.796875,0.11290907859802246,0.19338393211364746,0.625,0.625
0,2,87,1.0175265073776245,0.609375,0.14008212089538574,0.2194054126739502,0.625,0.625
0,2,88,0.8604616522789001,0.640625,0.1270456314086914,0.20637273788452148,0.625,0.625
0,2,89,0.9777074456214905,0.671875,0.12982678413391113,0.20882296562194824,0.625,0.625
0,2,90,0.819415807723999,0.6875,0.10443830490112305,0.18158864974975586,0.625,0.625
0,2,91,0.6527189016342163,0.796875,0.1346147060394287,0.21212553977966309,0.625,0.625
0,2,92,0.8426487445831299,0.65625,0.10740208625793457,0.18538475036621094,0.625,0.625
0,2,93,0.8175715208053589,0.75,0.12898921966552734,0.20816516876220703,0.625,0.625
0,2,94,0.7289044260978699,0.75,0.10522937774658203,0.18555903434753418,0.625,0.625
0,2,95,0.7373592853546143,0.734375,0.12795639038085938,0.20568180084228516,0.625,0.625
0,2,96,1.0377942323684692,0.625,0.09928250312805176,0.19163227081298828,0.625,0.625
0,2,97,0.7929363250732422,0.734375,0.12151002883911133,0.20308279991149902,0.625,0.625
0,2,98,0.6526365280151367,0.8125,0.1090993881225586,0.18873190879821777,0.625,0.625
0,2,99,0.723116397857666,0.75,0.15449953079223633,0.2338881492614746,0.625,0.625
0,2,100,0.755963921546936,0.765625,0.1282486915588379,0.21510767936706543,0.625,0.625
0,2,101,0.8740299940109253,0.703125,0.11395764350891113,0.19812703132629395,0.625,0.625
0,2,102,0.9463672041893005,0.65625,0.141068696975708,0.23125672340393066,0.625,0.625
0,2,103,0.9474053382873535,0.671875,0.10834026336669922,0.19318914413452148,0.625,0.625
0,2,104,0.7137829661369324,0.703125,0.13242030143737793,0.21378588676452637,0.625,0.625
0,2,105,1.0891480445861816,0.640625,0.10207390785217285,0.1876065731048584,0.625,0.625
0,2,106,0.930833101272583,0.71875,0.13910222053527832,0.22481679916381836,0.625,0.625
0,2,107,1.0357954502105713,0.640625,0.10632562637329102,0.1894383430480957,0.625,0.625
0,2,108,1.0862197875976562,0.671875,0.13372015953063965,0.21215462684631348,0.625,0.625
0,2,109,0.8536272048950195,0.6875,0.10890650749206543,0.1875598430633545,0.625,0.625
0,2,110,0.808754563331604,0.734375,0.14125871658325195,0.22337746620178223,0.625,0.625
0,2,111,1.0737894773483276,0.578125,0.11179423332214355,0.19781756401062012,0.625,0.625
0,2,112,1.031044602394104,0.578125,0.13483452796936035,0.21735835075378418,0.625,0.625
0,2,113,0.9971684217453003,0.640625,0.13309001922607422,0.21442198753356934,0.625,0.625
0,2,114,0.8433951735496521,0.703125,0.13008499145507812,0.21087026596069336,0.625,0.625
0,2,115,0.8097394704818726,0.703125,0.1095280647277832,0.18734025955200195,0.625,0.625
0,2,116,0.8461888432502747,0.6875,0.14168190956115723,0.22272443771362305,0.625,0.625
0,2,117,0.9442601203918457,0.703125,0.09592247009277344,0.18374991416931152,0.625,0.625
0,2,118,0.8435812592506409,0.71875,0.14852666854858398,0.23521852493286133,0.625,0.625
0,2,119,0.6474695205688477,0.734375,0.10966968536376953,0.19202780723571777,0.625,0.625
0,2,120,0.8250741958618164,0.734375,0.14797616004943848,0.22839641571044922,0.625,0.625
0,2,121,0.8456677198410034,0.71875,0.11147403717041016,0.19813251495361328,0.625,0.625
0,2,122,0.9967343211174011,0.65625,0.1574878692626953,0.23889470100402832,0.625,0.625
0,2,123,0.8029302358627319,0.703125,0.13469266891479492,0.21279621124267578,0.625,0.625
0,2,124,0.8635053038597107,0.703125,0.16467809677124023,0.24324917793273926,0.625,0.625
0,2,125,0.7336617708206177,0.75,0.11174702644348145,0.19770002365112305,0.625,0.625
0,2,126,0.9121791124343872,0.734375,0.14367341995239258,0.2234480381011963,0.625,0.625
0,2,127,0.8827047348022461,0.65625,0.1376960277557373,0.22268390655517578,0.625,0.625
0,2,128,1.017594337463379,0.609375,0.12886285781860352,0.2139890193939209,0.625,0.625
0,2,129,0.8648041486740112,0.671875,0.1090235710144043,0.19878888130187988,0.625,0.625
0,2,130,0.9815049171447754,0.75,0.12233448028564453,0.20793628692626953,0.625,0.625
0,2,131,0.838340699672699,0.765625,0.10602283477783203,0.18706583976745605,0.625,0.625
0,2,132,0.8509028553962708,0.703125,0.14375829696655273,0.22896718978881836,0.625,0.625
0,2,133,0.8095734119415283,0.71875,0.10970664024353027,0.19065260887145996,0.625,0.625
0,2,134,0.9160546064376831,0.6875,0.15722918510437012,0.23898959159851074,0.625,0.625
0,2,135,0.8523200154304504,0.671875,0.11323165893554688,0.20406150817871094,0.625,0.625
0,2,136,0.9790709018707275,0.703125,0.14748573303222656,0.22767353057861328,0.625,0.625
0,2,137,0.9167743921279907,0.703125,0.11523056030273438,0.19507145881652832,0.625,0.625
0,2,138,0.8295737504959106,0.703125,0.13129329681396484,0.21552062034606934,0.625,0.625
0,2,139,0.7947678565979004,0.71875,0.10824799537658691,0.19812226295471191,0.625,0.625
0,2,140,0.8892634510993958,0.6875,0.13585543632507324,0.21743106842041016,0.625,0.625
0,2,141,0.8456484079360962,0.71875,0.10588216781616211,0.18440985679626465,0.625,0.625
0,2,142,1.0516963005065918,0.75,0.1475236415863037,0.22687792778015137,0.625,0.625
0,2,143,0.6734405159950256,0.78125,0.11713457107543945,0.19724798202514648,0.625,0.625
0,2,144,0.844202995300293,0.71875,0.14119768142700195,0.22539210319519043,0.625,0.625
0,2,145,0.6960939168930054,0.765625,0.1164848804473877,0.20284342765808105,0.625,0.625
0,2,146,1.1235159635543823,0.546875,0.11513733863830566,0.19936084747314453,0.625,0.625
0,2,147,0.9533426761627197,0.703125,0.13957881927490234,0.22515368461608887,0.625,0.625
0,2,148,0.8400045037269592,0.71875,0.08987903594970703,0.18529772758483887,0.625,0.625
0,2,149,0.7083070278167725,0.734375,0.13881945610046387,0.22000646591186523,0.625,0.625
0,2,150,0.8231915235519409,0.671875,0.11206459999084473,0.2097487449645996,0.625,0.625
0,2,151,0.8607156276702881,0.734375,0.13455462455749512,0.22006821632385254,0.625,0.625
0,2,152,0.9131399393081665,0.6875,0.11725211143493652,0.20241379737854004,0.625,0.625
0,2,153,0.6017910242080688,0.8125,0.14464664459228516,0.23195600509643555,0.625,0.625
0,2,154,0.7765865325927734,0.734375,0.09949254989624023,0.18072152137756348,0.625,0.625
0,2,155,0.9502295255661011,0.6875,0.15732288360595703,0.2371506690979004,0.625,0.625
0,2,156,0.8638367652893066,0.734375,0.10295844078063965,0.18120217323303223,0.625,0.625
0,2,157,0.7756309509277344,0.671875,0.1320960521697998,0.21747875213623047,0.625,0.625
0,2,158,0.7554988861083984,0.765625,0.11081528663635254,0.1952981948852539,0.625,0.625
0,2,159,1.0200190544128418,0.609375,0.13302993774414062,0.21231508255004883,0.625,0.625
0,2,160,0.8708703517913818,0.71875,0.10755538940429688,0.18802762031555176,0.625,0.625
0,2,161,0.7400858402252197,0.8125,0.12515640258789062,0.20388078689575195,0.625,0.625
0,2,162,0.7745809555053711,0.734375,0.10254859924316406,0.1837761402130127,0.625,0.625
0,2,163,0.79316246509552,0.734375,0.13498449325561523,0.21433043479919434,0.625,0.625
0,2,164,0.986723005771637,0.59375,0.10093379020690918,0.18360114097595215,0.625,0.625
0,2,165,0.8482567071914673,0.671875,0.13879036903381348,0.22030305862426758,0.625,0.625
0,2,166,1.0367095470428467,0.671875,0.11553025245666504,0.19794082641601562,0.625,0.625
0,2,167,0.9457268118858337,0.703125,0.13485980033874512,0.21413564682006836,0.625,0.625
0,2,168,0.7232390642166138,0.71875,0.11263465881347656,0.20332837104797363,0.625,0.625
0,2,169,0.9264930486679077,0.6875,0.12410759925842285,0.21275877952575684,0.625,0.625
0,2,170,1.0403767824172974,0.625,0.10387396812438965,0.1958451271057129,0.625,0.625
0,2,171,0.969982922077179,0.625,0.131117582321167,0.2124919891357422,0.625,0.625
0,2,172,1.0114469528198242,0.5625,0.10778594017028809,0.1862492561340332,0.625,0.625
0,2,173,0.6721591949462891,0.75,0.15525031089782715,0.23607945442199707,0.625,0.625
0,2,174,1.1727755069732666,0.625,0.10715031623840332,0.19591426849365234,0.625,0.625
0,2,175,0.805333137512207,0.78125,0.1333017349243164,0.22156333923339844,0.625,0.625
0,2,176,0.6863174438476562,0.796875,0.11739516258239746,0.2050473690032959,0.625,0.625
0,2,177,0.8956554532051086,0.625,0.13927221298217773,0.22231221199035645,0.625,0.625
0,2,178,0.887678861618042,0.6875,0.11341166496276855,0.1931445598602295,0.625,0.625
0,2,179,0.8235294222831726,0.734375,0.1375291347503662,0.21799349784851074,0.625,0.625
0,2,180,0.7710986137390137,0.71875,0.09578847885131836,0.18379664421081543,0.625,0.625
0,2,181,0.9052842855453491,0.65625,0.12579846382141113,0.21432089805603027,0.625,0.625
0,2,182,0.8274418115615845,0.734375,0.11492466926574707,0.19495558738708496,0.625,0.625
0,2,183,0.5710228681564331,0.75,0.15817737579345703,0.24023151397705078,0.625,0.625
0,2,184,1.0804402828216553,0.71875,0.13917183876037598,0.21718287467956543,0.625,0.625
0,2,185,1.0357341766357422,0.640625,0.1329813003540039,0.21090126037597656,0.625,0.625
0,2,186,0.8086940050125122,0.6875,0.11019110679626465,0.19114899635314941,0.625,0.625
0,2,187,0.9335572719573975,0.671875,0.13392257690429688,0.21681928634643555,0.625,0.625
0,2,188,0.7737463712692261,0.734375,0.10609936714172363,0.18496370315551758,0.625,0.625
0,2,189,0.8245283365249634,0.703125,0.13168120384216309,0.21247458457946777,0.625,0.625
0,2,190,0.8165760040283203,0.75,0.10455608367919922,0.19045376777648926,0.625,0.625
0,2,191,0.5346212983131409,0.84375,0.12808537483215332,0.20682954788208008,0.625,0.625
0,2,192,0.7943433523178101,0.796875,0.13262319564819336,0.2156844139099121,0.625,0.625
0,2,193,1.1422868967056274,0.609375,0.11769914627075195,0.1974809169769287,0.625,0.625
0,2,194,0.8068825006484985,0.734375,0.12919402122497559,0.2169506549835205,0.625,0.625
0,2,195,0.6647034883499146,0.765625,0.11684584617614746,0.19776153564453125,0.625,0.625
0,2,196,0.5547629594802856,0.796875,0.10304903984069824,0.18778586387634277,0.625,0.625
0,2,197,0.8628088235855103,0.703125,0.12955522537231445,0.20996499061584473,0.625,0.625
0,2,198,0.7530320882797241,0.6875,0.11129426956176758,0.19257164001464844,0.625,0.625
0,2,199,0.8191117644309998,0.765625,0.1490769386291504,0.24967193603515625,0.625,0.625
0,2,200,1.063055396080017,0.65625,0.11573100090026855,0.19860386848449707,0.625,0.625
0,2,201,0.7735447883605957,0.71875,0.12862420082092285,0.20814847946166992,0.625,0.625
0,2,202,0.807519257068634,0.734375,0.1088404655456543,0.18893980979919434,0.625,0.625
0,2,203,0.779658317565918,0.734375,0.13042473793029785,0.20931625366210938,0.625,0.625
0,2,204,0.7241442203521729,0.78125,0.10066390037536621,0.18065118789672852,0.625,0.625
0,2,205,0.9878000020980835,0.703125,0.1258862018585205,0.20779800415039062,0.625,0.625
0,2,206,0.5856935381889343,0.8125,0.1091921329498291,0.19246268272399902,0.625,0.625
0,2,207,0.8471423983573914,0.6875,0.1320040225982666,0.21507740020751953,0.625,0.625
0,2,208,0.8543576598167419,0.6875,0.11463356018066406,0.20827436447143555,0.625,0.625
0,2,209,0.7662615776062012,0.71875,0.12917542457580566,0.21557116508483887,0.625,0.625
0,2,210,0.701644778251648,0.671875,0.11540079116821289,0.19978594779968262,0.625,0.625
0,2,211,0.7088979482650757,0.75,0.10051345825195312,0.181260347366333,0.625,0.625
0,2,212,0.6943750381469727,0.734375,0.13358855247497559,0.22561240196228027,0.625,0.625
0,2,213,0.6549855470657349,0.75,0.11097931861877441,0.18935275077819824,0.625,0.625
0,2,214,0.9157610535621643,0.65625,0.13501977920532227,0.2142636775970459,0.625,0.625
0,2,215,0.5679112672805786,0.8125,0.12445282936096191,0.20703601837158203,0.625,0.625
0,2,216,0.7211534380912781,0.796875,0.14351773262023926,0.22843599319458008,0.625,0.625
0,2,217,0.6753939390182495,0.765625,0.09397459030151367,0.19208073616027832,0.625,0.625
0,2,218,0.7904216647148132,0.6875,0.14109563827514648,0.222306489944458,0.625,0.625
0,2,219,0.8186972737312317,0.71875,0.10364937782287598,0.19223761558532715,0.625,0.625
0,2,220,0.9857006072998047,0.671875,0.13269972801208496,0.21222281455993652,0.625,0.625
0,2,221,0.7906184792518616,0.703125,0.10940265655517578,0.19240212440490723,0.625,0.625
0,2,222,0.7839328646659851,0.6875,0.13268280029296875,0.21583271026611328,0.625,0.625
0,2,223,0.7329901456832886,0.703125,0.11040997505187988,0.19134950637817383,0.625,0.625
0,2,224,1.0157179832458496,0.59375,0.15909647941589355,0.244049072265625,0.625,0.625
0,2,225,0.830201268196106,0.734375,0.10444331169128418,0.18496084213256836,0.625,0.625
0,2,226,0.7724668383598328,0.78125,0.14708638191223145,0.22708630561828613,0.625,0.625
0,2,227,0.7909865975379944,0.734375,0.14148449897766113,0.2774498462677002,0.625,0.625
0,2,228,0.8563802242279053,0.671875,0.12638616561889648,0.2061614990234375,0.625,0.625
0,2,229,0.7587133049964905,0.765625,0.11031222343444824,0.19051432609558105,0.625,0.625
0,2,230,0.8822984099388123,0.65625,0.14359545707702637,0.22365212440490723,0.625,0.625
0,2,231,0.589255154132843,0.796875,0.1067512035369873,0.1865525245666504,0.625,0.625
0,2,232,0.7607607841491699,0.78125,0.13163185119628906,0.20808005332946777,0.625,0.625
0,2,233,0.929192304611206,0.71875,0.10425186157226562,0.18276143074035645,0.625,0.625
0,2,234,1.0934584140777588,0.5625,0.13749456405639648,0.21664047241210938,0.625,0.625
0,2,235,0.5345578193664551,0.828125,0.12959027290344238,0.20876026153564453,0.625,0.625
0,2,236,0.7664549350738525,0.75,0.13050127029418945,0.21527671813964844,0.625,0.625
0,2,237,0.7915080785751343,0.71875,0.12386918067932129,0.20874834060668945,0.625,0.625
0,2,238,1.0421533584594727,0.59375,0.13821172714233398,0.2164928913116455,0.625,0.625
0,2,239,0.7769451141357422,0.78125,0.11443281173706055,0.1984703540802002,0.625,0.625
0,2,240,0.6020212769508362,0.78125,0.14142322540283203,0.22684431076049805,0.625,0.625
0,2,241,0.7853392362594604,0.734375,0.11212706565856934,0.2010960578918457,0.625,0.625
0,2,242,0.8638558387756348,0.65625,0.1275341510772705,0.21116399765014648,0.625,0.625
0,2,243,0.6236387491226196,0.78125,0.10696601867675781,0.19058585166931152,0.625,0.625
0,2,244,1.167288064956665,0.59375,0.1378345489501953,0.21953153610229492,0.625,0.625
0,2,245,0.8457554578781128,0.71875,0.11304450035095215,0.19385385513305664,0.625,0.625
0,2,246,1.0523136854171753,0.625,0.1470181941986084,0.23415803909301758,0.625,0.625
0,2,247,1.0958532094955444,0.640625,0.10737013816833496,0.189194917678833,0.625,0.625
0,2,248,0.8095792531967163,0.75,0.13868474960327148,0.22419071197509766,0.625,0.625
0,2,249,0.8032636642456055,0.734375,0.1349318027496338,0.22652482986450195,0.625,0.625
0,2,250,1.174160122871399,0.578125,0.12145185470581055,0.20242094993591309,0.625,0.625
0,2,251,0.7422230243682861,0.71875,0.10454297065734863,0.1924135684967041,0.625,0.625
0,2,252,0.8521057963371277,0.6875,0.1496284008026123,0.23522615432739258,0.625,0.625
0,2,253,0.8038115501403809,0.71875,0.12607121467590332,0.2123405933380127,0.625,0.625
0,2,254,1.0192885398864746,0.625,0.10224461555480957,0.18549108505249023,0.625,0.625
0,2,255,1.0332739353179932,0.703125,0.14868998527526855,0.22958946228027344,0.625,0.625
0,2,256,0.8045661449432373,0.6875,0.11559915542602539,0.19550132751464844,0.625,0.625
0,2,257,0.9962273240089417,0.671875,0.1425487995147705,0.23378872871398926,0.625,0.625
0,2,258,0.9667624235153198,0.609375,0.10083699226379395,0.18519377708435059,0.625,0.625
0,2,259,0.8150968551635742,0.734375,0.14178180694580078,0.22259092330932617,0.625,0.625
0,3,0,0.5404588580131531,0.796875,0.08151984214782715,0.17185020446777344,0.625,0.625
0,3,1,0.5997723340988159,0.796875,0.10332179069519043,0.1840348243713379,0.625,0.625
0,3,2,0.5349472761154175,0.828125,0.11699438095092773,0.19887447357177734,0.625,0.625
0,3,3,0.6252343654632568,0.765625,0.15276646614074707,0.2355198860168457,0.625,0.625
0,3,4,0.5806631445884705,0.8125,0.12587308883666992,0.218278169631958,0.625,0.625
0,3,5,0.6550925970077515,0.78125,0.12941908836364746,0.22449469566345215,0.625,0.625
0,3,6,0.9382129311561584,0.671875,0.14061808586120605,0.2218644618988037,0.625,0.625
0,3,7,0.53867506980896,0.8125,0.12417078018188477,0.2021620273590088,0.625,0.625
0,3,8,0.9619672298431396,0.65625,0.13572430610656738,0.22390508651733398,0.625,0.625
0,3,9,0.6235930919647217,0.8125,0.12662410736083984,0.2137608528137207,0.625,0.625
0,3,10,0.6169384717941284,0.828125,0.1066591739654541,0.18851399421691895,0.625,0.625
0,3,11,0.6075321435928345,0.8125,0.15722870826721191,0.23395013809204102,0.625,0.625
0,3,12,0.647182822227478,0.78125,0.10843920707702637,0.18906784057617188,0.625,0.625
0,3,13,0.5510239005088806,0.796875,0.13796567916870117,0.2166731357574463,0.625,0.625
0,3,14,0.5506077408790588,0.8125,0.11165928840637207,0.19306421279907227,0.625,0.625
0,3,15,0.9229854941368103,0.6875,0.1392371654510498,0.21920061111450195,0.625,0.625
0,3,16,0.4886956214904785,0.875,0.11037826538085938,0.1898784637451172,0.625,0.625
0,3,17,0.6587814688682556,0.765625,0.13540339469909668,0.2201218605041504,0.625,0.625
0,3,18,0.5787025690078735,0.8125,0.11045622825622559,0.19794368743896484,0.625,0.625
0,3,19,0.6448142528533936,0.796875,0.1487276554107666,0.22843551635742188,0.625,0.625
0,3,20,0.7353094816207886,0.796875,0.11299753189086914,0.192230224609375,0.625,0.625
0,3,21,0.48120394349098206,0.859375,0.1608414649963379,0.254378080368042,0.625,0.625
0,3,22,0.7000374794006348,0.75,0.1749434471130371,0.27766966819763184,0.625,0.625
0,3,23,0.566415548324585,0.828125,0.1643695831298828,0.25964856147766113,0.625,0.625
0,3,24,0.6015224456787109,0.78125,0.1120293140411377,0.19433379173278809,0.625,0.625
0,3,25,0.7855303883552551,0.75,0.18137574195861816,0.28223443031311035,0.625,0.625
0,3,26,0.6682961583137512,0.75,0.13907146453857422,0.23827219009399414,0.625,0.625
0,3,27,0.6138616800308228,0.8125,0.14887547492980957,0.24200105667114258,0.625,0.625
0,3,28,0.8241403102874756,0.703125,0.11397933959960938,0.19672513008117676,0.625,0.625
0,3,29,0.6582762002944946,0.84375,0.14264583587646484,0.2198772430419922,0.625,0.625
0,3,30,0.6361441612243652,0.765625,0.10106921195983887,0.17839670181274414,0.625,0.625
0,3,31,0.6769716739654541,0.765625,0.12653398513793945,0.2076737880706787,0.625,0.625
0,3,32,0.7103689908981323,0.84375,0.09357190132141113,0.18696928024291992,0.625,0.625
0,3,33,0.6889268159866333,0.78125,0.12918353080749512,0.21242523193359375,0.625,0.625
0,3,34,0.6640487909317017,0.75,0.10060381889343262,0.18362140655517578,0.625,0.625
0,3,35,0.5695253610610962,0.78125,0.13626670837402344,0.21503162384033203,0.625,0.625
0,3,36,0.7092866897583008,0.796875,0.11952757835388184,0.19792890548706055,0.625,0.625
0,3,37,0.8462632298469543,0.6875,0.1313765048980713,0.2093360424041748,0.625,0.625
0,3,38,0.7066056728363037,0.734375,0.10394668579101562,0.18149995803833008,0.625,0.625
0,3,39,0.7987074851989746,0.71875,0.1290147304534912,0.20656728744506836,0.625,0.625
0,3,40,0.6836687326431274,0.71875,0.10068440437316895,0.1775679588317871,0.625,0.625
0,3,41,0.6914688348770142,0.75,0.13190460205078125,0.2094130516052246,0.625,0.625
0,3,42,0.6509981155395508,0.78125,0.10261845588684082,0.1852867603302002,0.625,0.625
0,3,43,0.44539549946784973,0.859375,0.12891077995300293,0.20840072631835938,0.625,0.625
0,3,44,0.6680803298950195,0.84375,0.1039886474609375,0.18335461616516113,0.625,0.625
0,3,45,0.6481184959411621,0.8125,0.1317887306213379,0.20856857299804688,0.625,0.625
0,3,46,0.5148046016693115,0.78125,0.10715842247009277,0.18616890907287598,0.625,0.625
0,3,47,0.7269951105117798,0.734375,0.12361335754394531,0.20081090927124023,0.625,0.625
0,3,48,0.6453041434288025,0.75,0.11657381057739258,0.196058988571167,0.625,0.625
0,3,49,0.674200713634491,0.765625,0.13642454147338867,0.21880245208740234,0.625,0.625
0,3,50,0.6000148057937622,0.78125,0.11046934127807617,0.19297146797180176,0.625,0.625
0,3,51,0.5586937665939331,0.734375,0.15131115913391113,0.24374008178710938,0.625,0.625
0,3,52,0.735607385635376,0.765625,0.138777494430542,0.23421812057495117,0.625,0.625
0,3,53,0.6011839509010315,0.8125,0.18326640129089355,0.27292370796203613,0.625,0.625
0,3,54,0.6316353678703308,0.828125,0.11925911903381348,0.20853877067565918,0.625,0.625
0,3,55,0.646979570388794,0.78125,0.14921045303344727,0.23848223686218262,0.625,0.625
0,3,56,0.6306097507476807,0.78125,0.13008522987365723,0.22937703132629395,0.625,0.625
0,3,57,0.6172462105751038,0.828125,0.1469583511352539,0.24301552772521973,0.625,0.625
0,3,58,0.5177792310714722,0.828125,0.1540088653564453,0.24402904510498047,0.625,0.625
0,3,59,0.8999969363212585,0.671875,0.14420652389526367,0.2424640655517578,0.625,0.625
0,3,60,0.7322527170181274,0.734375,0.13049077987670898,0.21693873405456543,0.625,0.625
0,3,61,0.8701801300048828,0.734375,0.15679669380187988,0.24273920059204102,0.625,0.625
0,3,62,0.5903760194778442,0.75,0.12364816665649414,0.20342326164245605,0.625,0.625
0,3,63,0.5434750318527222,0.828125,0.12312769889831543,0.20361995697021484,0.625,0.625
0,3,64,0.7916789054870605,0.75,0.16599678993225098,0.25463104248046875,0.625,0.625
0,3,65,0.839093804359436,0.6875,0.11491250991821289,0.20602846145629883,0.625,0.625
0,3,66,0.5125141143798828,0.828125,0.14151692390441895,0.22179174423217773,0.625,0.625
0,3,67,0.8454554080963135,0.71875,0.1140129566192627,0.20452642440795898,0.625,0.625
0,3,68,0.5674034357070923,0.78125,0.14608144760131836,0.22458577156066895,0.625,0.625
0,3,69,1.145066499710083,0.65625,0.10880613327026367,0.19140338897705078,0.625,0.625
0,3,70,0.8077857494354248,0.703125,0.14410758018493652,0.22964262962341309,0.625,0.625
0,3,71,0.7786871194839478,0.734375,0.12804675102233887,0.2144765853881836,0.625,0.625
0,3,72,0.7990531325340271,0.703125,0.14932775497436523,0.23440766334533691,0.625,0.625
0,3,73,0.7325628995895386,0.71875,0.11599063873291016,0.21189212799072266,0.625,0.625
0,3,74,0.4724004864692688,0.828125,0.15559864044189453,0.2465200424194336,0.625,0.625
0,3,75,0.8483301401138306,0.703125,0.1278698444366455,0.2121593952178955,0.625,0.625
0,3,76,0.7002646327018738,0.796875,0.1441328525543213,0.23479032516479492,0.625,0.625
0,3,77,0.7532773017883301,0.796875,0.10368585586547852,0.18602943420410156,0.625,0.625
0,3,78,0.6069595813751221,0.765625,0.12597131729125977,0.20901751518249512,0.625,0.625
0,3,79,0.7570161819458008,0.734375,0.10703730583190918,0.18524503707885742,0.625,0.625
0,3,80,0.8552700877189636,0.765625,0.1391313076019287,0.21958088874816895,0.625,0.625
0,3,81,0.8844733238220215,0.671875,0.11306309700012207,0.1958625316619873,0.625,0.625
0,3,82,0.858035683631897,0.671875,0.15053558349609375,0.23424291610717773,0.625,0.625
0,3,83,0.643019437789917,0.78125,0.10910725593566895,0.19585919380187988,0.625,0.625
0,3,84,0.5595684051513672,0.78125,0.13644742965698242,0.21529364585876465,0.625,0.625
0,3,85,0.598986804485321,0.796875,0.11856412887573242,0.21180224418640137,0.625,0.625
0,3,86,0.6812249422073364,0.703125,0.14980101585388184,0.2393805980682373,0.625,0.625
0,3,87,0.9479500651359558,0.71875,0.11227893829345703,0.20109009742736816,0.625,0.625
0,3,88,0.736829400062561,0.75,0.14262962341308594,0.23447513580322266,0.625,0.625
0,3,89,0.7138997912406921,0.796875,0.11863207817077637,0.22093462944030762,0.625,0.625
0,3,90,0.8847946524620056,0.734375,0.1295945644378662,0.22016477584838867,0.625,0.625
0,3,91,0.6104679107666016,0.8125,0.10548853874206543,0.18895912170410156,0.625,0.625
0,3,92,0.6154187321662903,0.796875,0.14593243598937988,0.22554755210876465,0.625,0.625
0,3,93,0.7669001817703247,0.703125,0.10470819473266602,0.19600939750671387,0.625,0.625
0,3,94,0.4739130139350891,0.84375,0.1494443416595459,0.24278569221496582,0.625,0.625
0,3,95,0.8075956702232361,0.703125,0.13683390617370605,0.22236180305480957,0.625,0.625
0,3,96,1.0024068355560303,0.71875,0.13921642303466797,0.2250678539276123,0.625,0.625
0,3,97,0.5661929845809937,0.859375,0.11545610427856445,0.20475268363952637,0.625,0.625
0,3,98,0.8833169341087341,0.703125,0.14254403114318848,0.22120285034179688,0.625,0.625
0,3,99,0.7880895733833313,0.734375,0.11353397369384766,0.19654035568237305,0.625,0.625
0,3,100,0.6151043176651001,0.765625,0.136322021484375,0.21407151222229004,0.625,0.625
0,3,101,0.6662209033966064,0.796875,0.10357522964477539,0.18729782104492188,0.625,0.625
0,3,102,0.730341911315918,0.734375,0.1396644115447998,0.22492003440856934,0.625,0.625
0,3,103,0.5458090305328369,0.8125,0.10636186599731445,0.18880295753479004,0.625,0.625
0,3,104,0.5478003621101379,0.78125,0.1411149501800537,0.22020387649536133,0.625,0.625
0,3,105,0.7929984331130981,0.703125,0.10425472259521484,0.18663430213928223,0.625,0.625
0,3,106,0.8736331462860107,0.671875,0.13671636581420898,0.22506475448608398,0.625,0.625
0,3,107,0.8423109650611877,0.640625,0.11047911643981934,0.20110678672790527,0.625,0.625
0,3,108,1.0517845153808594,0.65625,0.14487123489379883,0.23270106315612793,0.625,0.625
0,3,109,0.6705883741378784,0.796875,0.11686372756958008,0.2020719051361084,0.625,0.625
0,3,110,0.7454277276992798,0.703125,0.1455092430114746,0.221665620803833,0.625,0.625
0,3,111,0.9685085415840149,0.65625,0.10883378982543945,0.19347763061523438,0.625,0.625
0,3,112,0.6239029169082642,0.765625,0.13191652297973633,0.22268080711364746,0.625,0.625
0,3,113,0.844025194644928,0.734375,0.11727666854858398,0.20711946487426758,0.625,0.625
0,3,114,0.7765001058578491,0.78125,0.13214993476867676,0.21097946166992188,0.625,0.625
0,3,115,0.4568268656730652,0.828125,0.11538076400756836,0.1988508701324463,0.625,0.625
0,3,116,0.7475796937942505,0.71875,0.1409776210784912,0.2217104434967041,0.625,0.625
0,3,117,0.587848424911499,0.796875,0.12374138832092285,0.21725678443908691,0.625,0.625
0,3,118,0.7636407613754272,0.765625,0.129472017288208,0.21137714385986328,0.625,0.625
0,3,119,0.6926732659339905,0.75,0.10319995880126953,0.18607258796691895,0.625,0.625
0,3,120,0.8530921339988708,0.65625,0.142317533493042,0.21992230415344238,0.625,0.625
0,3,121,0.7509755492210388,0.71875,0.10808610916137695,0.1882326602935791,0.625,0.625
0,3,122,0.670147180557251,0.78125,0.14142227172851562,0.22029352188110352,0.625,0.625
0,3,123,0.8487874865531921,0.6875,0.12470412254333496,0.20952534675598145,0.625,0.625
0,3,124,0.586470901966095,0.796875,0.13688063621520996,0.2177143096923828,0.625,0.625
0,3,125,0.6283450126647949,0.765625,0.10518980026245117,0.18244075775146484,0.625,0.625
0,3,126,0.8609824776649475,0.6875,0.15334081649780273,0.23381328582763672,0.625,0.625
0,3,127,0.5538375377655029,0.796875,0.1110224723815918,0.1913142204284668,0.625,0.625
0,3,128,0.8054450750350952,0.703125,0.13220977783203125,0.2173619270324707,0.625,0.625
0,3,129,0.7865400910377502,0.703125,0.10491442680358887,0.19031310081481934,0.625,0.625
0,3,130,1.0953524112701416,0.578125,0.14367985725402832,0.22726035118103027,0.625,0.625
0,3,131,0.5797837972640991,0.8125,0.11953520774841309,0.1979997158050537,0.625,0.625
0,3,132,0.8379360437393188,0.71875,0.1371898651123047,0.2222423553466797,0.625,0.625
0,3,133,0.813971996307373,0.625,0.10313010215759277,0.18248605728149414,0.625,0.625
0,3,134,0.7174029350280762,0.765625,0.13389110565185547,0.2240898609161377,0.625,0.625
0,3,135,0.8859005570411682,0.65625,0.09818601608276367,0.19478964805603027,0.625,0.625
0,3,136,0.8281993865966797,0.71875,0.1269397735595703,0.20386934280395508,0.625,0.625
0,3,137,0.8268605470657349,0.71875,0.12201523780822754,0.20030975341796875,0.625,0.625
0,3,138,0.6363512277603149,0.703125,0.13040375709533691,0.2104802131652832,0.625,0.625
0,3,139,0.7652266025543213,0.765625,0.10893082618713379,0.1872878074645996,0.625,0.625
0,3,140,0.7453125715255737,0.703125,0.15039300918579102,0.22997641563415527,0.625,0.625
0,3,141,0.6116373538970947,0.78125,0.10614728927612305,0.18624091148376465,0.625,0.625
0,3,142,0.8492355346679688,0.71875,0.15071702003479004,0.23844575881958008,0.625,0.625
0,3,143,0.7889271974563599,0.703125,0.10635852813720703,0.1879734992980957,0.625,0.625
0,3,144,0.6002832055091858,0.78125,0.12755894660949707,0.20651817321777344,0.625,0.625
0,3,145,0.6277999877929688,0.796875,0.10597348213195801,0.18569731712341309,0.625,0.625
0,3,146,0.5422502756118774,0.796875,0.14919447898864746,0.22930550575256348,0.625,0.625
0,3,147,0.809410572052002,0.671875,0.11766219139099121,0.20271968841552734,0.625,0.625
0,3,148,0.581366777420044,0.796875,0.1353442668914795,0.21620512008666992,0.625,0.625
0,3,149,0.6492319107055664,0.734375,0.12732696533203125,0.2081608772277832,0.625,0.625
0,3,150,0.9020655751228333,0.671875,0.1358778476715088,0.22142815589904785,0.625,0.625
0,3,151,0.7099184989929199,0.765625,0.11626696586608887,0.20211052894592285,0.625,0.625
0,3,152,0.7182621359825134,0.8125,0.14152169227600098,0.2192385196685791,0.625,0.625
0,3,153,0.5755810737609863,0.84375,0.10469603538513184,0.1957714557647705,0.625,0.625
0,3,154,0.9010937809944153,0.703125,0.13917112350463867,0.22962546348571777,0.625,0.625
0,3,155,0.49028387665748596,0.859375,0.09332537651062012,0.18282032012939453,0.625,0.625
0,3,156,0.814621090888977,0.734375,0.13648366928100586,0.21416664123535156,0.625,0.625
0,3,157,0.4930863380432129,0.84375,0.10813403129577637,0.18709707260131836,0.625,0.625
0,3,158,0.7716532945632935,0.734375,0.12610507011413574,0.20549297332763672,0.625,0.625
0,3,159,0.6571109294891357,0.78125,0.140716552734375,0.22761321067810059,0.625,0.625
0,3,160,0.6951277256011963,0.75,0.12057828903198242,0.20127248764038086,0.625,0.625
0,3,161,0.7935388088226318,0.734375,0.13457798957824707,0.21454930305480957,0.625,0.625
0,3,162,0.76632159948349,0.765625,0.10870218276977539,0.1895766258239746,0.625,0.625
0,3,163,0.8047252893447876,0.6875,0.14060544967651367,0.22381949424743652,0.625,0.625
0,3,164,0.7508239150047302,0.75,0.12720584869384766,0.2055661678314209,0.625,0.625
0,3,165,0.6232144236564636,0.734375,0.13970446586608887,0.2255105972290039,0.625,0.625
0,3,166,0.878338634967804,0.65625,0.13147568702697754,0.21384811401367188,0.625,0.625
0,3,167,0.728661298751831,0.71875,0.1257009506225586,0.2051844596862793,0.625,0.625
0,3,168,0.5978395342826843,0.75,0.1072702407836914,0.19437909126281738,0.625,0.625
0,3,169,0.5394777059555054,0.796875,0.13349628448486328,0.22157001495361328,0.625,0.625
0,3,170,0.5862435102462769,0.796875,0.10030865669250488,0.18256902694702148,0.625,0.625
0,3,171,0.6313016414642334,0.734375,0.12687349319458008,0.20938754081726074,0.625,0.625
0,3,172,0.5924718976020813,0.796875,0.10855603218078613,0.19014978408813477,0.625,0.625
0,3,173,0.6915055513381958,0.75,0.13085055351257324,0.21275997161865234,0.625,0.625
0,3,174,0.8550572395324707,0.734375,0.11991095542907715,0.19865202903747559,0.625,0.625
0,3,175,0.9591024518013,0.640625,0.1341562271118164,0.21848559379577637,0.625,0.625
0,3,176,0.6838116645812988,0.765625,0.10978412628173828,0.19501018524169922,0.625,0.625
0,3,177,0.8100510239601135,0.703125,0.12639856338500977,0.20749688148498535,0.625,0.625
0,3,178,0.9586186408996582,0.65625,0.12059950828552246,0.2120959758758545,0.625,0.625
0,3,179,0.8909620046615601,0.6875,0.1351020336151123,0.21727752685546875,0.625,0.625
0,3,180,0.8755520582199097,0.671875,0.10366106033325195,0.19426536560058594,0.625,0.625
0,3,181,0.7505834698677063,0.703125,0.1475543975830078,0.2317204475402832,0.625,0.625
0,3,182,0.8147482872009277,0.71875,0.11212730407714844,0.20292353630065918,0.625,0.625
0,3,183,0.5431568622589111,0.8125,0.1323702335357666,0.2118549346923828,0.625,0.625
0,3,184,0.7650246024131775,0.765625,0.11611676216125488,0.19925880432128906,0.625,0.625
0,3,185,0.5887855887413025,0.796875,0.14085865020751953,0.22252893447875977,0.625,0.625
0,3,186,0.8362637162208557,0.734375,0.1096341609954834,0.1889362335205078,0.625,0.625
0,3,187,0.6334302425384521,0.734375,0.13654780387878418,0.2150888442993164,0.625,0.625
0,3,188,0.9533514976501465,0.6875,0.11006760597229004,0.20410966873168945,0.625,0.625
0,3,189,0.7961909770965576,0.71875,0.12256956100463867,0.20050358772277832,0.625,0.625
0,3,190,0.6936130523681641,0.703125,0.10736584663391113,0.19262480735778809,0.625,0.625
0,3,191,0.5614155530929565,0.75,0.13783693313598633,0.22543716430664062,0.625,0.625
0,3,192,0.8652375936508179,0.703125,0.10123872756958008,0.18630480766296387,0.625,0.625
0,3,193,0.6898183822631836,0.671875,0.14616632461547852,0.22812414169311523,0.625,0.625
0,3,194,0.6000885963439941,0.84375,0.10604643821716309,0.1908566951751709,0.625,0.625
0,3,195,0.8441847562789917,0.734375,0.1398453712463379,0.22103428840637207,0.625,0.625
0,3,196,0.8326623439788818,0.71875,0.11617660522460938,0.19883513450622559,0.625,0.625
0,3,197,0.8253525495529175,0.703125,0.12708210945129395,0.2122187614440918,0.625,0.625
0,3,198,0.6014642715454102,0.796875,0.13357305526733398,0.21297955513000488,0.625,0.625
0,3,199,0.8012911081314087,0.703125,0.11429786682128906,0.1952202320098877,0.625,0.625
0,3,200,0.9175575971603394,0.671875,0.14816832542419434,0.23157334327697754,0.625,0.625
0,3,201,0.7757589817047119,0.765625,0.10826611518859863,0.18700408935546875,0.625,0.625
0,3,202,0.6967126131057739,0.734375,0.1492919921875,0.22842693328857422,0.625,0.625
0,3,203,0.5815513730049133,0.78125,0.126692533493042,0.20603609085083008,0.625,0.625
0,3,204,0.7745348811149597,0.71875,0.14628243446350098,0.23002147674560547,0.625,0.625
0,3,205,0.8314085006713867,0.71875,0.12832951545715332,0.20685696601867676,0.625,0.625
0,3,206,0.873633623123169,0.703125,0.15093588829040527,0.23093032836914062,0.625,0.625
0,3,207,0.5643267035484314,0.828125,0.11433863639831543,0.1935901641845703,0.625,0.625
0,3,208,0.8243566751480103,0.78125,0.13506340980529785,0.218064546585083,0.625,0.625
0,3,209,0.7543790936470032,0.796875,0.1420884132385254,0.22299766540527344,0.625,0.625
0,3,210,0.7084956169128418,0.6875,0.1063539981842041,0.18716001510620117,0.625,0.625
0,3,211,0.6710611581802368,0.796875,0.13389325141906738,0.2161121368408203,0.625,0.625
0,3,212,0.5561007857322693,0.8125,0.13206124305725098,0.21819138526916504,0.625,0.625
0,3,213,0.8526041507720947,0.671875,0.11866593360900879,0.2042839527130127,0.625,0.625
0,3,214,0.9810916185379028,0.671875,0.12949371337890625,0.20925164222717285,0.625,0.625
0,3,215,0.7849872708320618,0.71875,0.11364412307739258,0.1935105323791504,0.625,0.625
0,3,216,0.7933554649353027,0.75,0.14402174949645996,0.22248458862304688,0.625,0.625
0,3,217,0.7786997556686401,0.765625,0.11103272438049316,0.19377756118774414,0.625,0.625
0,3,218,0.671464204788208,0.78125,0.14041996002197266,0.22151637077331543,0.625,0.625
0,3,219,0.5835226774215698,0.796875,0.11259102821350098,0.1886286735534668,0.625,0.625
0,3,220,0.6792852282524109,0.78125,0.16256308555603027,0.24168848991394043,0.625,0.625
0,3,221,0.5198605060577393,0.796875,0.11270403861999512,0.1930677890777588,0.625,0.625
0,3,222,0.8849332332611084,0.671875,0.13731765747070312,0.2158963680267334,0.625,0.625
0,3,223,0.669144868850708,0.765625,0.10850143432617188,0.18688082695007324,0.625,0.625
0,3,224,0.6551477909088135,0.8125,0.13838934898376465,0.21684741973876953,0.625,0.625
0,3,225,0.8552377223968506,0.65625,0.103240966796875,0.18593931198120117,0.625,0.625
0,3,226,0.5909823179244995,0.859375,0.14101576805114746,0.22255778312683105,0.625,0.625
0,3,227,0.7823219299316406,0.734375,0.11188220977783203,0.2038123607635498,0.625,0.625
0,3,228,1.012695074081421,0.65625,0.13945770263671875,0.22084283828735352,0.625,0.625
0,3,229,0.9489562511444092,0.671875,0.11134505271911621,0.19686651229858398,0.625,0.625
0,3,230,0.5325765609741211,0.8125,0.13676047325134277,0.21625971794128418,0.625,0.625
0,3,231,0.8691329956054688,0.734375,0.11185026168823242,0.19644641876220703,0.625,0.625
0,3,232,0.7796251177787781,0.75,0.13781380653381348,0.22417855262756348,0.625,0.625
0,3,233,0.6158578395843506,0.796875,0.1110377311706543,0.19633030891418457,0.625,0.625
0,3,234,0.7131826877593994,0.734375,0.16198110580444336,0.24850249290466309,0.625,0.625
0,3,235,0.828729510307312,0.75,0.11487436294555664,0.2016735076904297,0.625,0.625
0,3,236,0.8806954026222229,0.65625,0.12991571426391602,0.2166154384613037,0.625,0.625
0,3,237,0.765238881111145,0.703125,0.10962796211242676,0.20010590553283691,0.625,0.625
0,3,238,0.5565838813781738,0.75,0.12958049774169922,0.20870232582092285,0.625,0.625
0,3,239,0.778771162033081,0.75,0.1134486198425293,0.1948072910308838,0.625,0.625
0,3,240,0.5463401675224304,0.84375,0.14283990859985352,0.2227189540863037,0.625,0.625
0,3,241,0.5873024463653564,0.796875,0.10950922966003418,0.19017672538757324,0.625,0.625
0,3,242,0.7341233491897583,0.75,0.14399099349975586,0.2301173210144043,0.625,0.625
0,3,243,0.644305944442749,0.75,0.11686968803405762,0.20770883560180664,0.625,0.625
0,3,244,0.6431246995925903,0.796875,0.13509082794189453,0.21700763702392578,0.625,0.625
0,3,245,0.6250141859054565,0.78125,0.11315059661865234,0.19550609588623047,0.625,0.625
0,3,246,0.7312414646148682,0.75,0.14124655723571777,0.2264268398284912,0.625,0.625
0,3,247,0.6477887630462646,0.8125,0.1043558120727539,0.18402433395385742,0.625,0.625
0,3,248,0.7520871162414551,0.734375,0.1413862705230713,0.22292447090148926,0.625,0.625
0,3,249,0.7676684856414795,0.703125,0.10862994194030762,0.1904151439666748,0.625,0.625
0,3,250,0.6314853429794312,0.78125,0.12919902801513672,0.20876646041870117,0.625,0.625
0,3,251,0.7166579961776733,0.671875,0.12139344215393066,0.20212340354919434,0.625,0.625
0,3,252,0.8107798099517822,0.75,0.14986896514892578,0.22957062721252441,0.625,0.625
0,3,253,0.6469172239303589,0.78125,0.09999227523803711,0.18415451049804688,0.625,0.625
0,3,254,0.7225356101989746,0.78125,0.12970256805419922,0.2129366397857666,0.625,0.625
0,3,255,0.6888347864151001,0.8125,0.12244033813476562,0.20282554626464844,0.625,0.625
0,3,256,0.6613202095031738,0.78125,0.1281275749206543,0.20698213577270508,0.625,0.625
0,3,257,0.5618860125541687,0.828125,0.11124062538146973,0.18703627586364746,0.625,0.625
0,3,258,0.745567798614502,0.703125,0.15143585205078125,0.2320384979248047,0.625,0.625
0,3,259,0.7440428733825684,0.734375,0.09696507453918457,0.18359732627868652,0.625,0.625
0,4,0,0.5408035516738892,0.796875,0.12662911415100098,0.2286367416381836,0.625,0.625
0,4,1,0.5778083205223083,0.78125,0.10487556457519531,0.19055986404418945,0.625,0.625
0,4,2,0.4755626916885376,0.828125,0.1667499542236328,0.2613058090209961,0.625,0.625
0,4,3,0.5622077584266663,0.8125,0.12667560577392578,0.23395085334777832,0.625,0.625
0,4,4,0.5000860095024109,0.8125,0.1729109287261963,0.29040074348449707,0.625,0.625
0,4,5,0.5264373421669006,0.84375,0.11775493621826172,0.22434782981872559,0.625,0.625
0,4,6,0.5819182991981506,0.78125,0.13804316520690918,0.2284846305847168,0.625,0.625
0,4,7,0.5545825958251953,0.84375,0.13812851905822754,0.23330330848693848,0.625,0.625
0,4,8,0.48416867852211,0.859375,0.14984583854675293,0.24173974990844727,0.625,0.625
0,4,9,0.6322631239891052,0.75,0.11503744125366211,0.20507001876831055,0.625,0.625
0,4,10,0.5792542695999146,0.75,0.167266845703125,0.2663841247558594,0.625,0.625
0,4,11,0.7073950171470642,0.75,0.1339859962463379,0.2349538803100586,0.625,0.625
0,4,12,0.6674419641494751,0.765625,0.14694976806640625,0.23063325881958008,0.625,0.625
0,4,13,0.4250521659851074,0.84375,0.17608428001403809,0.2716190814971924,0.625,0.625
0,4,14,0.5937290191650391,0.734375,0.13378548622131348,0.2240450382232666,0.625,0.625
0,4,15,0.5074082612991333,0.75,0.10375571250915527,0.1982266902923584,0.625,0.625
0,4,16,0.4341854453086853,0.875,0.14901328086853027,0.24090981483459473,0.625,0.625
0,4,17,0.5463889837265015,0.78125,0.12845349311828613,0.21242189407348633,0.625,0.625
0,4,18,0.492717444896698,0.828125,0.14713239669799805,0.23450303077697754,0.625,0.625
0,4,19,0.4316665232181549,0.859375,0.10843610763549805,0.19435477256774902,0.625,0.625
0,4,20,0.4728764295578003,0.890625,0.13880205154418945,0.22050046920776367,0.625,0.625
0,4,21,0.6895087957382202,0.71875,0.12137413024902344,0.21326398849487305,0.625,0.625
0,4,22,0.5957363247871399,0.796875,0.13376760482788086,0.2238330841064453,0.625,0.625
0,4,23,0.693743109703064,0.703125,0.13239336013793945,0.22328734397888184,0.625,0.625
0,4,24,0.46007686853408813,0.828125,0.13670849800109863,0.2317044734954834,0.625,0.625
0,4,25,0.4579799175262451,0.84375,0.14915823936462402,0.28808021545410156,0.625,0.625
0,4,26,0.6106722354888916,0.796875,0.17354154586791992,0.2689540386199951,0.625,0.625
0,4,27,0.43486565351486206,0.84375,0.13379645347595215,0.23068857192993164,0.625,0.625
0,4,28,0.424766480922699,0.84375,0.17397117614746094,0.26734375953674316,0.625,0.625
0,4,29,0.5031302571296692,0.8125,0.1242973804473877,0.21260786056518555,0.625,0.625
0,4,30,0.5777180194854736,0.84375,0.13553261756896973,0.2215867042541504,0.625,0.625
0,4,31,0.4140377640724182,0.90625,0.10995841026306152,0.19665026664733887,0.625,0.625
0,4,32,0.5737656354904175,0.8125,0.13224411010742188,0.21467018127441406,0.625,0.625
0,4,33,0.8049243688583374,0.75,0.10108184814453125,0.19031262397766113,0.625,0.625
0,4,34,0.7044625282287598,0.765625,0.1322319507598877,0.21628999710083008,0.625,0.625
0,4,35,0.5465629696846008,0.828125,0.09470367431640625,0.18548369407653809,0.625,0.625
0,4,36,0.583775520324707,0.75,0.1367330551147461,0.2261042594909668,0.625,0.625
0,4,37,0.4004416763782501,0.859375,0.11064577102661133,0.19388628005981445,0.625,0.625
0,4,38,0.34697404503822327,0.859375,0.15673565864562988,0.23847317695617676,0.625,0.625
0,4,39,0.3836103081703186,0.875,0.11481952667236328,0.20287871360778809,0.625,0.625
0,4,40,0.6448050141334534,0.828125,0.13991141319274902,0.22200322151184082,0.625,0.625
0,4,41,0.6560061573982239,0.796875,0.11972165107727051,0.20145273208618164,0.625,0.625
0,4,42,0.4856383204460144,0.875,0.13333845138549805,0.22173428535461426,0.625,0.625
0,4,43,0.6171053647994995,0.796875,0.1344149112701416,0.2223680019378662,0.625,0.625
0,4,44,0.5877394676208496,0.734375,0.1320481300354004,0.21055388450622559,0.625,0.625
0,4,45,0.6541436314582825,0.75,0.10560011863708496,0.1929457187652588,0.625,0.625
0,4,46,0.3502383232116699,0.84375,0.14226102828979492,0.22404217720031738,0.625,0.625
0,4,47,0.6238713264465332,0.796875,0.1209259033203125,0.2138974666595459,0.625,0.625
0,4,48,0.5637385845184326,0.859375,0.13332653045654297,0.2156672477722168,0.625,0.625
0,4,49,0.6342858076095581,0.796875,0.10898113250732422,0.19215869903564453,0.625,0.625
0,4,50,0.6003826856613159,0.75,0.1285717487335205,0.21360206604003906,0.625,0.625
0,4,51,0.7051095962524414,0.71875,0.10179805755615234,0.19527292251586914,0.625,0.625
0,4,52,0.5584397912025452,0.8125,0.14043474197387695,0.22309613227844238,0.625,0.625
0,4,53,0.6074265241622925,0.78125,0.10801386833190918,0.1951751708984375,0.625,0.625
0,4,54,0.4490545690059662,0.859375,0.13862109184265137,0.22614145278930664,0.625,0.625
0,4,55,0.6265608072280884,0.796875,0.11306166648864746,0.19856548309326172,0.625,0.625
0,4,56,0.4975331425666809,0.828125,0.136077880859375,0.21888279914855957,0.625,0.625
0,4,57,0.5046719908714294,0.890625,0.11796689033508301,0.19997763633728027,0.625,0.625
0,4,58,0.5923198461532593,0.8125,0.12436461448669434,0.20953917503356934,0.625,0.625
0,4,59,0.6406710743904114,0.703125,0.11635208129882812,0.19357800483703613,0.625,0.625
0,4,60,0.49652665853500366,0.8125,0.1576979160308838,0.2378382682800293,0.625,0.625
0,4,61,0.6148768067359924,0.78125,0.10579299926757812,0.18913960456848145,0.625,0.625
0,4,62,0.624275803565979,0.8125,0.13796663284301758,0.21869683265686035,0.625,0.625
0,4,63,0.6685268878936768,0.765625,0.11180472373962402,0.2062971591949463,0.625,0.625
0,4,64,0.570295512676239,0.828125,0.13550925254821777,0.22822880744934082,0.625,0.625
0,4,65,0.5246155261993408,0.8125,0.10566854476928711,0.19466423988342285,0.625,0.625
0,4,66,0.4734403192996979,0.859375,0.13491392135620117,0.2124788761138916,0.625,0.625
0,4,67,0.5298632383346558,0.796875,0.10481047630310059,0.20062518119812012,0.625,0.625
0,4,68,0.5167205333709717,0.84375,0.13274812698364258,0.2185053825378418,0.625,0.625
0,4,69,0.5946881771087646,0.734375,0.11277222633361816,0.21396136283874512,0.625,0.625
0,4,70,0.6645883321762085,0.734375,0.18318700790405273,0.27910876274108887,0.625,0.625
0,4,71,0.568527340888977,0.78125,0.13653826713562012,0.23439908027648926,0.625,0.625
0,4,72,0.5229794979095459,0.84375,0.16565346717834473,0.2666041851043701,0.625,0.625
0,4,73,0.6014797687530518,0.75,0.1355876922607422,0.23802423477172852,0.625,0.625
0,4,74,0.7433813214302063,0.734375,0.17691898345947266,0.28071141242980957,0.625,0.625
0,4,75,0.5964629650115967,0.796875,0.14046597480773926,0.2416675090789795,0.625,0.625
0,4,76,0.6094652414321899,0.765625,0.16887927055358887,0.2620096206665039,0.625,0.625
0,4,77,0.7350739240646362,0.734375,0.12088227272033691,0.21143603324890137,0.625,0.625
0,4,78,0.5269556045532227,0.8125,0.1362285614013672,0.2202286720275879,0.625,0.625
0,4,79,0.592475950717926,0.8125,0.12074398994445801,0.21287918090820312,0.625,0.625
0,4,80,0.7475756406784058,0.6875,0.13311100006103516,0.21218252182006836,0.625,0.625
0,4,81,0.6036365032196045,0.765625,0.10110831260681152,0.1856698989868164,0.625,0.625
0,4,82,0.6366556882858276,0.84375,0.13003754615783691,0.20831871032714844,0.625,0.625
0,4,83,0.439739465713501,0.875,0.11498618125915527,0.19682836532592773,0.625,0.625
0,4,84,0.5707070231437683,0.78125,0.13439226150512695,0.21772074699401855,0.625,0.625
0,4,85,0.5545841455459595,0.78125,0.10597944259643555,0.1983644962310791,0.625,0.625
0,4,86,0.5811314582824707,0.84375,0.12561869621276855,0.21352553367614746,0.625,0.625
0,4,87,0.49603888392448425,0.796875,0.10851025581359863,0.19626474380493164,0.625,0.625
0,4,88,0.6359158754348755,0.78125,0.1378943920135498,0.22174310684204102,0.625,0.625
0,4,89,0.5380448698997498,0.8125,0.13468599319458008,0.23627233505249023,0.625,0.625
0,4,90,0.400626003742218,0.8125,0.15382099151611328,0.2576582431793213,0.625,0.625
0,4,91,0.5919696092605591,0.828125,0.10862994194030762,0.20612692832946777,0.625,0.625
0,4,92,0.5437735915184021,0.8125,0.14095568656921387,0.2283320426940918,0.625,0.625
0,4,93,0.5007966756820679,0.84375,0.1259293556213379,0.22425627708435059,0.625,0.625
0,4,94,0.5390855669975281,0.765625,0.13846397399902344,0.23476958274841309,0.625,0.625
0,4,95,0.6701809167861938,0.8125,0.11107802391052246,0.19138383865356445,0.625,0.625
0,4,96,0.5532912015914917,0.875,0.15905547142028809,0.24698948860168457,0.625,0.625
0,4,97,0.5155781507492065,0.796875,0.11196255683898926,0.2071058750152588,0.625,0.625
0,4,98,0.7709410786628723,0.765625,0.14535021781921387,0.2547273635864258,0.625,0.625
0,4,99,0.6686279773712158,0.75,0.11271786689758301,0.201796293258667,0.625,0.625
0,4,100,0.4343143701553345,0.828125,0.13402390480041504,0.22189855575561523,0.625,0.625
0,4,101,0.5660114288330078,0.796875,0.10409879684448242,0.18375205993652344,0.625,0.625
0,4,102,0.5576392412185669,0.8125,0.1335911750793457,0.22034788131713867,0.625,0.625
0,4,103,0.6790958642959595,0.734375,0.11226320266723633,0.20778870582580566,0.625,0.625
0,4,104,0.5843144655227661,0.828125,0.13093924522399902,0.21657371520996094,0.625,0.625
0,4,105,0.7367593050003052,0.703125,0.11203908920288086,0.19829487800598145,0.625,0.625
0,4,106,0.631471574306488,0.765625,0.14999628067016602,0.23476696014404297,0.625,0.625
0,4,107,0.5170053243637085,0.765625,0.10467696189880371,0.19652652740478516,0.625,0.625
0,4,108,0.5081382989883423,0.84375,0.13109993934631348,0.20847773551940918,0.625,0.625
0,4,109,0.6248459815979004,0.796875,0.10730385780334473,0.18722009658813477,0.625,0.625
0,4,110,0.7022436857223511,0.71875,0.14907073974609375,0.22951459884643555,0.625,0.625
0,4,111,0.4479580223560333,0.828125,0.1122126579284668,0.19390010833740234,0.625,0.625
0,4,112,0.5900266170501709,0.765625,0.1290605068206787,0.2079925537109375,0.625,0.625
0,4,113,0.6104262471199036,0.75,0.10425448417663574,0.19514155387878418,0.625,0.625
0,4,114,0.644570529460907,0.765625,0.15062546730041504,0.23554182052612305,0.625,0.625
0,4,115,0.5258289575576782,0.8125,0.11962389945983887,0.2102806568145752,0.625,0.625
0,4,116,0.35437318682670593,0.875,0.13067984580993652,0.21288514137268066,0.625,0.625
0,4,117,0.5372875928878784,0.796875,0.10629439353942871,0.18642449378967285,0.625,0.625
0,4,118,0.5500917434692383,0.84375,0.13811445236206055,0.22864842414855957,0.625,0.625
0,4,119,0.6939718723297119,0.765625,0.11136054992675781,0.19922709465026855,0.625,0.625
0,4,120,0.5975629091262817,0.765625,0.13036131858825684,0.21391773223876953,0.625,0.625
0,4,121,0.6485839486122131,0.78125,0.12075090408325195,0.2025742530822754,0.625,0.625
0,4,122,0.7247529625892639,0.75,0.13324284553527832,0.21668791770935059,0.625,0.625
0,4,123,0.3906269967556,0.890625,0.10540151596069336,0.1913306713104248,0.625,0.625
0,4,124,0.7360695004463196,0.703125,0.1415233612060547,0.22128963470458984,0.625,0.625
0,4,125,0.5055608749389648,0.796875,0.11217808723449707,0.1941053867340088,0.625,0.625
0,4,126,0.7394207715988159,0.734375,0.13003110885620117,0.21071767807006836,0.625,0.625
0,4,127,0.3810133934020996,0.890625,0.10549569129943848,0.1879744529724121,0.625,0.625
0,4,128,0.40619218349456787,0.875,0.1323397159576416,0.22068238258361816,0.625,0.625
0,4,129,0.6070735454559326,0.8125,0.11986875534057617,0.20064115524291992,0.625,0.625
0,4,130,0.5221065282821655,0.859375,0.1090087890625,0.18962311744689941,0.625,0.625
0,4,131,0.5910267233848572,0.78125,0.13047003746032715,0.2124168872833252,0.625,0.625
0,4,132,0.5965012907981873,0.75,0.12492108345031738,0.20376372337341309,0.625,0.625
0,4,133,0.40320590138435364,0.875,0.1357707977294922,0.21977615356445312,0.625,0.625
0,4,134,0.498096764087677,0.828125,0.12369155883789062,0.2026655673980713,0.625,0.625
0,4,135,0.5809953808784485,0.796875,0.11871027946472168,0.2242445945739746,0.625,0.625
0,4,136,0.34495073556900024,0.859375,0.14404869079589844,0.22164392471313477,0.625,0.625
0,4,137,0.6488558053970337,0.78125,0.10658407211303711,0.188554048538208,0.625,0.625
0,4,138,0.7330641746520996,0.71875,0.15038204193115234,0.2278134822845459,0.625,0.625
0,4,139,0.6714549660682678,0.765625,0.10379624366760254,0.1830892562866211,0.625,0.625
0,4,140,0.6792868375778198,0.6875,0.14513802528381348,0.22864341735839844,0.625,0.625
0,4,141,0.6105469465255737,0.75,0.10340094566345215,0.18292903900146484,0.625,0.625
0,4,142,0.6214951872825623,0.78125,0.13160300254821777,0.2113025188446045,0.625,0.625
0,4,143,0.5093506574630737,0.8125,0.10401535034179688,0.18848443031311035,0.625,0.625
0,4,144,0.5603374242782593,0.796875,0.13971757888793945,0.22232413291931152,0.625,0.625
0,4,145,0.640213131904602,0.765625,0.10454583168029785,0.20649504661560059,0.625,0.625
0,4,146,0.8709229230880737,0.71875,0.1542344093322754,0.25070834159851074,0.625,0.625
0,4,147,0.5447186231613159,0.796875,0.12123799324035645,0.21161460876464844,0.625,0.625
0,4,148,0.6118593811988831,0.78125,0.15744853019714355,0.24119186401367188,0.625,0.625
0,4,149,0.6708387136459351,0.703125,0.1276237964630127,0.21004748344421387,0.625,0.625
0,4,150,0.6103883385658264,0.765625,0.1416788101196289,0.22296500205993652,0.625,0.625
0,4,151,0.39311012625694275,0.90625,0.11972689628601074,0.20612072944641113,0.625,0.625
0,4,152,0.7246175408363342,0.78125,0.1535801887512207,0.2507297992706299,0.625,0.625
0,4,153,0.636986255645752,0.828125,0.11733102798461914,0.20779109001159668,0.625,0.625
0,4,154,0.43293124437332153,0.90625,0.2224411964416504,0.33290886878967285,0.625,0.625
0,4,155,0.5699475407600403,0.890625,0.13866829872131348,0.2592306137084961,0.625,0.625
0,4,156,0.5808283686637878,0.75,0.10815548896789551,0.1900463104248047,0.625,0.625
0,4,157,0.4993860721588135,0.875,0.16013002395629883,0.249985933303833,0.625,0.625
0,4,158,0.7355692982673645,0.734375,0.11803579330444336,0.2043747901916504,0.625,0.625
0,4,159,0.6734009385108948,0.765625,0.14646625518798828,0.24760222434997559,0.625,0.625
0,4,160,0.7160701155662537,0.75,0.1057291030883789,0.19396042823791504,0.625,0.625
0,4,161,0.6544461250305176,0.75,0.15073442459106445,0.24192142486572266,0.625,0.625
0,4,162,0.5763261318206787,0.84375,0.11693906784057617,0.20951437950134277,0.625,0.625
0,4,163,0.6722562909126282,0.78125,0.14556169509887695,0.23694276809692383,0.625,0.625
0,4,164,0.6532774567604065,0.765625,0.11297440528869629,0.20705676078796387,0.625,0.625
0,4,165,0.7161454558372498,0.703125,0.1506187915802002,0.23659658432006836,0.625,0.625
0,4,166,0.45019739866256714,0.859375,0.11161184310913086,0.19759798049926758,0.625,0.625
0,4,167,0.6728854179382324,0.734375,0.14728617668151855,0.23380661010742188,0.625,0.625
0,4,168,0.6080925464630127,0.78125,0.11595463752746582,0.20452880859375,0.625,0.625
0,4,169,0.6316338777542114,0.796875,0.16855597496032715,0.254378080368042,0.625,0.625
0,4,170,0.6082419157028198,0.75,0.11932539939880371,0.21910929679870605,0.625,0.625
0,4,171,0.7092196941375732,0.796875,0.1468186378479004,0.24183201789855957,0.625,0.625
0,4,172,0.5854789614677429,0.75,0.16900849342346191,0.2640998363494873,0.625,0.625
0,4,173,0.5171726942062378,0.8125,0.12036848068237305,0.22291207313537598,0.625,0.625
0,4,174,0.8315495848655701,0.703125,0.14576053619384766,0.2503480911254883,0.625,0.625
0,4,175,0.41864627599716187,0.828125,0.16070961952209473,0.256807804107666,0.625,0.625
0,4,176,0.663628101348877,0.78125,0.17510771751403809,0.2782249450683594,0.625,0.625
0,4,177,0.6264232993125916,0.8125,0.11124968528747559,0.22167706489562988,0.625,0.625
0,4,178,0.4400710165500641,0.828125,0.1359260082244873,0.2184295654296875,0.625,0.625
0,4,179,0.58164381980896,0.71875,0.16811561584472656,0.2716386318206787,0.625,0.625
0,4,180,0.5800158977508545,0.765625,0.13885736465454102,0.21751117706298828,0.625,0.625
0,4,181,0.6050437688827515,0.8125,0.10053181648254395,0.18160009384155273,0.625,0.625
0,4,182,0.6016131639480591,0.796875,0.1325528621673584,0.20920753479003906,0.625,0.625
0,4,183,0.44991427659988403,0.90625,0.1055452823638916,0.18877601623535156,0.625,0.625
0,4,184,0.6220837831497192,0.78125,0.1222074031829834,0.20256876945495605,0.625,0.625
0,4,185,0.5210795402526855,0.828125,0.1278853416442871,0.20487713813781738,0.625,0.625
0,4,186,0.5505584478378296,0.78125,0.12790465354919434,0.20614910125732422,0.625,0.625
0,4,187,0.4718672037124634,0.859375,0.1016535758972168,0.1913282871246338,0.625,0.625
0,4,188,0.5385618209838867,0.8125,0.13565707206726074,0.21317553520202637,0.625,0.625
0,4,189,0.5254299640655518,0.796875,0.10503411293029785,0.18561220169067383,0.625,0.625
0,4,190,0.49961528182029724,0.828125,0.1294100284576416,0.2096259593963623,0.625,0.625
0,4,191,0.5143380165100098,0.828125,0.10913395881652832,0.19080519676208496,0.625,0.625
0,4,192,0.7815127372741699,0.78125,0.1316368579864502,0.21155786514282227,0.625,0.625
0,4,193,0.5489088296890259,0.828125,0.10532450675964355,0.18530058860778809,0.625,0.625
0,4,194,0.5805454254150391,0.8125,0.12469077110290527,0.20294570922851562,0.625,0.625
0,4,195,0.5663745403289795,0.84375,0.10561537742614746,0.18978404998779297,0.625,0.625
0,4,196,0.6198042631149292,0.765625,0.1272718906402588,0.20355606079101562,0.625,0.625
0,4,197,0.512272834777832,0.8125,0.10561871528625488,0.18778610229492188,0.625,0.625
0,4,198,0.3607715368270874,0.890625,0.1282367706298828,0.2104032039642334,0.625,0.625
0,4,199,0.6203427910804749,0.828125,0.09954118728637695,0.17924046516418457,0.625,0.625
0,4,200,0.6631053686141968,0.75,0.13160371780395508,0.21647977828979492,0.625,0.625
0,4,201,0.6771888732910156,0.703125,0.12000727653503418,0.2063307762145996,0.625,0.625
0,4,202,0.5848386287689209,0.8125,0.12698769569396973,0.2088310718536377,0.625,0.625
0,4,203,0.7608218789100647,0.75,0.10585570335388184,0.18862438201904297,0.625,0.625
0,4,204,0.6511316895484924,0.703125,0.12898492813110352,0.2085740566253662,0.625,0.625
0,4,205,0.41296032071113586,0.828125,0.11172676086425781,0.20412898063659668,0.625,0.625
0,4,206,0.8259353637695312,0.65625,0.11473464965820312,0.19252967834472656,0.625,0.625
0,4,207,0.8830324411392212,0.734375,0.09262752532958984,0.1803755760192871,0.625,0.625
0,4,208,0.8802536725997925,0.734375,0.14132976531982422,0.25015807151794434,0.625,0.625
0,4,209,0.4910280108451843,0.859375,0.16463184356689453,0.3003718852996826,0.625,0.625
0,4,210,0.46998414397239685,0.8125,0.15900540351867676,0.24586033821105957,0.625,0.625
0,4,211,0.6020941734313965,0.796875,0.11650228500366211,0.19913482666015625,0.625,0.625
0,4,212,0.4549661874771118,0.796875,0.15017199516296387,0.2556877136230469,0.625,0.625
0,4,213,0.4749562740325928,0.84375,0.11470389366149902,0.21524357795715332,0.625,0.625
0,4,214,0.5499573349952698,0.78125,0.14026451110839844,0.22091126441955566,0.625,0.625
0,4,215,0.5095394849777222,0.796875,0.12669944763183594,0.2070624828338623,0.625,0.625
0,4,216,0.5423769950866699,0.875,0.13508224487304688,0.2132878303527832,0.625,0.625
0,4,217,0.7613818049430847,0.75,0.10311579704284668,0.1844034194946289,0.625,0.625
0,4,218,0.5918754935264587,0.8125,0.14353561401367188,0.22034931182861328,0.625,0.625
0,4,219,0.4388093948364258,0.84375,0.10777616500854492,0.18963932991027832,0.625,0.625
0,4,220,0.6023665070533752,0.8125,0.14027643203735352,0.23682618141174316,0.625,0.625
0,4,221,0.4590686857700348,0.875,0.11532187461853027,0.20209813117980957,0.625,0.625
0,4,222,0.7856179475784302,0.71875,0.12889742851257324,0.2107710838317871,0.625,0.625
0,4,223,0.4798721969127655,0.8125,0.10744524002075195,0.19321060180664062,0.625,0.625
0,4,224,0.7547858953475952,0.75,0.1371171474456787,0.22137761116027832,0.625,0.625
0,4,225,0.629165768623352,0.78125,0.10383963584899902,0.18314385414123535,0.625,0.625
0,4,226,0.557284414768219,0.78125,0.15280914306640625,0.2316296100616455,0.625,0.625
0,4,227,0.750938892364502,0.734375,0.12076973915100098,0.20366573333740234,0.625,0.625
0,4,228,0.5812631845474243,0.765625,0.18408942222595215,0.28713178634643555,0.625,0.625
0,4,229,0.7606025338172913,0.75,0.11983895301818848,0.2242431640625,0.625,0.625
0,4,230,0.7763990163803101,0.78125,0.15805745124816895,0.25876879692077637,0.625,0.625
0,4,231,0.6210195422172546,0.828125,0.10536575317382812,0.19209623336791992,0.625,0.625
0,4,232,0.668950080871582,0.796875,0.13485026359558105,0.21668457984924316,0.625,0.625
0,4,233,0.4873262643814087,0.859375,0.13232183456420898,0.2155156135559082,0.625,0.625
0,4,234,0.911724328994751,0.6875,0.13494420051574707,0.21799373626708984,0.625,0.625
0,4,235,0.5800395011901855,0.796875,0.11121749877929688,0.19474220275878906,0.625,0.625
0,4,236,0.599523663520813,0.859375,0.1343214511871338,0.21901249885559082,0.625,0.625
0,4,237,0.5089505910873413,0.84375,0.10086679458618164,0.19415855407714844,0.625,0.625
0,4,238,0.6726076602935791,0.796875,0.13611817359924316,0.2187654972076416,0.625,0.625
0,4,239,0.6705746054649353,0.78125,0.10577535629272461,0.19397950172424316,0.625,0.625
0,4,240,0.6163171529769897,0.78125,0.12803411483764648,0.20917248725891113,0.625,0.625
0,4,241,0.8365316987037659,0.71875,0.1059727668762207,0.186354398727417,0.625,0.625
0,4,242,0.7072357535362244,0.765625,0.13373756408691406,0.2129039764404297,0.625,0.625
0,4,243,0.673938512802124,0.734375,0.09825325012207031,0.18408203125,0.625,0.625
0,4,244,0.5696485638618469,0.8125,0.14496731758117676,0.2259533405303955,0.625,0.625
0,4,245,0.7254476547241211,0.734375,0.10810327529907227,0.19165682792663574,0.625,0.625
0,4,246,0.6137995719909668,0.828125,0.136765718460083,0.2187662124633789,0.625,0.625
0,4,247,0.7403137683868408,0.71875,0.10584807395935059,0.19684910774230957,0.625,0.625
0,4,248,0.6652352809906006,0.796875,0.15556907653808594,0.24206209182739258,0.625,0.625
0,4,249,0.7493400573730469,0.765625,0.11237192153930664,0.20235681533813477,0.625,0.625
0,4,250,0.6413511633872986,0.75,0.13212966918945312,0.2158806324005127,0.625,0.625
0,4,251,0.6003199219703674,0.78125,0.1149294376373291,0.19628357887268066,0.625,0.625
0,4,252,0.691870927810669,0.78125,0.13222336769104004,0.22071504592895508,0.625,0.625
0,4,253,0.7314467430114746,0.734375,0.10882735252380371,0.19016051292419434,0.625,0.625
0,4,254,0.5743919610977173,0.828125,0.12450957298278809,0.2113480567932129,0.625,0.625
0,4,255,0.7502168416976929,0.765625,0.10958695411682129,0.19226646423339844,0.625,0.625
0,4,256,0.8692951202392578,0.578125,0.1354820728302002,0.21685004234313965,0.625,0.625
0,4,257,0.6112895607948303,0.765625,0.09374618530273438,0.18574023246765137,0.625,0.625
0,4,258,0.678128182888031,0.765625,0.13096976280212402,0.22078776359558105,0.625,0.625
0,4,259,0.6714257597923279,0.796875,0.09111833572387695,0.186173677444458,0.625,0.625
0,5,0,0.49782267212867737,0.859375,0.11964845657348633,0.20372533798217773,0.625,0.625
0,5,1,0.2876325249671936,0.90625,0.11452865600585938,0.19327569007873535,0.625,0.625
0,5,2,0.4367068409919739,0.828125,0.1430339813232422,0.2223060131072998,0.625,0.625
0,5,3,0.3952324092388153,0.859375,0.10937356948852539,0.197861909866333,0.625,0.625
0,5,4,0.3141208589076996,0.90625,0.13265562057495117,0.22585415840148926,0.625,0.625
0,5,5,0.622322678565979,0.765625,0.10233235359191895,0.18225455284118652,0.625,0.625
0,5,6,0.3608342409133911,0.859375,0.1392519474029541,0.22088241577148438,0.625,0.625
0,5,7,0.6646393537521362,0.796875,0.1164705753326416,0.20924592018127441,0.625,0.625
0,5,8,0.41855454444885254,0.828125,0.14508056640625,0.2260897159576416,0.625,0.625
0,5,9,0.41949158906936646,0.875,0.10722780227661133,0.1938934326171875,0.625,0.625
0,5,10,0.34363412857055664,0.90625,0.1352531909942627,0.21976065635681152,0.625,0.625
0,5,11,0.3598841726779938,0.875,0.1076345443725586,0.2028501033782959,0.625,0.625
0,5,12,0.46706852316856384,0.859375,0.11714291572570801,0.19714975357055664,0.625,0.625
0,5,13,0.4879052937030792,0.8125,0.10577917098999023,0.1851663589477539,0.625,0.625
0,5,14,0.627798318862915,0.78125,0.14002490043640137,0.2191007137298584,0.625,0.625
0,5,15,0.5228583216667175,0.84375,0.12073063850402832,0.2119438648223877,0.625,0.625
0,5,16,0.49254822731018066,0.859375,0.13843941688537598,0.2189798355102539,0.625,0.625
0,5,17,0.4382036328315735,0.875,0.10086369514465332,0.19031000137329102,0.625,0.625
0,5,18,0.41713806986808777,0.84375,0.14229345321655273,0.22028493881225586,0.625,0.625
0,5,19,0.41421931982040405,0.84375,0.1125481128692627,0.1977214813232422,0.625,0.625
0,5,20,0.49754467606544495,0.859375,0.14405035972595215,0.22371149063110352,0.625,0.625
0,5,21,0.4721278250217438,0.84375,0.1024329662322998,0.18402814865112305,0.625,0.625
0,5,22,0.5329321622848511,0.828125,0.13387274742126465,0.21297860145568848,0.625,0.625
0,5,23,0.3807380795478821,0.828125,0.11019325256347656,0.19001555442810059,0.625,0.625
0,5,24,0.39214026927948,0.859375,0.14205336570739746,0.21840929985046387,0.625,0.625
0,5,25,0.5805891156196594,0.8125,0.10432791709899902,0.1843256950378418,0.625,0.625
0,5,26,0.615117073059082,0.796875,0.13264966011047363,0.2141861915588379,0.625,0.625
0,5,27,0.5253238081932068,0.8125,0.11013388633728027,0.2010664939880371,0.625,0.625
0,5,28,0.48604848980903625,0.828125,0.14510512351989746,0.23973798751831055,0.625,0.625
0,5,29,0.6050305962562561,0.75,0.10513019561767578,0.18492579460144043,0.625,0.625
0,5,30,0.492962121963501,0.8125,0.12900042533874512,0.20696163177490234,0.625,0.625
0,5,31,0.4095543324947357,0.875,0.09918594360351562,0.18879008293151855,0.625,0.625
0,5,32,0.43498995900154114,0.84375,0.14097309112548828,0.21995854377746582,0.625,0.625
0,5,33,0.4462047219276428,0.8125,0.1069498062133789,0.18328428268432617,0.625,0.625
0,5,34,0.4037736654281616,0.828125,0.14934706687927246,0.22623443603515625,0.625,0.625
0,5,35,0.3164089024066925,0.890625,0.10759139060974121,0.18509936332702637,0.625,0.625
0,5,36,0.6054425835609436,0.8125,0.1549692153930664,0.23552298545837402,0.625,0.625
0,5,37,0.3749736249446869,0.921875,0.1187283992767334,0.19944167137145996,0.625,0.625
0,5,38,0.41418367624282837,0.859375,0.1255655288696289,0.20774006843566895,0.625,0.625
0,5,39,0.3085852861404419,0.90625,0.11254048347473145,0.19444680213928223,0.625,0.625
0,5,40,0.41638579964637756,0.84375,0.1271381378173828,0.21079635620117188,0.625,0.625
0,5,41,0.3317042589187622,0.9375,0.12590885162353516,0.20342564582824707,0.625,0.625
0,5,42,0.221126526594162,0.9375,0.1035158634185791,0.18669915199279785,0.625,0.625
0,5,43,0.6997917294502258,0.78125,0.13901281356811523,0.2205355167388916,0.625,0.625
0,5,44,0.3909141421318054,0.859375,0.10573124885559082,0.1908719539642334,0.625,0.625
0,5,45,0.4072868525981903,0.84375,0.1347658634185791,0.2138662338256836,0.625,0.625
0,5,46,0.4437664747238159,0.828125,0.11204123497009277,0.18939638137817383,0.625,0.625
0,5,47,0.679394006729126,0.75,0.14264631271362305,0.22174334526062012,0.625,0.625
0,5,48,0.452045202255249,0.875,0.09676551818847656,0.19038677215576172,0.625,0.625
0,5,49,0.4978184998035431,0.828125,0.13883090019226074,0.21788620948791504,0.625,0.625
0,5,50,0.5420100092887878,0.796875,0.1188042163848877,0.2030630111694336,0.625,0.625
0,5,51,0.4190223217010498,0.84375,0.15434622764587402,0.23733782768249512,0.625,0.625
0,5,52,0.4362334609031677,0.859375,0.10561370849609375,0.18236017227172852,0.625,0.625
0,5,53,0.5519183874130249,0.796875,0.1454916000366211,0.2246863842010498,0.625,0.625
0,5,54,0.47727200388908386,0.859375,0.11146879196166992,0.18975114822387695,0.625,0.625
0,5,55,0.6852217316627502,0.796875,0.1369342803955078,0.21673130989074707,0.625,0.625
0,5,56,0.5330185890197754,0.859375,0.11051034927368164,0.1927814483642578,0.625,0.625
0,5,57,0.349682092666626,0.875,0.12844538688659668,0.20854711532592773,0.625,0.625
0,5,58,0.4329846501350403,0.890625,0.1108851432800293,0.19034147262573242,0.625,0.625
0,5,59,0.49127915501594543,0.8125,0.1261155605316162,0.2085285186767578,0.625,0.625
0,5,60,0.5236384868621826,0.828125,0.11088752746582031,0.1888561248779297,0.625,0.625
0,5,61,0.29126790165901184,0.921875,0.12011027336120605,0.20032405853271484,0.625,0.625
0,5,62,0.5466626882553101,0.84375,0.10642170906066895,0.18909215927124023,0.625,0.625
0,5,63,0.7463440895080566,0.75,0.14215779304504395,0.22100472450256348,0.625,0.625
0,5,64,0.358115017414093,0.859375,0.1072854995727539,0.19011807441711426,0.625,0.625
0,5,65,0.47023674845695496,0.84375,0.13428306579589844,0.21697998046875,0.625,0.625
0,5,66,0.43224236369132996,0.859375,0.10945320129394531,0.19069695472717285,0.625,0.625
0,5,67,0.4901624023914337,0.828125,0.13027572631835938,0.213423490524292,0.625,0.625
0,5,68,0.38168445229530334,0.890625,0.10862469673156738,0.1875748634338379,0.625,0.625
0,5,69,0.47239673137664795,0.859375,0.14287352561950684,0.2244093418121338,0.625,0.625
0,5,70,0.6184333562850952,0.78125,0.11139106750488281,0.18959784507751465,0.625,0.625
0,5,71,0.46924108266830444,0.8125,0.1421680450439453,0.2212986946105957,0.625,0.625
0,5,72,0.41482171416282654,0.875,0.1150367259979248,0.19202852249145508,0.625,0.625
0,5,73,0.3634917736053467,0.875,0.129425048828125,0.21454262733459473,0.625,0.625
0,5,74,0.3543214797973633,0.90625,0.10263252258300781,0.18665790557861328,0.625,0.625
0,5,75,0.3224349021911621,0.90625,0.14555835723876953,0.23146748542785645,0.625,0.625
0,5,76,0.6346312761306763,0.765625,0.10554289817810059,0.18801212310791016,0.625,0.625
0,5,77,0.45026448369026184,0.828125,0.14741206169128418,0.22562742233276367,0.625,0.625
0,5,78,0.4115513563156128,0.84375,0.10882258415222168,0.18951416015625,0.625,0.625
0,5,79,0.4918351471424103,0.796875,0.13436079025268555,0.21832752227783203,0.625,0.625
0,5,80,0.526047945022583,0.84375,0.10164451599121094,0.18446803092956543,0.625,0.625
0,5,81,0.2891882658004761,0.90625,0.146148681640625,0.22632646560668945,0.625,0.625
0,5,82,0.7074223756790161,0.8125,0.10481572151184082,0.18383359909057617,0.625,0.625
0,5,83,0.5698255896568298,0.8125,0.1288299560546875,0.20940232276916504,0.625,0.625
0,5,84,0.510699987411499,0.8125,0.11380624771118164,0.19310402870178223,0.625,0.625
0,5,85,0.4796994626522064,0.875,0.1315009593963623,0.21392154693603516,0.625,0.625
0,5,86,0.540726363658905,0.78125,0.1037447452545166,0.19368410110473633,0.625,0.625
0,5,87,0.5302772521972656,0.796875,0.14541172981262207,0.22582721710205078,0.625,0.625
0,5,88,0.9034509658813477,0.734375,0.10550785064697266,0.18608355522155762,0.625,0.625
0,5,89,0.4569351077079773,0.84375,0.12590360641479492,0.21362709999084473,0.625,0.625
0,5,90,0.3412027955055237,0.90625,0.1071159839630127,0.18644309043884277,0.625,0.625
0,5,91,0.5911418199539185,0.765625,0.14303278923034668,0.22674798965454102,0.625,0.625
0,5,92,0.4301126003265381,0.828125,0.10653328895568848,0.18591022491455078,0.625,0.625
0,5,93,0.4078802466392517,0.84375,0.13371944427490234,0.22714900970458984,0.625,0.625
0,5,94,0.5625051856040955,0.78125,0.11517882347106934,0.2001814842224121,0.625,0.625
0,5,95,0.5656683444976807,0.796875,0.10422754287719727,0.18354177474975586,0.625,0.625
0,5,96,0.5111856460571289,0.828125,0.12732625007629395,0.20691704750061035,0.625,0.625
0,5,97,0.48647594451904297,0.84375,0.11507940292358398,0.19450736045837402,0.625,0.625
0,5,98,0.473249614238739,0.8125,0.14204859733581543,0.22147703170776367,0.625,0.625
0,5,99,0.5335985422134399,0.828125,0.10033321380615234,0.17995524406433105,0.625,0.625
0,5,100,0.43783318996429443,0.84375,0.1601884365081787,0.2447681427001953,0.625,0.625
0,5,101,0.5354523658752441,0.765625,0.10494232177734375,0.1899280548095703,0.625,0.625
0,5,102,0.44376012682914734,0.8125,0.12685513496398926,0.2122504711151123,0.625,0.625
0,5,103,0.5687665343284607,0.78125,0.11593127250671387,0.1938164234161377,0.625,0.625
0,5,104,0.5522396564483643,0.828125,0.14252853393554688,0.22510695457458496,0.625,0.625
0,5,105,0.6139110326766968,0.796875,0.11455225944519043,0.19864511489868164,0.625,0.625
0,5,106,0.3377024531364441,0.90625,0.1057593822479248,0.18533945083618164,0.625,0.625
0,5,107,0.4797946512699127,0.859375,0.14500880241394043,0.22593045234680176,0.625,0.625
0,5,108,0.39261987805366516,0.859375,0.1060647964477539,0.19950056076049805,0.625,0.625
0,5,109,0.37998247146606445,0.890625,0.1304187774658203,0.2088172435760498,0.625,0.625
0,5,110,0.4365081787109375,0.84375,0.11550426483154297,0.19439339637756348,0.625,0.625
0,5,111,0.5040485858917236,0.828125,0.13452363014221191,0.2125692367553711,0.625,0.625
0,5,112,0.5443931221961975,0.78125,0.10474205017089844,0.18190836906433105,0.625,0.625
0,5,113,0.39906445145606995,0.90625,0.14572644233703613,0.23459434509277344,0.625,0.625
0,5,114,0.5001460313796997,0.78125,0.11844873428344727,0.1991410255432129,0.625,0.625
0,5,115,0.625852108001709,0.828125,0.12140870094299316,0.20452618598937988,0.625,0.625
0,5,116,0.41850048303604126,0.828125,0.15458250045776367,0.23494982719421387,0.625,0.625
0,5,117,0.4457171857357025,0.828125,0.11377382278442383,0.1999223232269287,0.625,0.625
0,5,118,0.3806457221508026,0.828125,0.1355757713317871,0.21566057205200195,0.625,0.625
0,5,119,0.31426385045051575,0.875,0.1107172966003418,0.19275379180908203,0.625,0.625
0,5,120,0.4639624357223511,0.828125,0.14328455924987793,0.2322382926940918,0.625,0.625
0,5,121,0.34963512420654297,0.875,0.10628437995910645,0.1884765625,0.625,0.625
0,5,122,0.47986751794815063,0.859375,0.1387162208557129,0.21865224838256836,0.625,0.625
0,5,123,0.4006521701812744,0.828125,0.11363101005554199,0.19827032089233398,0.625,0.625
0,5,124,0.589920699596405,0.78125,0.14020419120788574,0.218794584274292,0.625,0.625
0,5,125,0.4590747356414795,0.84375,0.11646461486816406,0.19406867027282715,0.625,0.625
0,5,126,0.5548874139785767,0.75,0.13589739799499512,0.21429944038391113,0.625,0.625
0,5,127,0.7238820791244507,0.78125,0.1013038158416748,0.18556785583496094,0.625,0.625
0,5,128,0.45109087228775024,0.859375,0.11823487281799316,0.1977231502532959,0.625,0.625
0,5,129,0.5949642658233643,0.75,0.10210371017456055,0.18381571769714355,0.625,0.625
0,5,130,0.7230674028396606,0.734375,0.1538712978363037,0.23537564277648926,0.625,0.625
0,5,131,0.5653496980667114,0.796875,0.10289645195007324,0.18527436256408691,0.625,0.625
0,5,132,0.44417211413383484,0.84375,0.1282641887664795,0.21205759048461914,0.625,0.625
0,5,133,0.43776190280914307,0.859375,0.10742878913879395,0.1955423355102539,0.625,0.625
0,5,134,0.4918903708457947,0.828125,0.14077281951904297,0.21914029121398926,0.625,0.625
0,5,135,0.5423721075057983,0.859375,0.12235093116760254,0.20177865028381348,0.625,0.625
0,5,136,0.5722216963768005,0.8125,0.13920092582702637,0.21912312507629395,0.625,0.625
0,5,137,0.3294050097465515,0.9375,0.10259628295898438,0.18210935592651367,0.625,0.625
0,5,138,0.5006515979766846,0.828125,0.14524316787719727,0.2222461700439453,0.625,0.625
0,5,139,0.37241843342781067,0.921875,0.10733485221862793,0.18601536750793457,0.625,0.625
0,5,140,0.45499229431152344,0.828125,0.14371490478515625,0.22026395797729492,0.625,0.625
0,5,141,0.17652225494384766,0.953125,0.1036219596862793,0.18099260330200195,0.625,0.625
0,5,142,0.5888873338699341,0.828125,0.13734173774719238,0.22143054008483887,0.625,0.625
0,5,143,0.47110265493392944,0.828125,0.1164102554321289,0.199066162109375,0.625,0.625
0,5,144,0.3835546672344208,0.84375,0.12630009651184082,0.2058868408203125,0.625,0.625
0,5,145,0.6710103750228882,0.78125,0.10673165321350098,0.18523120880126953,0.625,0.625
0,5,146,0.2817760705947876,0.921875,0.1487729549407959,0.23539948463439941,0.625,0.625
0,5,147,0.26948708295822144,0.921875,0.10209202766418457,0.18640446662902832,0.625,0.625
0,5,148,0.5036234855651855,0.796875,0.13486695289611816,0.21486973762512207,0.625,0.625
0,5,149,0.47965797781944275,0.84375,0.10606694221496582,0.18950963020324707,0.625,0.625
0,5,150,0.6364426612854004,0.734375,0.12592697143554688,0.20425128936767578,0.625,0.625
0,5,151,0.49781322479248047,0.859375,0.10709238052368164,0.18437623977661133,0.625,0.625
0,5,152,0.46748894453048706,0.84375,0.12620854377746582,0.20609426498413086,0.625,0.625
0,5,153,0.7356190085411072,0.765625,0.10639834403991699,0.18299221992492676,0.625,0.625
0,5,154,0.8734683990478516,0.71875,0.12807798385620117,0.20784902572631836,0.625,0.625
0,5,155,0.4863245189189911,0.8125,0.10590624809265137,0.18601059913635254,0.625,0.625
0,5,156,0.5795965194702148,0.8125,0.1318645477294922,0.2244858741760254,0.625,0.625
0,5,157,0.3711163401603699,0.859375,0.1038508415222168,0.18702912330627441,0.625,0.625
0,5,158,0.47986912727355957,0.796875,0.1337296962738037,0.21114373207092285,0.625,0.625
0,5,159,0.5802092552185059,0.78125,0.10798048973083496,0.18687772750854492,0.625,0.625
0,5,160,0.4906078577041626,0.828125,0.12828612327575684,0.21798443794250488,0.625,0.625
0,5,161,0.4579443633556366,0.84375,0.1287069320678711,0.2074739933013916,0.625,0.625
0,5,162,0.5154579281806946,0.8125,0.10181522369384766,0.18077707290649414,0.625,0.625
0,5,163,0.5693929195404053,0.765625,0.1391592025756836,0.21884632110595703,0.625,0.625
0,5,164,0.6902812719345093,0.734375,0.12315106391906738,0.20648694038391113,0.625,0.625
0,5,165,0.5034642219543457,0.78125,0.1331326961517334,0.215789794921875,0.625,0.625
0,5,166,0.6901842355728149,0.765625,0.1137702465057373,0.20139050483703613,0.625,0.625
0,5,167,0.5451692938804626,0.78125,0.1452786922454834,0.22820615768432617,0.625,0.625
0,5,168,0.6714677810668945,0.75,0.11070513725280762,0.19864535331726074,0.625,0.625
0,5,169,0.6468133330345154,0.78125,0.15529131889343262,0.24173355102539062,0.625,0.625
0,5,170,0.4582359194755554,0.84375,0.11257290840148926,0.199296236038208,0.625,0.625
0,5,171,0.5642911195755005,0.78125,0.1266341209411621,0.20310664176940918,0.625,0.625
0,5,172,0.4076160192489624,0.859375,0.10372400283813477,0.18527913093566895,0.625,0.625
0,5,173,0.5456882119178772,0.765625,0.14737224578857422,0.23003172874450684,0.625,0.625
0,5,174,0.45942604541778564,0.828125,0.11434578895568848,0.19332003593444824,0.625,0.625
0,5,175,0.6060483455657959,0.765625,0.13007545471191406,0.20703577995300293,0.625,0.625
0,5,176,0.331432044506073,0.84375,0.12134981155395508,0.2005610466003418,0.625,0.625
0,5,177,0.48575323820114136,0.84375,0.14479970932006836,0.2292017936706543,0.625,0.625
0,5,178,0.46620646119117737,0.828125,0.10535764694213867,0.18452930450439453,0.625,0.625
0,5,179,0.7393768429756165,0.75,0.1495225429534912,0.23129892349243164,0.625,0.625
0,5,180,0.5251304507255554,0.796875,0.10213136672973633,0.17967820167541504,0.625,0.625
0,5,181,0.5695224404335022,0.78125,0.14724493026733398,0.22548627853393555,0.625,0.625
0,5,182,0.6128770709037781,0.796875,0.11261844635009766,0.19316935539245605,0.625,0.625
0,5,183,0.708268404006958,0.75,0.13686132431030273,0.2196483612060547,0.625,0.625
0,5,184,0.5636451840400696,0.8125,0.0994865894317627,0.19016170501708984,0.625,0.625
0,5,185,0.3579424023628235,0.921875,0.13853788375854492,0.22702550888061523,0.625,0.625
0,5,186,0.38456445932388306,0.875,0.10406327247619629,0.19769692420959473,0.625,0.625
0,5,187,0.649217426776886,0.765625,0.1528151035308838,0.24116230010986328,0.625,0.625
0,5,188,0.42117124795913696,0.875,0.10892081260681152,0.18944597244262695,0.625,0.625
0,5,189,0.4529966711997986,0.84375,0.12395691871643066,0.21043682098388672,0.625,0.625
0,5,190,0.5338088274002075,0.84375,0.1072080135345459,0.1876976490020752,0.625,0.625
0,5,191,0.5867782235145569,0.8125,0.1484823226928711,0.22671842575073242,0.625,0.625
0,5,192,0.4818117320537567,0.828125,0.11061859130859375,0.19051146507263184,0.625,0.625
0,5,193,0.3758420944213867,0.859375,0.14234137535095215,0.22202849388122559,0.625,0.625
0,5,194,0.4425423741340637,0.84375,0.10696792602539062,0.1892244815826416,0.625,0.625
0,5,195,0.3709651827812195,0.921875,0.14009451866149902,0.21648073196411133,0.625,0.625
0,5,196,0.2813557982444763,0.921875,0.10695075988769531,0.18337607383728027,0.625,0.625
0,5,197,0.4108692705631256,0.8125,0.14740276336669922,0.2268221378326416,0.625,0.625
0,5,198,0.4823020100593567,0.828125,0.1107950210571289,0.19976377487182617,0.625,0.625
0,5,199,0.36984726786613464,0.859375,0.13529729843139648,0.2219676971435547,0.625,0.625
0,5,200,0.7397234439849854,0.765625,0.09693145751953125,0.18060898780822754,0.625,0.625
0,5,201,0.452903151512146,0.796875,0.1384260654449463,0.2185978889465332,0.625,0.625
0,5,202,0.4294232130050659,0.84375,0.10351037979125977,0.1860640048980713,0.625,0.625
0,5,203,0.3537605106830597,0.890625,0.1420741081237793,0.2258162498474121,0.625,0.625
0,5,204,0.508098304271698,0.75,0.10556364059448242,0.19227027893066406,0.625,0.625
0,5,205,0.5993109941482544,0.78125,0.12615680694580078,0.21323084831237793,0.625,0.625
0,5,206,0.407747745513916,0.890625,0.10695290565490723,0.1897876262664795,0.625,0.625
0,5,207,0.6195856332778931,0.75,0.13665366172790527,0.21499061584472656,0.625,0.625
0,5,208,0.5585418939590454,0.796875,0.1215670108795166,0.19791674613952637,0.625,0.625
0,5,209,0.4185190200805664,0.859375,0.15379881858825684,0.23616528511047363,0.625,0.625
0,5,210,0.5033424496650696,0.765625,0.11582493782043457,0.19848060607910156,0.625,0.625
0,5,211,0.7430585026741028,0.71875,0.12277078628540039,0.2031419277191162,0.625,0.625
0,5,212,0.43032366037368774,0.8125,0.11006379127502441,0.18844127655029297,0.625,0.625
0,5,213,0.4823969304561615,0.8125,0.13147830963134766,0.22016644477844238,0.625,0.625
0,5,214,0.5705806612968445,0.8125,0.10810661315917969,0.19168305397033691,0.625,0.625
0,5,215,0.6680067777633667,0.78125,0.14309453964233398,0.23298978805541992,0.625,0.625
0,5,216,0.514606237411499,0.828125,0.11622166633605957,0.19693994522094727,0.625,0.625
0,5,217,0.39744192361831665,0.828125,0.13007450103759766,0.21684813499450684,0.625,0.625
0,5,218,0.3844255208969116,0.84375,0.10531497001647949,0.18510985374450684,0.625,0.625
0,5,219,0.5692527890205383,0.78125,0.12899112701416016,0.21599078178405762,0.625,0.625
0,5,220,0.5827364325523376,0.84375,0.1309053897857666,0.2151787281036377,0.625,0.625
0,5,221,0.5979268550872803,0.8125,0.1325070858001709,0.21341276168823242,0.625,0.625
0,5,222,0.7653278112411499,0.75,0.1064748764038086,0.18617558479309082,0.625,0.625
0,5,223,0.7442525625228882,0.703125,0.15697669982910156,0.2355177402496338,0.625,0.625
0,5,224,0.3862549662590027,0.875,0.1042490005493164,0.18312978744506836,0.625,0.625
0,5,225,0.6412284970283508,0.6875,0.1402301788330078,0.22076773643493652,0.625,0.625
0,5,226,0.323292076587677,0.90625,0.10319709777832031,0.1939239501953125,0.625,0.625
0,5,227,0.5889182090759277,0.796875,0.12171506881713867,0.2050168514251709,0.625,0.625
0,5,228,0.5195968151092529,0.796875,0.1315317153930664,0.21673011779785156,0.625,0.625
0,5,229,0.4569868743419647,0.84375,0.10190176963806152,0.18159008026123047,0.625,0.625
0,5,230,0.7361792922019958,0.75,0.1350383758544922,0.21636700630187988,0.625,0.625
0,5,231,0.5644792914390564,0.78125,0.1014866828918457,0.1815199851989746,0.625,0.625
0,5,232,0.4320797622203827,0.875,0.14041638374328613,0.21932029724121094,0.625,0.625
0,5,233,0.5661581158638,0.75,0.10112833976745605,0.18110346794128418,0.625,0.625
0,5,234,0.6886916160583496,0.71875,0.12781310081481934,0.20552349090576172,0.625,0.625
0,5,235,0.6821186542510986,0.734375,0.13210439682006836,0.2187342643737793,0.625,0.625
0,5,236,0.5568493604660034,0.796875,0.1376633644104004,0.22020792961120605,0.625,0.625
0,5,237,0.2945202589035034,0.890625,0.12531161308288574,0.2078702449798584,0.625,0.625
0,5,238,0.3887709379196167,0.84375,0.1303110122680664,0.2110729217529297,0.625,0.625
0,5,239,0.4475194811820984,0.8125,0.09398531913757324,0.17974209785461426,0.625,0.625
0,5,240,0.6394567489624023,0.796875,0.14105725288391113,0.21805071830749512,0.625,0.625
0,5,241,0.40964579582214355,0.859375,0.09862780570983887,0.18188738822937012,0.625,0.625
0,5,242,0.5041015148162842,0.84375,0.13218307495117188,0.21240997314453125,0.625,0.625
0,5,243,0.35609108209609985,0.875,0.09570026397705078,0.19341158866882324,0.625,0.625
0,5,244,0.4848164916038513,0.875,0.12205982208251953,0.19994044303894043,0.625,0.625
0,5,245,0.6191036701202393,0.78125,0.1018528938293457,0.18463468551635742,0.625,0.625
0,5,246,0.4308457374572754,0.859375,0.14667773246765137,0.22632527351379395,0.625,0.625
0,5,247,0.7702812552452087,0.765625,0.1035604476928711,0.1828596591949463,0.625,0.625
0,5,248,0.2800144851207733,0.9375,0.15109658241271973,0.22937464714050293,0.625,0.625
0,5,249,0.6891657710075378,0.734375,0.10556912422180176,0.18353939056396484,0.625,0.625
0,5,250,0.3555499315261841,0.875,0.13479185104370117,0.21553993225097656,0.625,0.625
0,5,251,0.5482558608055115,0.78125,0.10420775413513184,0.18496322631835938,0.625,0.625
0,5,252,0.5906475782394409,0.828125,0.13984370231628418,0.22240543365478516,0.625,0.625
0,5,253,0.5957845449447632,0.734375,0.11849856376647949,0.20273613929748535,0.625,0.625
0,5,254,0.4550931751728058,0.796875,0.13158750534057617,0.20953607559204102,0.625,0.625
0,5,255,0.5963256359100342,0.765625,0.10526323318481445,0.1905653476715088,0.625,0.625
0,5,256,0.4081825017929077,0.859375,0.12678122520446777,0.20447397232055664,0.625,0.625
0,5,257,0.6094144582748413,0.796875,0.1331477165222168,0.21238255500793457,0.625,0.625
0,5,258,0.6429996490478516,0.78125,0.10653352737426758,0.18799448013305664,0.625,0.625
0,5,259,0.6352069973945618,0.828125,0.14160370826721191,0.2200002670288086,0.625,0.625
0,6,0,0.4350011348724365,0.8125,0.17825865745544434,0.26465511322021484,0.625,0.625
0,6,1,0.31956747174263,0.90625,0.13255667686462402,0.2124769687652588,0.625,0.625
0,6,2,0.45414498448371887,0.8125,0.14323806762695312,0.22276902198791504,0.625,0.625
0,6,3,0.39925479888916016,0.84375,0.13578581809997559,0.22118449211120605,0.625,0.625
0,6,4,0.2982494831085205,0.921875,0.11780548095703125,0.20776128768920898,0.625,0.625
0,6,5,0.26418980956077576,0.90625,0.129425048828125,0.20634055137634277,0.625,0.625
0,6,6,0.41044068336486816,0.890625,0.10558247566223145,0.1842820644378662,0.625,0.625
0,6,7,0.39495089650154114,0.859375,0.13318705558776855,0.21114802360534668,0.625,0.625
0,6,8,0.37215831875801086,0.890625,0.1150517463684082,0.19959664344787598,0.625,0.625
0,6,9,0.32541072368621826,0.890625,0.140822172164917,0.22740745544433594,0.625,0.625
0,6,10,0.44265016913414,0.890625,0.09868955612182617,0.17795014381408691,0.625,0.625
0,6,11,0.2515554428100586,0.921875,0.1298367977142334,0.2157421112060547,0.625,0.625
0,6,12,0.4379207491874695,0.828125,0.10694265365600586,0.1843585968017578,0.625,0.625
0,6,13,0.34306585788726807,0.875,0.1365492343902588,0.21520590782165527,0.625,0.625
0,6,14,0.3237452507019043,0.90625,0.10402536392211914,0.19252610206604004,0.625,0.625
0,6,15,0.29274359345436096,0.921875,0.13495922088623047,0.2131519317626953,0.625,0.625
0,6,16,0.2152075171470642,0.953125,0.11011123657226562,0.18852663040161133,0.625,0.625
0,6,17,0.45102280378341675,0.84375,0.13456296920776367,0.2112412452697754,0.625,0.625
0,6,18,0.2652137577533722,0.921875,0.10045170783996582,0.18421459197998047,0.625,0.625
0,6,19,0.37288182973861694,0.84375,0.1327965259552002,0.21206235885620117,0.625,0.625
0,6,20,0.21943336725234985,0.9375,0.11205649375915527,0.19422316551208496,0.625,0.625
0,6,21,0.2652934789657593,0.921875,0.1328890323638916,0.21555209159851074,0.625,0.625
0,6,22,0.41226476430892944,0.828125,0.11584901809692383,0.19355177879333496,0.625,0.625
0,6,23,0.34392377734184265,0.890625,0.12210369110107422,0.20148563385009766,0.625,0.625
0,6,24,0.2946205735206604,0.90625,0.13454222679138184,0.21895170211791992,0.625,0.625
0,6,25,0.4262959659099579,0.890625,0.1133882999420166,0.18978524208068848,0.625,0.625
0,6,26,0.2975274920463562,0.921875,0.12764310836791992,0.21520280838012695,0.625,0.625
0,6,27,0.34512007236480713,0.890625,0.11935591697692871,0.20141863822937012,0.625,0.625
0,6,28,0.43488121032714844,0.859375,0.1267247200012207,0.21888351440429688,0.625,0.625
0,6,29,0.33720076084136963,0.875,0.12320375442504883,0.2044224739074707,0.625,0.625
0,6,30,0.5623732805252075,0.859375,0.1371619701385498,0.21554803848266602,0.625,0.625
0,6,31,0.22092808783054352,0.96875,0.10990381240844727,0.19106245040893555,0.625,0.625
0,6,32,0.30072900652885437,0.90625,0.13428115844726562,0.2103574275970459,0.625,0.625
0,6,33,0.23529495298862457,0.921875,0.10866165161132812,0.18584918975830078,0.625,0.625
0,6,34,0.3825349807739258,0.875,0.13372087478637695,0.21469402313232422,0.625,0.625
0,6,35,0.37940457463264465,0.859375,0.10500645637512207,0.18751740455627441,0.625,0.625
0,6,36,0.5024009943008423,0.84375,0.14702653884887695,0.22439885139465332,0.625,0.625
0,6,37,0.5117771029472351,0.796875,0.1023855209350586,0.1786954402923584,0.625,0.625
0,6,38,0.40151476860046387,0.875,0.1365509033203125,0.21651053428649902,0.625,0.625
0,6,39,0.33738040924072266,0.890625,0.10497426986694336,0.18409347534179688,0.625,0.625
0,6,40,0.4696418046951294,0.890625,0.13734984397888184,0.22567319869995117,0.625,0.625
0,6,41,0.1766280233860016,0.953125,0.1058800220489502,0.18868279457092285,0.625,0.625
0,6,42,0.33413034677505493,0.859375,0.13593006134033203,0.21693634986877441,0.625,0.625
0,6,43,0.4755537509918213,0.875,0.097991943359375,0.1856076717376709,0.625,0.625
0,6,44,0.35088300704956055,0.890625,0.14557766914367676,0.2273695468902588,0.625,0.625
0,6,45,0.4154353141784668,0.875,0.10217404365539551,0.18326520919799805,0.625,0.625
0,6,46,0.2722393572330475,0.90625,0.1245119571685791,0.20865607261657715,0.625,0.625
0,6,47,0.38023725152015686,0.921875,0.09064078330993652,0.1804029941558838,0.625,0.625
0,6,48,0.26918452978134155,0.921875,0.16300535202026367,0.2423398494720459,0.625,0.625
0,6,49,0.23220092058181763,0.921875,0.10100841522216797,0.18303489685058594,0.625,0.625
0,6,50,0.2987250089645386,0.90625,0.12337803840637207,0.20688414573669434,0.625,0.625
0,6,51,0.44739454984664917,0.875,0.11424040794372559,0.19928407669067383,0.625,0.625
0,6,52,0.33507686853408813,0.890625,0.14892792701721191,0.23200273513793945,0.625,0.625
0,6,53,0.38968440890312195,0.890625,0.09964418411254883,0.18564248085021973,0.625,0.625
0,6,54,0.42000067234039307,0.84375,0.14193391799926758,0.22528958320617676,0.625,0.625
0,6,55,0.4243903160095215,0.890625,0.10561776161193848,0.18775343894958496,0.625,0.625
0,6,56,0.3603135347366333,0.90625,0.14154434204101562,0.22567033767700195,0.625,0.625
0,6,57,0.33709657192230225,0.875,0.10141468048095703,0.1936662197113037,0.625,0.625
0,6,58,0.35372668504714966,0.84375,0.12270402908325195,0.210280179977417,0.625,0.625
0,6,59,0.3933420479297638,0.890625,0.1387162208557129,0.21949148178100586,0.625,0.625
0,6,60,0.3457481265068054,0.84375,0.12981820106506348,0.20985817909240723,0.625,0.625
0,6,61,0.5872349739074707,0.84375,0.1082465648651123,0.18968558311462402,0.625,0.625
0,6,62,0.3731789290904999,0.84375,0.14123177528381348,0.21976017951965332,0.625,0.625
0,6,63,0.20647621154785156,0.921875,0.14572954177856445,0.225538969039917,0.625,0.625
0,6,64,0.22961793839931488,0.921875,0.13413548469543457,0.21097278594970703,0.625,0.625
0,6,65,0.3441118896007538,0.828125,0.11578249931335449,0.19745087623596191,0.625,0.625
0,6,66,0.3439710736274719,0.859375,0.1510181427001953,0.23208856582641602,0.625,0.625
0,6,67,0.330166757106781,0.875,0.09985995292663574,0.18959999084472656,0.625,0.625
0,6,68,0.4043689966201782,0.875,0.13700485229492188,0.22495365142822266,0.625,0.625
0,6,69,0.2641529440879822,0.90625,0.10939860343933105,0.199265718460083,0.625,0.625
0,6,70,0.35646286606788635,0.890625,0.12732887268066406,0.20568609237670898,0.625,0.625
0,6,71,0.3980904221534729,0.859375,0.13421082496643066,0.21543622016906738,0.625,0.625
0,6,72,0.41345641016960144,0.84375,0.1126401424407959,0.19700121879577637,0.625,0.625
0,6,73,0.29063236713409424,0.875,0.15468859672546387,0.2398829460144043,0.625,0.625
0,6,74,0.3735013008117676,0.859375,0.10637521743774414,0.1867828369140625,0.625,0.625
0,6,75,0.34950876235961914,0.890625,0.1398169994354248,0.2160193920135498,0.625,0.625
0,6,76,0.5006849765777588,0.828125,0.10997962951660156,0.19763445854187012,0.625,0.625
0,6,77,0.47041359543800354,0.875,0.15708184242248535,0.23379230499267578,0.625,0.625
0,6,78,0.5045711994171143,0.859375,0.11473345756530762,0.19234585762023926,0.625,0.625
0,6,79,0.46184617280960083,0.859375,0.1319572925567627,0.20959806442260742,0.625,0.625
0,6,80,0.4925646185874939,0.8125,0.10568451881408691,0.18427133560180664,0.625,0.625
0,6,81,0.49349385499954224,0.875,0.14502358436584473,0.2251284122467041,0.625,0.625
0,6,82,0.3953245282173157,0.890625,0.10320568084716797,0.18266987800598145,0.625,0.625
0,6,83,0.35743725299835205,0.890625,0.13702821731567383,0.2175142765045166,0.625,0.625
0,6,84,0.31572458148002625,0.890625,0.10189151763916016,0.18163752555847168,0.625,0.625
0,6,85,0.48933207988739014,0.84375,0.12956571578979492,0.20726442337036133,0.625,0.625
0,6,86,0.37409597635269165,0.890625,0.10463285446166992,0.18348336219787598,0.625,0.625
0,6,87,0.3455694913864136,0.90625,0.1271510124206543,0.20404863357543945,0.625,0.625
0,6,88,0.4460332989692688,0.84375,0.11350250244140625,0.1969006061553955,0.625,0.625
0,6,89,0.3692665696144104,0.828125,0.12731099128723145,0.2080671787261963,0.625,0.625
0,6,90,0.35137447714805603,0.90625,0.11290097236633301,0.19103240966796875,0.625,0.625
0,6,91,0.46022555232048035,0.796875,0.13217878341674805,0.20817828178405762,0.625,0.625
0,6,92,0.42359858751296997,0.859375,0.10253572463989258,0.1825265884399414,0.625,0.625
0,6,93,0.26782435178756714,0.921875,0.12082147598266602,0.20088529586791992,0.625,0.625
0,6,94,0.44160857796669006,0.859375,0.09963226318359375,0.18340206146240234,0.625,0.625
0,6,95,0.3166812062263489,0.90625,0.13817548751831055,0.2156381607055664,0.625,0.625
0,6,96,0.3355196714401245,0.859375,0.10394549369812012,0.18640756607055664,0.625,0.625
0,6,97,0.34652286767959595,0.875,0.12771391868591309,0.20779109001159668,0.625,0.625
0,6,98,0.4057615101337433,0.890625,0.12762880325317383,0.2076864242553711,0.625,0.625
0,6,99,0.42586350440979004,0.828125,0.12832999229431152,0.20701289176940918,0.625,0.625
0,6,100,0.3512066602706909,0.90625,0.11042451858520508,0.18803763389587402,0.625,0.625
0,6,101,0.5988402962684631,0.734375,0.12335371971130371,0.20230793952941895,0.625,0.625
0,6,102,0.46516841650009155,0.859375,0.10526514053344727,0.18032193183898926,0.625,0.625
0,6,103,0.24405759572982788,0.90625,0.13504791259765625,0.21173596382141113,0.625,0.625
0,6,104,0.28219103813171387,0.90625,0.10516977310180664,0.18288755416870117,0.625,0.625
0,6,105,0.5265047550201416,0.8125,0.14092302322387695,0.218552827835083,0.625,0.625
0,6,106,0.5498554706573486,0.8125,0.10218334197998047,0.186553955078125,0.625,0.625
0,6,107,0.24016064405441284,0.890625,0.1328754425048828,0.2108595371246338,0.625,0.625
0,6,108,0.5014968514442444,0.859375,0.10405135154724121,0.1808757781982422,0.625,0.625
0,6,109,0.6049959659576416,0.796875,0.13977551460266113,0.21529626846313477,0.625,0.625
0,6,110,0.3199920058250427,0.90625,0.10206937789916992,0.18604803085327148,0.625,0.625
0,6,111,0.32490140199661255,0.859375,0.14146876335144043,0.22300958633422852,0.625,0.625
0,6,112,0.5655431747436523,0.78125,0.11563396453857422,0.19671225547790527,0.625,0.625
0,6,113,0.28281617164611816,0.90625,0.13262128829956055,0.21152472496032715,0.625,0.625
0,6,114,0.30470341444015503,0.875,0.10533571243286133,0.1874537467956543,0.625,0.625
0,6,115,0.3722917437553406,0.84375,0.13185739517211914,0.20960569381713867,0.625,0.625
0,6,116,0.38732394576072693,0.875,0.1112065315246582,0.18860673904418945,0.625,0.625
0,6,117,0.4693421423435211,0.8125,0.1432664394378662,0.2229759693145752,0.625,0.625
0,6,118,0.412708580493927,0.796875,0.11526012420654297,0.19320154190063477,0.625,0.625
0,6,119,0.3297315835952759,0.875,0.13993072509765625,0.22695684432983398,0.625,0.625
0,6,120,0.6631112098693848,0.78125,0.10339093208312988,0.1837611198425293,0.625,0.625
0,6,121,0.5508730411529541,0.78125,0.13256072998046875,0.21054816246032715,0.625,0.625
0,6,122,0.4805695116519928,0.828125,0.12404012680053711,0.20502090454101562,0.625,0.625
0,6,123,0.5001882314682007,0.796875,0.1348438262939453,0.21762371063232422,0.625,0.625
0,6,124,0.4518287777900696,0.828125,0.10591912269592285,0.1975247859954834,0.625,0.625
0,6,125,0.28676655888557434,0.90625,0.12355542182922363,0.20292115211486816,0.625,0.625
0,6,126,0.30321204662323,0.921875,0.124664306640625,0.20699548721313477,0.625,0.625
0,6,127,0.39987966418266296,0.859375,0.13544392585754395,0.2225182056427002,0.625,0.625
0,6,128,0.4418576955795288,0.828125,0.12712454795837402,0.21906495094299316,0.625,0.625
0,6,129,0.3888927102088928,0.828125,0.13112115859985352,0.21358728408813477,0.625,0.625
0,6,130,0.34671661257743835,0.890625,0.12497973442077637,0.2076280117034912,0.625,0.625
0,6,131,0.44022414088249207,0.859375,0.14664483070373535,0.23688125610351562,0.625,0.625
0,6,132,0.36822113394737244,0.875,0.1109461784362793,0.19433188438415527,0.625,0.625
0,6,133,0.5647003650665283,0.84375,0.14371681213378906,0.23008108139038086,0.625,0.625
0,6,134,0.5200074911117554,0.828125,0.12168574333190918,0.21580791473388672,0.625,0.625
0,6,135,0.9686237573623657,0.734375,0.13406753540039062,0.2208423614501953,0.625,0.625
0,6,136,0.2781435549259186,0.90625,0.1073148250579834,0.18998241424560547,0.625,0.625
0,6,137,0.5071415901184082,0.828125,0.14010238647460938,0.2350149154663086,0.625,0.625
0,6,138,0.3576827645301819,0.875,0.10593581199645996,0.18996214866638184,0.625,0.625
0,6,139,0.5104942321777344,0.8125,0.14348697662353516,0.2278299331665039,0.625,0.625
0,6,140,0.38951098918914795,0.859375,0.13107943534851074,0.2165217399597168,0.625,0.625
0,6,141,0.5510808229446411,0.8125,0.11082625389099121,0.1995530128479004,0.625,0.625
0,6,142,0.5153002738952637,0.84375,0.12631011009216309,0.205214262008667,0.625,0.625
0,6,143,0.3380677402019501,0.875,0.1287078857421875,0.21967315673828125,0.625,0.625
0,6,144,0.30136507749557495,0.90625,0.11770319938659668,0.19979310035705566,0.625,0.625
0,6,145,0.3935646116733551,0.859375,0.10278129577636719,0.18118524551391602,0.625,0.625
0,6,146,0.3657885491847992,0.859375,0.13867473602294922,0.21700191497802734,0.625,0.625
0,6,147,0.38420045375823975,0.890625,0.10617518424987793,0.18610548973083496,0.625,0.625
0,6,148,0.5691116452217102,0.78125,0.1286003589630127,0.21193552017211914,0.625,0.625
0,6,149,0.3991764187812805,0.84375,0.1061093807220459,0.18420886993408203,0.625,0.625
0,6,150,0.4179452061653137,0.796875,0.13481664657592773,0.21437358856201172,0.625,0.625
0,6,151,0.4879976809024811,0.796875,0.1041102409362793,0.19286632537841797,0.625,0.625
0,6,152,0.39915478229522705,0.84375,0.14162230491638184,0.22971820831298828,0.625,0.625
0,6,153,0.3527696132659912,0.875,0.10567665100097656,0.1885216236114502,0.625,0.625
0,6,154,0.3499695062637329,0.890625,0.1452322006225586,0.22783517837524414,0.625,0.625
0,6,155,0.3820843994617462,0.84375,0.11300778388977051,0.19187378883361816,0.625,0.625
0,6,156,0.31979846954345703,0.875,0.12945985794067383,0.20869898796081543,0.625,0.625
0,6,157,0.36074310541152954,0.859375,0.10602712631225586,0.18648958206176758,0.625,0.625
0,6,158,0.43760931491851807,0.90625,0.1271660327911377,0.21280694007873535,0.625,0.625
0,6,159,0.43422257900238037,0.828125,0.10929155349731445,0.18622040748596191,0.625,0.625
0,6,160,0.3495446443557739,0.859375,0.13336992263793945,0.21256017684936523,0.625,0.625
0,6,161,0.47676390409469604,0.78125,0.11534976959228516,0.20108842849731445,0.625,0.625
0,6,162,0.30874645709991455,0.90625,0.15778040885925293,0.2452993392944336,0.625,0.625
0,6,163,0.48889607191085815,0.8125,0.12152528762817383,0.20557236671447754,0.625,0.625
0,6,164,0.5541744232177734,0.859375,0.14795231819152832,0.23086237907409668,0.625,0.625
0,6,165,0.2821798324584961,0.890625,0.10902762413024902,0.1899123191833496,0.625,0.625
0,6,166,0.3116786479949951,0.90625,0.1433696746826172,0.22553610801696777,0.625,0.625
0,6,167,0.43694406747817993,0.84375,0.1101675033569336,0.19259119033813477,0.625,0.625
0,6,168,0.3995421528816223,0.84375,0.15283846855163574,0.24969840049743652,0.625,0.625
0,6,169,0.3175576627254486,0.859375,0.11453008651733398,0.19819951057434082,0.625,0.625
0,6,170,0.5492051839828491,0.796875,0.14824724197387695,0.22844219207763672,0.625,0.625
0,6,171,0.4203532338142395,0.859375,0.11694717407226562,0.21044635772705078,0.625,0.625
0,6,172,0.4500160813331604,0.859375,0.11973309516906738,0.202362060546875,0.625,0.625
0,6,173,0.43294161558151245,0.8125,0.12000870704650879,0.1988976001739502,0.625,0.625
0,6,174,0.3174237608909607,0.875,0.16391301155090332,0.2522413730621338,0.625,0.625
0,6,175,0.402492493391037,0.859375,0.13857746124267578,0.27053213119506836,0.625,0.625
0,6,176,0.6300210356712341,0.75,0.11182117462158203,0.2232646942138672,0.625,0.625
0,6,177,0.5175096988677979,0.8125,0.14177966117858887,0.2375483512878418,0.625,0.625
0,6,178,0.3632427155971527,0.84375,0.1576857566833496,0.2505500316619873,0.625,0.625
0,6,179,0.31703346967697144,0.90625,0.12691903114318848,0.20669841766357422,0.625,0.625
0,6,180,0.40636593103408813,0.859375,0.142409086227417,0.22491884231567383,0.625,0.625
0,6,181,0.3495486378669739,0.90625,0.1338670253753662,0.2160036563873291,0.625,0.625
0,6,182,0.2804376780986786,0.890625,0.13110566139221191,0.21420955657958984,0.625,0.625
0,6,183,0.3493177890777588,0.859375,0.11101937294006348,0.20333504676818848,0.625,0.625
0,6,184,0.5537654161453247,0.78125,0.1338193416595459,0.22543764114379883,0.625,0.625
0,6,185,0.40584009885787964,0.875,0.13053679466247559,0.21420907974243164,0.625,0.625
0,6,186,0.18618550896644592,0.90625,0.13147950172424316,0.21733307838439941,0.625,0.625
0,6,187,0.45327430963516235,0.78125,0.11890673637390137,0.19730138778686523,0.625,0.625
0,6,188,0.5580006241798401,0.875,0.16200017929077148,0.24367427825927734,0.625,0.625
0,6,189,0.2895413637161255,0.921875,0.1090850830078125,0.1913449764251709,0.625,0.625
0,6,190,0.6254199147224426,0.8125,0.15685272216796875,0.24121379852294922,0.625,0.625
0,6,191,0.4397241175174713,0.828125,0.11712074279785156,0.21079564094543457,0.625,0.625
0,6,192,0.45595937967300415,0.8125,0.14287757873535156,0.22537755966186523,0.625,0.625
0,6,193,0.35624411702156067,0.890625,0.11947798728942871,0.20975923538208008,0.625,0.625
0,6,194,0.2739325761795044,0.921875,0.1326768398284912,0.21837115287780762,0.625,0.625
0,6,195,0.37148645520210266,0.875,0.11098647117614746,0.1932847499847412,0.625,0.625
0,6,196,0.3833331763744354,0.859375,0.1261296272277832,0.20521903038024902,0.625,0.625
0,6,197,0.5860294103622437,0.84375,0.13989996910095215,0.22439932823181152,0.625,0.625
0,6,198,0.3966134190559387,0.84375,0.14447760581970215,0.23611140251159668,0.625,0.625
0,6,199,0.4314037561416626,0.84375,0.12260651588439941,0.20983552932739258,0.625,0.625
0,6,200,0.5025672912597656,0.796875,0.15484404563903809,0.2398838996887207,0.625,0.625
0,6,201,0.3309221565723419,0.890625,0.14031076431274414,0.22730684280395508,0.625,0.625
0,6,202,0.4804747700691223,0.78125,0.1282038688659668,0.2382664680480957,0.625,0.625
0,6,203,0.4527747631072998,0.84375,0.14139008522033691,0.2445237636566162,0.625,0.625
0,6,204,0.20475761592388153,0.96875,0.10944318771362305,0.1945180892944336,0.625,0.625
0,6,205,0.39757710695266724,0.828125,0.15894865989685059,0.24323725700378418,0.625,0.625
0,6,206,0.3011392056941986,0.84375,0.1057577133178711,0.1905381679534912,0.625,0.625
0,6,207,0.373960018157959,0.859375,0.12431931495666504,0.20368695259094238,0.625,0.625
0,6,208,0.5760871171951294,0.78125,0.11990714073181152,0.20325684547424316,0.625,0.625
0,6,209,0.5983388423919678,0.765625,0.12746429443359375,0.20522809028625488,0.625,0.625
0,6,210,0.5087927579879761,0.84375,0.1285104751586914,0.21922993659973145,0.625,0.625
0,6,211,0.4207965135574341,0.828125,0.14888978004455566,0.24269890785217285,0.625,0.625
0,6,212,0.33737391233444214,0.84375,0.11816000938415527,0.2127058506011963,0.625,0.625
0,6,213,0.3407747447490692,0.875,0.14250922203063965,0.23177146911621094,0.625,0.625
0,6,214,0.2509288787841797,0.9375,0.11403965950012207,0.20011425018310547,0.625,0.625
0,6,215,0.5326083898544312,0.859375,0.14103913307189941,0.21873116493225098,0.625,0.625
0,6,216,0.5014972686767578,0.796875,0.11443400382995605,0.1966557502746582,0.625,0.625
0,6,217,0.46385058760643005,0.859375,0.17008471488952637,0.2515268325805664,0.625,0.625
0,6,218,0.46721309423446655,0.875,0.15237069129943848,0.2604670524597168,0.625,0.625
0,6,219,0.4268859624862671,0.828125,0.15355634689331055,0.2525491714477539,0.625,0.625
0,6,220,0.45270541310310364,0.828125,0.10944890975952148,0.1983342170715332,0.625,0.625
0,6,221,0.40170663595199585,0.84375,0.15299201011657715,0.24087882041931152,0.625,0.625
0,6,222,0.5493306517601013,0.8125,0.11006784439086914,0.19552946090698242,0.625,0.625
0,6,223,0.4460885226726532,0.8125,0.1300032138824463,0.21328330039978027,0.625,0.625
0,6,224,0.3604010045528412,0.859375,0.10301971435546875,0.19558405876159668,0.625,0.625
0,6,225,0.5976924300193787,0.796875,0.12767386436462402,0.20472097396850586,0.625,0.625
0,6,226,0.6517336368560791,0.765625,0.11999225616455078,0.19784760475158691,0.625,0.625
0,6,227,0.450477659702301,0.828125,0.13077163696289062,0.21263408660888672,0.625,0.625
0,6,228,0.30674391984939575,0.90625,0.10883426666259766,0.19182968139648438,0.625,0.625
0,6,229,0.5095144510269165,0.84375,0.12892746925354004,0.20820021629333496,0.625,0.625
0,6,230,0.36583876609802246,0.890625,0.10291695594787598,0.18636465072631836,0.625,0.625
0,6,231,0.4183257520198822,0.859375,0.14779067039489746,0.2261037826538086,0.625,0.625
0,6,232,0.46364203095436096,0.828125,0.10548090934753418,0.18353700637817383,0.625,0.625
0,6,233,0.6870976686477661,0.765625,0.13562345504760742,0.21245956420898438,0.625,0.625
0,6,234,0.4320313036441803,0.828125,0.11348700523376465,0.19439387321472168,0.625,0.625
0,6,235,0.3793707489967346,0.859375,0.139892578125,0.21857714653015137,0.625,0.625
0,6,236,0.6820229291915894,0.765625,0.10592508316040039,0.18410873413085938,0.625,0.625
0,6,237,0.4876887798309326,0.796875,0.13257455825805664,0.21225285530090332,0.625,0.625
0,6,238,0.728795051574707,0.78125,0.1082601547241211,0.19310474395751953,0.625,0.625
0,6,239,0.6139808893203735,0.78125,0.12994861602783203,0.21309947967529297,0.625,0.625
0,6,240,0.4546705484390259,0.875,0.1050405502319336,0.18291997909545898,0.625,0.625
0,6,241,0.48050656914711,0.875,0.13494205474853516,0.21283698081970215,0.625,0.625
0,6,242,0.42900484800338745,0.84375,0.10522913932800293,0.19024133682250977,0.625,0.625
0,6,243,0.2717249393463135,0.90625,0.12653326988220215,0.20665431022644043,0.625,0.625
0,6,244,0.3796064555644989,0.875,0.10604429244995117,0.18839550018310547,0.625,0.625
0,6,245,0.5123683214187622,0.796875,0.14171600341796875,0.23194313049316406,0.625,0.625
0,6,246,0.4223023056983948,0.859375,0.10299324989318848,0.1955249309539795,0.625,0.625
0,6,247,0.3700481653213501,0.875,0.12320756912231445,0.20366239547729492,0.625,0.625
0,6,248,0.5748291015625,0.8125,0.1058046817779541,0.1841297149658203,0.625,0.625
0,6,249,0.4327797293663025,0.78125,0.1266639232635498,0.20399808883666992,0.625,0.625
0,6,250,0.2956816554069519,0.90625,0.1021873950958252,0.18321728706359863,0.625,0.625
0,6,251,0.4709067642688751,0.796875,0.12978625297546387,0.21346354484558105,0.625,0.625
0,6,252,0.24484485387802124,0.90625,0.09343218803405762,0.18780183792114258,0.625,0.625
0,6,253,0.28817275166511536,0.890625,0.14594173431396484,0.22997307777404785,0.625,0.625
0,6,254,0.4109588861465454,0.84375,0.1107187271118164,0.19028735160827637,0.625,0.625
0,6,255,0.5796260833740234,0.765625,0.13532614707946777,0.21571636199951172,0.625,0.625
0,6,256,0.3643561601638794,0.875,0.10740303993225098,0.18717503547668457,0.625,0.625
0,6,257,0.3702739179134369,0.859375,0.13397884368896484,0.2187509536743164,0.625,0.625
0,6,258,0.2652575969696045,0.875,0.11231684684753418,0.19811725616455078,0.625,0.625
0,6,259,0.4106771945953369,0.859375,0.12209057807922363,0.2012484073638916,0.625,0.625
0,7,0,0.3463127911090851,0.90625,0.07286381721496582,0.15880560874938965,0.625,0.625
0,7,1,0.3534991145133972,0.90625,0.09492731094360352,0.18362879753112793,0.625,0.625
0,7,2,0.36058706045150757,0.890625,0.10773992538452148,0.18732309341430664,0.625,0.625
0,7,3,0.32942330837249756,0.90625,0.15137052536010742,0.23288393020629883,0.625,0.625
0,7,4,0.2890070676803589,0.9375,0.12156367301940918,0.21107745170593262,0.625,0.625
0,7,5,0.2501867115497589,0.921875,0.1457078456878662,0.22994470596313477,0.625,0.625
0,7,6,0.15404435992240906,0.984375,0.11306333541870117,0.19478082656860352,0.625,0.625
0,7,7,0.2795830965042114,0.90625,0.13599276542663574,0.2207174301147461,0.625,0.625
0,7,8,0.28926530480384827,0.890625,0.12510442733764648,0.21515154838562012,0.625,0.625
0,7,9,0.212773397564888,0.9375,0.148850679397583,0.23610806465148926,0.625,0.625
0,7,10,0.20572149753570557,0.90625,0.10404706001281738,0.18810582160949707,0.625,0.625
0,7,11,0.22020933032035828,0.921875,0.14203739166259766,0.2294759750366211,0.625,0.625
0,7,12,0.2807621359825134,0.890625,0.10528135299682617,0.19099855422973633,0.625,0.625
0,7,13,0.22240108251571655,0.921875,0.14609575271606445,0.22745537757873535,0.625,0.625
0,7,14,0.27146288752555847,0.90625,0.11853432655334473,0.19999337196350098,0.625,0.625
0,7,15,0.25958818197250366,0.90625,0.1228790283203125,0.2041928768157959,0.625,0.625
0,7,16,0.2616129517555237,0.890625,0.10414409637451172,0.19125580787658691,0.625,0.625
0,7,17,0.17372944951057434,0.9375,0.12444567680358887,0.2107999324798584,0.625,0.625
0,7,18,0.4273451566696167,0.890625,0.11557984352111816,0.19945979118347168,0.625,0.625
0,7,19,0.22829824686050415,0.90625,0.11230063438415527,0.19437408447265625,0.625,0.625
0,7,20,0.3022195100784302,0.890625,0.1311790943145752,0.21270489692687988,0.625,0.625
0,7,21,0.38079923391342163,0.875,0.1161184310913086,0.19342923164367676,0.625,0.625
0,7,22,0.23391203582286835,0.921875,0.1397109031677246,0.222822904586792,0.625,0.625
0,7,23,0.4180615246295929,0.84375,0.11527562141418457,0.20777392387390137,0.625,0.625
0,7,24,0.2122514843940735,0.953125,0.1283116340637207,0.20534992218017578,0.625,0.625
0,7,25,0.34073638916015625,0.859375,0.10421490669250488,0.18494606018066406,0.625,0.625
0,7,26,0.4002499580383301,0.796875,0.13173246383666992,0.21245479583740234,0.625,0.625
0,7,27,0.4451436996459961,0.796875,0.10815644264221191,0.18912267684936523,0.625,0.625
0,7,28,0.21360772848129272,0.96875,0.1504983901977539,0.23880529403686523,0.625,0.625
0,7,29,0.3328738808631897,0.890625,0.11213254928588867,0.20110297203063965,0.625,0.625
0,7,30,0.17252448201179504,0.96875,0.12296438217163086,0.20812296867370605,0.625,0.625
0,7,31,0.37437936663627625,0.921875,0.11210250854492188,0.19720888137817383,0.625,0.625
0,7,32,0.23804721236228943,0.9375,0.12406349182128906,0.20084857940673828,0.625,0.625
0,7,33,0.207120880484581,0.9375,0.1298511028289795,0.20837092399597168,0.625,0.625
0,7,34,0.28290924429893494,0.90625,0.1425333023071289,0.22029852867126465,0.625,0.625
0,7,35,0.18705907464027405,0.9375,0.10109353065490723,0.18578600883483887,0.625,0.625
0,7,36,0.38398367166519165,0.875,0.13355326652526855,0.21184563636779785,0.625,0.625
0,7,37,0.2919209599494934,0.875,0.1026301383972168,0.19417119026184082,0.625,0.625
0,7,38,0.2121557593345642,0.9375,0.12555670738220215,0.20726776123046875,0.625,0.625
0,7,39,0.2658955454826355,0.90625,0.10421013832092285,0.18366360664367676,0.625,0.625
0,7,40,0.32075855135917664,0.90625,0.13568472862243652,0.220367431640625,0.625,0.625
0,7,41,0.2961418330669403,0.875,0.12618303298950195,0.21043729782104492,0.625,0.625
0,7,42,0.48149019479751587,0.875,0.12946343421936035,0.20975565910339355,0.625,0.625
0,7,43,0.24629731476306915,0.921875,0.10524511337280273,0.18552541732788086,0.625,0.625
0,7,44,0.37231701612472534,0.84375,0.12981367111206055,0.2107701301574707,0.625,0.625
0,7,45,0.35960349440574646,0.90625,0.10794711112976074,0.1870889663696289,0.625,0.625
0,7,46,0.4394860565662384,0.875,0.1347208023071289,0.21329307556152344,0.625,0.625
0,7,47,0.28745079040527344,0.875,0.12122702598571777,0.20406723022460938,0.625,0.625
0,7,48,0.1881255805492401,0.921875,0.12894272804260254,0.20816755294799805,0.625,0.625
0,7,49,0.20117267966270447,0.953125,0.1088402271270752,0.19165468215942383,0.625,0.625
0,7,50,0.36151397228240967,0.875,0.1456437110900879,0.22209644317626953,0.625,0.625
0,7,51,0.3738556206226349,0.875,0.10651421546936035,0.18862295150756836,0.625,0.625
0,7,52,0.21880346536636353,0.921875,0.12903308868408203,0.20896267890930176,0.625,0.625
0,7,53,0.12261467427015305,1.0,0.1192464828491211,0.19779253005981445,0.625,0.625
0,7,54,0.223379984498024,0.9375,0.13592958450317383,0.2142491340637207,0.625,0.625
0,7,55,0.27534374594688416,0.875,0.11631321907043457,0.19973087310791016,0.625,0.625
0,7,56,0.34071701765060425,0.859375,0.1207437515258789,0.19988727569580078,0.625,0.625
0,7,57,0.3907662034034729,0.90625,0.13559985160827637,0.21839094161987305,0.625,0.625
0,7,58,0.32120442390441895,0.875,0.12552833557128906,0.20540070533752441,0.625,0.625
0,7,59,0.3153897225856781,0.890625,0.12961483001708984,0.20924997329711914,0.625,0.625
0,7,60,0.2723543643951416,0.90625,0.12642598152160645,0.20188593864440918,0.625,0.625
0,7,61,0.1317513883113861,0.96875,0.11035370826721191,0.18886899948120117,0.625,0.625
0,7,62,0.2552148103713989,0.90625,0.1500709056854248,0.2305002212524414,0.625,0.625
0,7,63,0.19111153483390808,0.9375,0.12098407745361328,0.20223402976989746,0.625,0.625
0,7,64,0.2955983579158783,0.921875,0.132110595703125,0.21096515655517578,0.625,0.625
0,7,65,0.4209325909614563,0.84375,0.11750459671020508,0.20169639587402344,0.625,0.625
0,7,66,0.15448026359081268,0.953125,0.13782286643981934,0.22228455543518066,0.625,0.625
0,7,67,0.3235820531845093,0.90625,0.10675883293151855,0.19011473655700684,0.625,0.625
0,7,68,0.2696075439453125,0.9375,0.12479639053344727,0.21436238288879395,0.625,0.625
0,7,69,0.3512524366378784,0.90625,0.1373279094696045,0.2161264419555664,0.625,0.625
0,7,70,0.355680912733078,0.890625,0.1088094711303711,0.18662810325622559,0.625,0.625
0,7,71,0.425900399684906,0.828125,0.13489460945129395,0.21850180625915527,0.625,0.625
0,7,72,0.2821398377418518,0.9375,0.10719585418701172,0.18764519691467285,0.625,0.625
0,7,73,0.2957685589790344,0.875,0.1264803409576416,0.20775270462036133,0.625,0.625
0,7,74,0.32751429080963135,0.921875,0.10383057594299316,0.18337464332580566,0.625,0.625
0,7,75,0.3096553683280945,0.84375,0.13374853134155273,0.21474266052246094,0.625,0.625
0,7,76,0.13114944100379944,1.0,0.10939621925354004,0.19025158882141113,0.625,0.625
0,7,77,0.20483046770095825,0.953125,0.13126659393310547,0.21825575828552246,0.625,0.625
0,7,78,0.29406097531318665,0.875,0.11074280738830566,0.18761372566223145,0.625,0.625
0,7,79,0.1945180892944336,0.953125,0.13866758346557617,0.2229611873626709,0.625,0.625
0,7,80,0.36171239614486694,0.828125,0.1146540641784668,0.19671320915222168,0.625,0.625
0,7,81,0.20404508709907532,0.9375,0.1357421875,0.21866846084594727,0.625,0.625
0,7,82,0.29076236486434937,0.890625,0.10238766670227051,0.19190406799316406,0.625,0.625
0,7,83,0.35800737142562866,0.875,0.14817047119140625,0.22557902336120605,0.625,0.625
0,7,84,0.26913928985595703,0.921875,0.1191415786743164,0.20385003089904785,0.625,0.625
0,7,85,0.4004061222076416,0.828125,0.14215826988220215,0.21944260597229004,0.625,0.625
0,7,86,0.3488951325416565,0.828125,0.11550235748291016,0.1969754695892334,0.625,0.625
0,7,87,0.44837331771850586,0.8125,0.14149022102355957,0.2252345085144043,0.625,0.625
0,7,88,0.356151819229126,0.84375,0.13248562812805176,0.20981097221374512,0.625,0.625
0,7,89,0.43197280168533325,0.859375,0.11769843101501465,0.19453001022338867,0.625,0.625
0,7,90,0.28370797634124756,0.90625,0.12074685096740723,0.2008376121520996,0.625,0.625
0,7,91,0.3587770164012909,0.890625,0.14084148406982422,0.22307920455932617,0.625,0.625
0,7,92,0.2180548459291458,0.921875,0.10132217407226562,0.1807711124420166,0.625,0.625
0,7,93,0.24153658747673035,0.90625,0.14001035690307617,0.21724772453308105,0.625,0.625
0,7,94,0.2868926227092743,0.90625,0.10394859313964844,0.1829845905303955,0.625,0.625
0,7,95,0.44234326481819153,0.796875,0.12333798408508301,0.20771527290344238,0.625,0.625
0,7,96,0.2977224290370941,0.921875,0.10422348976135254,0.18712425231933594,0.625,0.625
0,7,97,0.4167153239250183,0.84375,0.1404109001159668,0.2181079387664795,0.625,0.625
0,7,98,0.21790355443954468,0.921875,0.10409927368164062,0.18320846557617188,0.625,0.625
0,7,99,0.33228281140327454,0.890625,0.13121819496154785,0.2160491943359375,0.625,0.625
0,7,100,0.37814897298812866,0.859375,0.10816407203674316,0.19061517715454102,0.625,0.625
0,7,101,0.18748128414154053,0.921875,0.1447434425354004,0.22646617889404297,0.625,0.625
0,7,102,0.34749463200569153,0.890625,0.10878753662109375,0.18984198570251465,0.625,0.625
0,7,103,0.38158172369003296,0.90625,0.1304171085357666,0.20897984504699707,0.625,0.625
0,7,104,0.2636722922325134,0.890625,0.1260974407196045,0.20356273651123047,0.625,0.625
0,7,105,0.30144640803337097,0.921875,0.1388092041015625,0.21866059303283691,0.625,0.625
0,7,106,0.26321494579315186,0.953125,0.1085360050201416,0.1930248737335205,0.625,0.625
0,7,107,0.30689775943756104,0.953125,0.1297445297241211,0.2133498191833496,0.625,0.625
0,7,108,0.4318692088127136,0.859375,0.14212894439697266,0.22728824615478516,0.625,0.625
0,7,109,0.36509135365486145,0.875,0.1379532814025879,0.2231893539428711,0.625,0.625
0,7,110,0.2600521743297577,0.90625,0.11006975173950195,0.19493699073791504,0.625,0.625
0,7,111,0.2574199438095093,0.875,0.12677741050720215,0.20904946327209473,0.625,0.625
0,7,112,0.36169666051864624,0.8125,0.11971306800842285,0.2047128677368164,0.625,0.625
0,7,113,0.2822023034095764,0.90625,0.13309502601623535,0.2182633876800537,0.625,0.625
0,7,114,0.13073910772800446,0.984375,0.11535525321960449,0.19901347160339355,0.625,0.625
0,7,115,0.35030221939086914,0.921875,0.14309453964233398,0.22525477409362793,0.625,0.625
0,7,116,0.27487319707870483,0.90625,0.11256599426269531,0.20342087745666504,0.625,0.625
0,7,117,0.377835750579834,0.875,0.12395524978637695,0.21171355247497559,0.625,0.625
0,7,118,0.1264413297176361,0.96875,0.1080620288848877,0.18640804290771484,0.625,0.625
0,7,119,0.3611057996749878,0.859375,0.13237977027893066,0.2127516269683838,0.625,0.625
0,7,120,0.49200522899627686,0.84375,0.10436296463012695,0.18686580657958984,0.625,0.625
0,7,121,0.1994953751564026,0.9375,0.12895607948303223,0.21177911758422852,0.625,0.625
0,7,122,0.26253482699394226,0.9375,0.10774731636047363,0.195281982421875,0.625,0.625
0,7,123,0.25849449634552,0.9375,0.1199641227722168,0.2011263370513916,0.625,0.625
0,7,124,0.24804171919822693,0.90625,0.10447263717651367,0.18092989921569824,0.625,0.625
0,7,125,0.3489426374435425,0.859375,0.1360301971435547,0.22124981880187988,0.625,0.625
0,7,126,0.19267559051513672,0.921875,0.10634851455688477,0.19446539878845215,0.625,0.625
0,7,127,0.294487863779068,0.890625,0.15030789375305176,0.2311089038848877,0.625,0.625
0,7,128,0.2963819205760956,0.875,0.10593318939208984,0.2056412696838379,0.625,0.625
0,7,129,0.2572616934776306,0.90625,0.10908055305480957,0.19452404975891113,0.625,0.625
0,7,130,0.37995800375938416,0.890625,0.11005902290344238,0.1899559497833252,0.625,0.625
0,7,131,0.22521096467971802,0.890625,0.13598036766052246,0.22113680839538574,0.625,0.625
0,7,132,0.26348066329956055,0.90625,0.12142634391784668,0.20402812957763672,0.625,0.625
0,7,133,0.42891407012939453,0.8125,0.13370466232299805,0.21108460426330566,0.625,0.625
0,7,134,0.40221238136291504,0.890625,0.1188960075378418,0.1981499195098877,0.625,0.625
0,7,135,0.31560516357421875,0.875,0.1486530303955078,0.22749948501586914,0.625,0.625
0,7,136,0.3757866322994232,0.84375,0.1003713607788086,0.1832869052886963,0.625,0.625
0,7,137,0.270820677280426,0.890625,0.1435544490814209,0.22138094902038574,0.625,0.625
0,7,138,0.26068294048309326,0.921875,0.10890865325927734,0.1883533000946045,0.625,0.625
0,7,139,0.360842227935791,0.890625,0.1353445053100586,0.21471357345581055,0.625,0.625
0,7,140,0.3574807047843933,0.84375,0.11721372604370117,0.1982274055480957,0.625,0.625
0,7,141,0.6864919662475586,0.75,0.13812851905822754,0.21622395515441895,0.625,0.625
0,7,142,0.32239872217178345,0.90625,0.10449504852294922,0.18685626983642578,0.625,0.625
0,7,143,0.23072567582130432,0.90625,0.1273958683013916,0.20680809020996094,0.625,0.625
0,7,144,0.2460969090461731,0.890625,0.09612178802490234,0.1839137077331543,0.625,0.625
0,7,145,0.4312745928764343,0.8125,0.1351919174194336,0.2185511589050293,0.625,0.625
0,7,146,0.3838624358177185,0.859375,0.10717487335205078,0.1943962574005127,0.625,0.625
0,7,147,0.24217107892036438,0.90625,0.12294268608093262,0.20174241065979004,0.625,0.625
0,7,148,0.44210147857666016,0.859375,0.11913609504699707,0.20890212059020996,0.625,0.625
0,7,149,0.31337541341781616,0.84375,0.14036774635314941,0.22040224075317383,0.625,0.625
0,7,150,0.24273088574409485,0.921875,0.1016242504119873,0.18456101417541504,0.625,0.625
0,7,151,0.33405131101608276,0.890625,0.12935876846313477,0.20817327499389648,0.625,0.625
0,7,152,0.18472233414649963,0.953125,0.11504888534545898,0.19636106491088867,0.625,0.625
0,7,153,0.34487468004226685,0.859375,0.12361860275268555,0.20184087753295898,0.625,0.625
0,7,154,0.34826064109802246,0.90625,0.11041855812072754,0.19477272033691406,0.625,0.625
0,7,155,0.2925046682357788,0.84375,0.1287248134613037,0.204972505569458,0.625,0.625
0,7,156,0.43317002058029175,0.796875,0.11383414268493652,0.19718337059020996,0.625,0.625
0,7,157,0.35352852940559387,0.90625,0.13522601127624512,0.22097063064575195,0.625,0.625
0,7,158,0.39908403158187866,0.890625,0.11279749870300293,0.1950819492340088,0.625,0.625
0,7,159,0.40485695004463196,0.859375,0.1260204315185547,0.20619750022888184,0.625,0.625
0,7,160,0.33632007241249084,0.890625,0.11740612983703613,0.1964271068572998,0.625,0.625
0,7,161,0.4784625768661499,0.828125,0.14474892616271973,0.2247309684753418,0.625,0.625
0,7,162,0.22735926508903503,0.9375,0.11572456359863281,0.1988816261291504,0.625,0.625
0,7,163,0.1825895756483078,0.953125,0.1211996078491211,0.20087432861328125,0.625,0.625
0,7,164,0.3457320034503937,0.921875,0.11496329307556152,0.20043063163757324,0.625,0.625
0,7,165,0.45596742630004883,0.84375,0.15697050094604492,0.2434847354888916,0.625,0.625
0,7,166,0.30407872796058655,0.90625,0.1260535717010498,0.23211932182312012,0.625,0.625
0,7,167,0.29929599165916443,0.921875,0.1319267749786377,0.21494817733764648,0.625,0.625
0,7,168,0.5501132607460022,0.796875,0.11641049385070801,0.2032008171081543,0.625,0.625
0,7,169,0.4614906907081604,0.890625,0.13055205345153809,0.2113037109375,0.625,0.625
0,7,170,0.23657792806625366,0.921875,0.10723304748535156,0.19775652885437012,0.625,0.625
0,7,171,0.522168755531311,0.78125,0.12875103950500488,0.20928215980529785,0.625,0.625
0,7,172,0.334234356880188,0.890625,0.11313843727111816,0.19222712516784668,0.625,0.625
0,7,173,0.3088969886302948,0.890625,0.1380906105041504,0.2175307273864746,0.625,0.625
0,7,174,0.29690998792648315,0.90625,0.1159977912902832,0.19834637641906738,0.625,0.625
0,7,175,0.332464337348938,0.90625,0.12647271156311035,0.2033536434173584,0.625,0.625
0,7,176,0.24381837248802185,0.90625,0.10589194297790527,0.18770456314086914,0.625,0.625
0,7,177,0.6218043565750122,0.875,0.14155077934265137,0.22141790390014648,0.625,0.625
0,7,178,0.3210556209087372,0.90625,0.1258072853088379,0.20581912994384766,0.625,0.625
0,7,179,0.39216089248657227,0.796875,0.10333538055419922,0.18919658660888672,0.625,0.625
0,7,180,0.3093128502368927,0.90625,0.12897658348083496,0.21213054656982422,0.625,0.625
0,7,181,0.3917163908481598,0.859375,0.10076332092285156,0.19325637817382812,0.625,0.625
0,7,182,0.2882179021835327,0.921875,0.13411784172058105,0.21227526664733887,0.625,0.625
0,7,183,0.2319890260696411,0.9375,0.11039948463439941,0.18912410736083984,0.625,0.625
0,7,184,0.32204076647758484,0.890625,0.12790989875793457,0.2105112075805664,0.625,0.625
0,7,185,0.27805373072624207,0.90625,0.12150239944458008,0.20067977905273438,0.625,0.625
0,7,186,0.3464125990867615,0.875,0.14014053344726562,0.2256298065185547,0.625,0.625
0,7,187,0.17247095704078674,0.921875,0.1051645278930664,0.18569445610046387,0.625,0.625
0,7,188,0.24224761128425598,0.921875,0.1386408805847168,0.21906161308288574,0.625,0.625
0,7,189,0.4061957001686096,0.859375,0.1112368106842041,0.20106053352355957,0.625,0.625
0,7,190,0.22382375597953796,0.890625,0.1251363754272461,0.20654535293579102,0.625,0.625
0,7,191,0.5663597583770752,0.765625,0.10722970962524414,0.18814396858215332,0.625,0.625
0,7,192,0.45447808504104614,0.828125,0.14892172813415527,0.2269597053527832,0.625,0.625
0,7,193,0.27367478609085083,0.875,0.11234211921691895,0.1898181438446045,0.625,0.625
0,7,194,0.49607884883880615,0.875,0.13486933708190918,0.2136828899383545,0.625,0.625
0,7,195,0.583865225315094,0.78125,0.10305953025817871,0.1813197135925293,0.625,0.625
0,7,196,0.35214948654174805,0.84375,0.1312580108642578,0.21393203735351562,0.625,0.625
0,7,197,0.3740342855453491,0.8125,0.11682629585266113,0.19510531425476074,0.625,0.625
0,7,198,0.33855530619621277,0.90625,0.1301581859588623,0.2111351490020752,0.625,0.625
0,7,199,0.3541761636734009,0.890625,0.10258984565734863,0.1839756965637207,0.625,0.625
0,7,200,0.3783976435661316,0.859375,0.15030312538146973,0.2259521484375,0.625,0.625
0,7,201,0.5612555742263794,0.78125,0.10594964027404785,0.18431425094604492,0.625,0.625
0,7,202,0.28037774562835693,0.875,0.1357283592224121,0.2138512134552002,0.625,0.625
0,7,203,0.6178666353225708,0.75,0.10984563827514648,0.18825531005859375,0.625,0.625
0,7,204,0.32088184356689453,0.90625,0.14174771308898926,0.22095584869384766,0.625,0.625
0,7,205,0.3609112501144409,0.875,0.10818076133728027,0.18810653686523438,0.625,0.625
0,7,206,0.19630137085914612,0.9375,0.14864754676818848,0.24059677124023438,0.625,0.625
0,7,207,0.26617127656936646,0.921875,0.11002326011657715,0.19629502296447754,0.625,0.625
0,7,208,0.5387994050979614,0.78125,0.1406559944152832,0.22233963012695312,0.625,0.625
0,7,209,0.45002198219299316,0.8125,0.1101841926574707,0.19492602348327637,0.625,0.625
0,7,210,0.553183913230896,0.765625,0.14170289039611816,0.22339177131652832,0.625,0.625
0,7,211,0.32693928480148315,0.921875,0.1026003360748291,0.18151402473449707,0.625,0.625
0,7,212,0.3789522349834442,0.859375,0.1526966094970703,0.23626232147216797,0.625,0.625
0,7,213,0.491977721452713,0.78125,0.09931349754333496,0.19280362129211426,0.625,0.625
0,7,214,0.38245314359664917,0.875,0.15314555168151855,0.232940673828125,0.625,0.625
0,7,215,0.5056239366531372,0.8125,0.09350156784057617,0.1838696002960205,0.625,0.625
0,7,216,0.46983957290649414,0.8125,0.13375473022460938,0.22005343437194824,0.625,0.625
0,7,217,0.2516162097454071,0.875,0.10844731330871582,0.18851900100708008,0.625,0.625
0,7,218,0.3383887708187103,0.828125,0.13930892944335938,0.22336196899414062,0.625,0.625
0,7,219,0.4355633854866028,0.796875,0.1093740463256836,0.1907651424407959,0.625,0.625
0,7,220,0.5485907196998596,0.859375,0.1383049488067627,0.22338581085205078,0.625,0.625
0,7,221,0.3645709753036499,0.84375,0.10638117790222168,0.19738292694091797,0.625,0.625
0,7,222,0.5454273223876953,0.859375,0.14518094062805176,0.2356700897216797,0.625,0.625
0,7,223,0.25079405307769775,0.90625,0.10812044143676758,0.188462495803833,0.625,0.625
0,7,224,0.34902632236480713,0.875,0.13616681098937988,0.22157692909240723,0.625,0.625
0,7,225,0.39323416352272034,0.890625,0.11060047149658203,0.19695305824279785,0.625,0.625
0,7,226,0.4739524722099304,0.859375,0.14260077476501465,0.22329235076904297,0.625,0.625
0,7,227,0.29540497064590454,0.921875,0.1071481704711914,0.1878371238708496,0.625,0.625
0,7,228,0.357565701007843,0.890625,0.14255428314208984,0.2252805233001709,0.625,0.625
0,7,229,0.3822452425956726,0.84375,0.10741114616394043,0.20258283615112305,0.625,0.625
0,7,230,0.3855677843093872,0.859375,0.13033413887023926,0.20988965034484863,0.625,0.625
0,7,231,0.4841102361679077,0.84375,0.10935711860656738,0.19113397598266602,0.625,0.625
0,7,232,0.31925663352012634,0.84375,0.15885043144226074,0.2397623062133789,0.625,0.625
0,7,233,0.44890427589416504,0.875,0.11020064353942871,0.19039416313171387,0.625,0.625
0,7,234,0.534118115901947,0.765625,0.14075732231140137,0.22203421592712402,0.625,0.625
0,7,235,0.17218153178691864,0.921875,0.11796450614929199,0.20593619346618652,0.625,0.625
0,7,236,0.27233338356018066,0.875,0.1393275260925293,0.22596049308776855,0.625,0.625
0,7,237,0.47211575508117676,0.859375,0.10501432418823242,0.18542194366455078,0.625,0.625
0,7,238,0.3151276111602783,0.875,0.13736820220947266,0.22309470176696777,0.625,0.625
0,7,239,0.31525924801826477,0.890625,0.11038565635681152,0.1904895305633545,0.625,0.625
0,7,240,0.21555174887180328,0.953125,0.13513469696044922,0.21706628799438477,0.625,0.625
0,7,241,0.38822314143180847,0.84375,0.10538029670715332,0.18538951873779297,0.625,0.625
0,7,242,0.42745816707611084,0.828125,0.13411712646484375,0.211775541305542,0.625,0.625
0,7,243,0.23170438408851624,0.890625,0.10393333435058594,0.19003868103027344,0.625,0.625
0,7,244,0.4491308331489563,0.828125,0.1350395679473877,0.21370482444763184,0.625,0.625
0,7,245,0.3370021879673004,0.859375,0.1221625804901123,0.20128488540649414,0.625,0.625
0,7,246,0.43631577491760254,0.84375,0.14209485054016113,0.21779656410217285,0.625,0.625
0,7,247,0.4485103487968445,0.8125,0.1141202449798584,0.19401025772094727,0.625,0.625
0,7,248,0.29484134912490845,0.90625,0.12867450714111328,0.21320533752441406,0.625,0.625
0,7,249,0.44876110553741455,0.84375,0.10815644264221191,0.20275211334228516,0.625,0.625
0,7,250,0.388913631439209,0.84375,0.13388729095458984,0.21957087516784668,0.625,0.625
0,7,251,0.4167969524860382,0.828125,0.10872769355773926,0.19224286079406738,0.625,0.625
0,7,252,0.22212010622024536,0.859375,0.13814115524291992,0.2247018814086914,0.625,0.625
0,7,253,0.3430801033973694,0.859375,0.10418510437011719,0.1891639232635498,0.625,0.625
0,7,254,0.42749279737472534,0.859375,0.13523054122924805,0.21448969841003418,0.625,0.625
0,7,255,0.22317403554916382,0.9375,0.11812043190002441,0.2120819091796875,0.625,0.625
0,7,256,0.4390389621257782,0.90625,0.12995338439941406,0.20757603645324707,0.625,0.625
0,7,257,0.47118908166885376,0.84375,0.11480951309204102,0.1959843635559082,0.625,0.625
0,7,258,0.43612760305404663,0.875,0.13487720489501953,0.21274352073669434,0.625,0.625
0,7,259,0.2666394114494324,0.84375,0.09988570213317871,0.1833629608154297,0.625,0.625
0,8,0,0.16156518459320068,0.984375,0.17354488372802734,0.25945162773132324,0.625,0.625
0,8,1,0.14283409714698792,0.953125,0.14079022407531738,0.21723461151123047,0.625,0.625
0,8,2,0.25198179483413696,0.9375,0.10455799102783203,0.19229578971862793,0.625,0.625
0,8,3,0.23095661401748657,0.953125,0.12381434440612793,0.20727777481079102,0.625,0.625
0,8,4,0.22986650466918945,0.921875,0.11318302154541016,0.20781922340393066,0.625,0.625
0,8,5,0.2819415032863617,0.875,0.13344502449035645,0.21707963943481445,0.625,0.625
0,8,6,0.33234846591949463,0.90625,0.11731743812561035,0.19672822952270508,0.625,0.625
0,8,7,0.1637999713420868,0.96875,0.13863277435302734,0.21577978134155273,0.625,0.625
0,8,8,0.246287003159523,0.921875,0.11763262748718262,0.19762659072875977,0.625,0.625
0,8,9,0.15221500396728516,0.96875,0.139373779296875,0.2260427474975586,0.625,0.625
0,8,10,0.16113904118537903,0.953125,0.13100171089172363,0.21088576316833496,0.625,0.625
0,8,11,0.2749764621257782,0.921875,0.12838029861450195,0.21211481094360352,0.625,0.625
0,8,12,0.21268221735954285,0.921875,0.12631845474243164,0.20622634887695312,0.625,0.625
0,8,13,0.1673922836780548,0.953125,0.11015081405639648,0.19227194786071777,0.625,0.625
0,8,14,0.28808334469795227,0.953125,0.14909768104553223,0.23051857948303223,0.625,0.625
0,8,15,0.20955131947994232,0.9375,0.10652470588684082,0.1967175006866455,0.625,0.625
0,8,16,0.24539045989513397,0.9375,0.14009594917297363,0.2194228172302246,0.625,0.625
0,8,17,0.23298601806163788,0.921875,0.12165546417236328,0.19957852363586426,0.625,0.625
0,8,18,0.3032214939594269,0.890625,0.1422569751739502,0.22096991539001465,0.625,0.625
0,8,19,0.26252102851867676,0.890625,0.11225199699401855,0.19333362579345703,0.625,0.625
0,8,20,0.11350126564502716,0.96875,0.13297533988952637,0.21170735359191895,0.625,0.625
0,8,21,0.18197280168533325,0.9375,0.1055917739868164,0.1930248737335205,0.625,0.625
0,8,22,0.2363981157541275,0.890625,0.12810420989990234,0.20568132400512695,0.625,0.625
0,8,23,0.18161267042160034,0.9375,0.10778546333312988,0.2052469253540039,0.625,0.625
0,8,24,0.18079355359077454,0.9375,0.12717270851135254,0.2080385684967041,0.625,0.625
0,8,25,0.2543331980705261,0.90625,0.09942030906677246,0.18367314338684082,0.625,0.625
0,8,26,0.24412870407104492,0.875,0.13595294952392578,0.22265911102294922,0.625,0.625
0,8,27,0.20749342441558838,0.9375,0.10082077980041504,0.18083953857421875,0.625,0.625
0,8,28,0.3765004277229309,0.875,0.1511225700378418,0.23746871948242188,0.625,0.625
0,8,29,0.3151160478591919,0.84375,0.10592150688171387,0.18575692176818848,0.625,0.625
0,8,30,0.29931533336639404,0.859375,0.14267206192016602,0.22069859504699707,0.625,0.625
0,8,31,0.34349411725997925,0.90625,0.10903096199035645,0.18857240676879883,0.625,0.625
0,8,32,0.2960961163043976,0.890625,0.13306117057800293,0.21386957168579102,0.625,0.625
0,8,33,0.2895659804344177,0.875,0.10763096809387207,0.19230008125305176,0.625,0.625
0,8,34,0.16957664489746094,0.953125,0.12849760055541992,0.21822667121887207,0.625,0.625
0,8,35,0.15872034430503845,0.953125,0.1206350326538086,0.20239543914794922,0.625,0.625
0,8,36,0.15000884234905243,0.953125,0.11051630973815918,0.2012639045715332,0.625,0.625
0,8,37,0.2572847604751587,0.90625,0.1305530071258545,0.21190714836120605,0.625,0.625
0,8,38,0.4504045248031616,0.796875,0.12317466735839844,0.20615744590759277,0.625,0.625
0,8,39,0.18901681900024414,0.9375,0.12520766258239746,0.2043766975402832,0.625,0.625
0,8,40,0.23411385715007782,0.890625,0.11540937423706055,0.1968691349029541,0.625,0.625
0,8,41,0.3100593090057373,0.90625,0.14828038215637207,0.2292940616607666,0.625,0.625
0,8,42,0.17080196738243103,0.953125,0.13502907752990723,0.2178041934967041,0.625,0.625
0,8,43,0.24934566020965576,0.921875,0.15102314949035645,0.23812294006347656,0.625,0.625
0,8,44,0.436106413602829,0.828125,0.10770845413208008,0.19165492057800293,0.625,0.625
0,8,45,0.11439414322376251,0.984375,0.15633893013000488,0.2453765869140625,0.625,0.625
0,8,46,0.15238657593727112,0.953125,0.1069192886352539,0.19481492042541504,0.625,0.625
0,8,47,0.39816421270370483,0.875,0.14897775650024414,0.23127388954162598,0.625,0.625
0,8,48,0.46072283387184143,0.8125,0.11139750480651855,0.20082712173461914,0.625,0.625
0,8,49,0.19756992161273956,0.9375,0.14172792434692383,0.22350788116455078,0.625,0.625
0,8,50,0.16772711277008057,0.9375,0.11875653266906738,0.19800114631652832,0.625,0.625
0,8,51,0.24657976627349854,0.921875,0.13878560066223145,0.21714186668395996,0.625,0.625
0,8,52,0.2912549078464508,0.921875,0.1169283390045166,0.19802641868591309,0.625,0.625
0,8,53,0.16542492806911469,0.96875,0.1286792755126953,0.21716070175170898,0.625,0.625
0,8,54,0.18202421069145203,0.90625,0.11917233467102051,0.1994621753692627,0.625,0.625
0,8,55,0.32532036304473877,0.890625,0.10630559921264648,0.19307708740234375,0.625,0.625
0,8,56,0.33249783515930176,0.875,0.12241816520690918,0.2115323543548584,0.625,0.625
0,8,57,0.19447720050811768,0.96875,0.11607885360717773,0.20676565170288086,0.625,0.625
0,8,58,0.28527408838272095,0.890625,0.13640213012695312,0.2228846549987793,0.625,0.625
0,8,59,0.26948726177215576,0.890625,0.11185431480407715,0.19173145294189453,0.625,0.625
0,8,60,0.20509326457977295,0.9375,0.1481940746307373,0.23236751556396484,0.625,0.625
0,8,61,0.24296021461486816,0.890625,0.10852718353271484,0.20771455764770508,0.625,0.625
0,8,62,0.25173822045326233,0.875,0.14635896682739258,0.24354314804077148,0.625,0.625
0,8,63,0.2665868103504181,0.9375,0.1013340950012207,0.2016756534576416,0.625,0.625
0,8,64,0.3270864188671112,0.890625,0.1238396167755127,0.20161938667297363,0.625,0.625
0,8,65,0.1645263433456421,0.953125,0.10595035552978516,0.18853497505187988,0.625,0.625
0,8,66,0.26258963346481323,0.9375,0.12667346000671387,0.21212005615234375,0.625,0.625
0,8,67,0.21541154384613037,0.921875,0.1313610076904297,0.2161879539489746,0.625,0.625
0,8,68,0.16543784737586975,0.9375,0.10897135734558105,0.1903088092803955,0.625,0.625
0,8,69,0.32554110884666443,0.921875,0.14134931564331055,0.22220730781555176,0.625,0.625
0,8,70,0.2395375370979309,0.90625,0.12644386291503906,0.207855224609375,0.625,0.625
0,8,71,0.3230070471763611,0.921875,0.13389968872070312,0.21596026420593262,0.625,0.625
0,8,72,0.22245433926582336,0.921875,0.1102597713470459,0.2055058479309082,0.625,0.625
0,8,73,0.3506462574005127,0.875,0.12353658676147461,0.20693421363830566,0.625,0.625
0,8,74,0.17783081531524658,0.9375,0.10391688346862793,0.18612194061279297,0.625,0.625
0,8,75,0.28266775608062744,0.890625,0.14368867874145508,0.22458600997924805,0.625,0.625
0,8,76,0.18119466304779053,0.96875,0.12001895904541016,0.20558881759643555,0.625,0.625
0,8,77,0.4963473081588745,0.890625,0.12531137466430664,0.2065436840057373,0.625,0.625
0,8,78,0.18509116768836975,0.9375,0.10626602172851562,0.1928727626800537,0.625,0.625
0,8,79,0.3330807089805603,0.875,0.14150333404541016,0.22485136985778809,0.625,0.625
0,8,80,0.19275838136672974,0.9375,0.10626792907714844,0.18871498107910156,0.625,0.625
0,8,81,0.2791803479194641,0.875,0.13611412048339844,0.21661806106567383,0.625,0.625
0,8,82,0.31416812539100647,0.890625,0.10000967979431152,0.1900954246520996,0.625,0.625
0,8,83,0.3139556646347046,0.875,0.12785649299621582,0.21352672576904297,0.625,0.625
0,8,84,0.2594105899333954,0.875,0.11821293830871582,0.19581294059753418,0.625,0.625
0,8,85,0.23438936471939087,0.890625,0.14252710342407227,0.22089457511901855,0.625,0.625
0,8,86,0.14838483929634094,0.96875,0.11278390884399414,0.1911158561706543,0.625,0.625
0,8,87,0.18404683470726013,0.953125,0.12490487098693848,0.21311092376708984,0.625,0.625
0,8,88,0.3977357745170593,0.859375,0.10289192199707031,0.18275952339172363,0.625,0.625
0,8,89,0.2315552830696106,0.890625,0.13060879707336426,0.20840716361999512,0.625,0.625
0,8,90,0.2967711091041565,0.90625,0.11764049530029297,0.19719195365905762,0.625,0.625
0,8,91,0.3465963900089264,0.828125,0.14511370658874512,0.22953438758850098,0.625,0.625
0,8,92,0.18984919786453247,0.9375,0.10812783241271973,0.1945972442626953,0.625,0.625
0,8,93,0.3078387379646301,0.90625,0.12589764595031738,0.2103443145751953,0.625,0.625
0,8,94,0.1804480254650116,0.90625,0.12382936477661133,0.20225954055786133,0.625,0.625
0,8,95,0.17687207460403442,0.953125,0.13800477981567383,0.23561930656433105,0.625,0.625
0,8,96,0.2733142375946045,0.90625,0.11468625068664551,0.19422459602355957,0.625,0.625
0,8,97,0.18918836116790771,0.921875,0.10704231262207031,0.1928853988647461,0.625,0.625
0,8,98,0.09769531339406967,0.96875,0.12925195693969727,0.20903444290161133,0.625,0.625
0,8,99,0.3341231346130371,0.890625,0.10918092727661133,0.1894056797027588,0.625,0.625
0,8,100,0.1306195706129074,0.953125,0.12330293655395508,0.20227265357971191,0.625,0.625
0,8,101,0.2728273272514343,0.9375,0.1450026035308838,0.22368431091308594,0.625,0.625
0,8,102,0.2991417646408081,0.921875,0.12500953674316406,0.20628571510314941,0.625,0.625
0,8,103,0.17648929357528687,0.921875,0.13731789588928223,0.21567726135253906,0.625,0.625
0,8,104,0.3494006097316742,0.890625,0.13216876983642578,0.2197246551513672,0.625,0.625
0,8,105,0.40831297636032104,0.875,0.1194908618927002,0.19603705406188965,0.625,0.625
0,8,106,0.09784002602100372,0.96875,0.10650897026062012,0.18721294403076172,0.625,0.625
0,8,107,0.17001938819885254,0.9375,0.13240456581115723,0.210829496383667,0.625,0.625
0,8,108,0.17144736647605896,0.953125,0.11480498313903809,0.2043764591217041,0.625,0.625
0,8,109,0.2845579981803894,0.9375,0.11883783340454102,0.19694995880126953,0.625,0.625
0,8,110,0.2693710923194885,0.890625,0.10310935974121094,0.1828444004058838,0.625,0.625
0,8,111,0.17885270714759827,0.921875,0.1360790729522705,0.21913719177246094,0.625,0.625
0,8,112,0.30168670415878296,0.890625,0.1266956329345703,0.20969414710998535,0.625,0.625
0,8,113,0.25361746549606323,0.921875,0.09878826141357422,0.1905367374420166,0.625,0.625
0,8,114,0.23111557960510254,0.921875,0.13894367218017578,0.22012805938720703,0.625,0.625
0,8,115,0.37172436714172363,0.859375,0.12469768524169922,0.20426630973815918,0.625,0.625
0,8,116,0.16078487038612366,0.953125,0.13127899169921875,0.22289490699768066,0.625,0.625
0,8,117,0.3360061049461365,0.90625,0.11178421974182129,0.19076061248779297,0.625,0.625
0,8,118,0.1504574716091156,0.96875,0.13226985931396484,0.21083402633666992,0.625,0.625
0,8,119,0.24316146969795227,0.90625,0.11196017265319824,0.19087433815002441,0.625,0.625
0,8,120,0.28513002395629883,0.921875,0.13822579383850098,0.22767353057861328,0.625,0.625
0,8,121,0.3445395827293396,0.890625,0.10313081741333008,0.18633818626403809,0.625,0.625
0,8,122,0.25508904457092285,0.890625,0.12952923774719238,0.21107912063598633,0.625,0.625
0,8,123,0.10956461727619171,0.96875,0.10950088500976562,0.18840742111206055,0.625,0.625
0,8,124,0.3131430149078369,0.890625,0.14163517951965332,0.22881269454956055,0.625,0.625
0,8,125,0.23679599165916443,0.90625,0.10276913642883301,0.19502997398376465,0.625,0.625
0,8,126,0.26663705706596375,0.921875,0.12199902534484863,0.2075967788696289,0.625,0.625
0,8,127,0.4707576036453247,0.8125,0.11008143424987793,0.1906909942626953,0.625,0.625
0,8,128,0.2965119481086731,0.96875,0.1431751251220703,0.2201061248779297,0.625,0.625
0,8,129,0.3896685242652893,0.859375,0.10473942756652832,0.18557071685791016,0.625,0.625
0,8,130,0.2031959891319275,0.9375,0.13756561279296875,0.21799182891845703,0.625,0.625
0,8,131,0.227666974067688,0.9375,0.12395930290222168,0.2032914161682129,0.625,0.625
0,8,132,0.54112309217453,0.859375,0.1369926929473877,0.21860599517822266,0.625,0.625
0,8,133,0.30054420232772827,0.90625,0.10971331596374512,0.19103646278381348,0.625,0.625
0,8,134,0.2969890236854553,0.9375,0.12710928916931152,0.2108931541442871,0.625,0.625
0,8,135,0.20329634845256805,0.9375,0.10947132110595703,0.1970834732055664,0.625,0.625
0,8,136,0.16419440507888794,0.96875,0.11863017082214355,0.1971423625946045,0.625,0.625
0,8,137,0.3860706686973572,0.859375,0.10780978202819824,0.1925196647644043,0.625,0.625
0,8,138,0.22703532874584198,0.921875,0.12786340713500977,0.20865321159362793,0.625,0.625
0,8,139,0.20357319712638855,0.953125,0.10127639770507812,0.18400025367736816,0.625,0.625
0,8,140,0.2575111985206604,0.921875,0.1505115032196045,0.22891449928283691,0.625,0.625
0,8,141,0.4327459931373596,0.84375,0.11598324775695801,0.19832324981689453,0.625,0.625
0,8,142,0.14453649520874023,0.953125,0.13765430450439453,0.21660280227661133,0.625,0.625
0,8,143,0.16762438416481018,0.953125,0.12813305854797363,0.2065274715423584,0.625,0.625
0,8,144,0.47010093927383423,0.828125,0.13812804222106934,0.223435640335083,0.625,0.625
0,8,145,0.369709849357605,0.828125,0.10178971290588379,0.18024230003356934,0.625,0.625
0,8,146,0.202657088637352,0.953125,0.13963055610656738,0.22344160079956055,0.625,0.625
0,8,147,0.2420869767665863,0.921875,0.10595011711120605,0.18343329429626465,0.625,0.625
0,8,148,0.3300344944000244,0.890625,0.12889623641967773,0.21180129051208496,0.625,0.625
0,8,149,0.159633070230484,0.953125,0.10455894470214844,0.1836249828338623,0.625,0.625
0,8,150,0.34543704986572266,0.84375,0.146925687789917,0.2292623519897461,0.625,0.625
0,8,151,0.24893130362033844,0.875,0.10661816596984863,0.1849837303161621,0.625,0.625
0,8,152,0.2309911847114563,0.90625,0.13013315200805664,0.20981669425964355,0.625,0.625
0,8,153,0.21885988116264343,0.9375,0.1074366569519043,0.18871068954467773,0.625,0.625
0,8,154,0.26918336749076843,0.90625,0.12121772766113281,0.2046666145324707,0.625,0.625
0,8,155,0.45879969000816345,0.8125,0.1058809757232666,0.19495892524719238,0.625,0.625
0,8,156,0.2222183644771576,0.90625,0.13508939743041992,0.2180013656616211,0.625,0.625
0,8,157,0.2504262924194336,0.90625,0.10277342796325684,0.18375754356384277,0.625,0.625
0,8,158,0.11268795281648636,0.984375,0.13885235786437988,0.21932339668273926,0.625,0.625
0,8,159,0.2981630563735962,0.90625,0.10190272331237793,0.19367384910583496,0.625,0.625
0,8,160,0.23305942118167877,0.9375,0.13391757011413574,0.21714043617248535,0.625,0.625
0,8,161,0.2583511471748352,0.921875,0.13542819023132324,0.21689534187316895,0.625,0.625
0,8,162,0.15184274315834045,0.96875,0.10010647773742676,0.19004607200622559,0.625,0.625
0,8,163,0.3217676877975464,0.921875,0.12922191619873047,0.2087397575378418,0.625,0.625
0,8,164,0.20754411816596985,0.9375,0.11774301528930664,0.19843220710754395,0.625,0.625
0,8,165,0.3089146912097931,0.90625,0.13378000259399414,0.21264290809631348,0.625,0.625
0,8,166,0.34100157022476196,0.859375,0.11426591873168945,0.19275403022766113,0.625,0.625
0,8,167,0.4624083340167999,0.828125,0.13907909393310547,0.21904873847961426,0.625,0.625
0,8,168,0.22772745788097382,0.90625,0.11933374404907227,0.20267581939697266,0.625,0.625
0,8,169,0.07866126298904419,1.0,0.13175463676452637,0.21418023109436035,0.625,0.625
0,8,170,0.3480307161808014,0.859375,0.09953594207763672,0.1881246566772461,0.625,0.625
0,8,171,0.22053338587284088,0.9375,0.13191509246826172,0.21178627014160156,0.625,0.625
0,8,172,0.23889997601509094,0.9375,0.10573315620422363,0.1873927116394043,0.625,0.625
0,8,173,0.2799887955188751,0.890625,0.13064146041870117,0.21461224555969238,0.625,0.625
0,8,174,0.3229997158050537,0.875,0.10647892951965332,0.18372201919555664,0.625,0.625
0,8,175,0.45649293065071106,0.765625,0.13333487510681152,0.2151341438293457,0.625,0.625
0,8,176,0.2140902578830719,0.921875,0.11429548263549805,0.20407748222351074,0.625,0.625
0,8,177,0.2841053307056427,0.875,0.11696577072143555,0.19726085662841797,0.625,0.625
0,8,178,0.26641884446144104,0.90625,0.11480998992919922,0.19709086418151855,0.625,0.625
0,8,179,0.3226509094238281,0.890625,0.14433073997497559,0.23001575469970703,0.625,0.625
0,8,180,0.4268351197242737,0.875,0.08773565292358398,0.18389463424682617,0.625,0.625
0,8,181,0.2673608958721161,0.9375,0.11350512504577637,0.19910120964050293,0.625,0.625
0,8,182,0.2985512614250183,0.875,0.13179397583007812,0.21489381790161133,0.625,0.625
0,8,183,0.233622208237648,0.90625,0.11102604866027832,0.1944742202758789,0.625,0.625
0,8,184,0.16982915997505188,0.96875,0.12936925888061523,0.21882271766662598,0.625,0.625
0,8,185,0.3463302254676819,0.859375,0.11390066146850586,0.19670391082763672,0.625,0.625
0,8,186,0.2848420739173889,0.890625,0.12287330627441406,0.21207451820373535,0.625,0.625
0,8,187,0.2233618050813675,0.890625,0.12048673629760742,0.20227527618408203,0.625,0.625
0,8,188,0.3243081569671631,0.828125,0.15022587776184082,0.23775625228881836,0.625,0.625
0,8,189,0.24686622619628906,0.921875,0.11348628997802734,0.19280576705932617,0.625,0.625
0,8,190,0.1887889802455902,0.9375,0.1308741569519043,0.2162458896636963,0.625,0.625
0,8,191,0.2764546275138855,0.875,0.11397314071655273,0.20578765869140625,0.625,0.625
0,8,192,0.3865625262260437,0.890625,0.14953923225402832,0.23051810264587402,0.625,0.625
0,8,193,0.2001434564590454,0.953125,0.11553812026977539,0.19744420051574707,0.625,0.625
0,8,194,0.29433029890060425,0.90625,0.13330078125,0.21754193305969238,0.625,0.625
0,8,195,0.17850372195243835,0.953125,0.09844636917114258,0.18342065811157227,0.625,0.625
0,8,196,0.2924925684928894,0.84375,0.14222145080566406,0.2190248966217041,0.625,0.625
0,8,197,0.235089972615242,0.90625,0.1034841537475586,0.18348360061645508,0.625,0.625
0,8,198,0.2854641079902649,0.859375,0.1533207893371582,0.23309731483459473,0.625,0.625
0,8,199,0.31366848945617676,0.921875,0.11462831497192383,0.21072888374328613,0.625,0.625
0,8,200,0.3412414789199829,0.859375,0.12662291526794434,0.204603910446167,0.625,0.625
0,8,201,0.23772847652435303,0.90625,0.10633587837219238,0.1825242042541504,0.625,0.625
0,8,202,0.3419519066810608,0.875,0.14032745361328125,0.22208023071289062,0.625,0.625
0,8,203,0.2752760052680969,0.921875,0.11504888534545898,0.1917729377746582,0.625,0.625
0,8,204,0.17410141229629517,0.9375,0.1346149444580078,0.21326613426208496,0.625,0.625
0,8,205,0.34263867139816284,0.890625,0.11054062843322754,0.19008159637451172,0.625,0.625
0,8,206,0.4230131208896637,0.875,0.13157224655151367,0.21101880073547363,0.625,0.625
0,8,207,0.2543824017047882,0.921875,0.10153532028198242,0.1836872100830078,0.625,0.625
0,8,208,0.29033762216567993,0.875,0.14425039291381836,0.23326325416564941,0.625,0.625
0,8,209,0.31002771854400635,0.875,0.1043863296508789,0.18767619132995605,0.625,0.625
0,8,210,0.3369629383087158,0.890625,0.13749980926513672,0.2184460163116455,0.625,0.625
0,8,211,0.4263448119163513,0.875,0.10724902153015137,0.18725848197937012,0.625,0.625
0,8,212,0.20729605853557587,0.921875,0.12303662300109863,0.20267009735107422,0.625,0.625
0,8,213,0.28861963748931885,0.90625,0.14437437057495117,0.22217249870300293,0.625,0.625
0,8,214,0.202638179063797,0.921875,0.11392855644226074,0.1945500373840332,0.625,0.625
0,8,215,0.38017576932907104,0.859375,0.13299298286437988,0.2130904197692871,0.625,0.625
0,8,216,0.32923057675361633,0.859375,0.10740923881530762,0.18943500518798828,0.625,0.625
0,8,217,0.34748733043670654,0.90625,0.13206100463867188,0.21102428436279297,0.625,0.625
0,8,218,0.29226717352867126,0.921875,0.10621309280395508,0.1853959560394287,0.625,0.625
0,8,219,0.5358607769012451,0.78125,0.1325211524963379,0.21772170066833496,0.625,0.625
0,8,220,0.30155235528945923,0.890625,0.11388659477233887,0.1988072395324707,0.625,0.625
0,8,221,0.4243276119232178,0.8125,0.12537479400634766,0.2106156349182129,0.625,0.625
0,8,222,0.2630779445171356,0.875,0.10795712471008301,0.18447375297546387,0.625,0.625
0,8,223,0.4399549961090088,0.84375,0.13189315795898438,0.21402406692504883,0.625,0.625
0,8,224,0.3351462483406067,0.90625,0.11843442916870117,0.19728946685791016,0.625,0.625
0,8,225,0.3878568410873413,0.84375,0.13276124000549316,0.2149043083190918,0.625,0.625
0,8,226,0.18407653272151947,0.9375,0.11700177192687988,0.1995563507080078,0.625,0.625
0,8,227,0.26322853565216064,0.90625,0.12109184265136719,0.19853687286376953,0.625,0.625
0,8,228,0.368745356798172,0.859375,0.10069513320922852,0.1807098388671875,0.625,0.625
0,8,229,0.2816815674304962,0.921875,0.14118123054504395,0.22060823440551758,0.625,0.625
0,8,230,0.14414608478546143,0.9375,0.11211991310119629,0.19142842292785645,0.625,0.625
0,8,231,0.3964710831642151,0.8125,0.12705779075622559,0.21461153030395508,0.625,0.625
0,8,232,0.4018386900424957,0.859375,0.10163545608520508,0.18172049522399902,0.625,0.625
0,8,233,0.3394746482372284,0.875,0.14430832862854004,0.22151994705200195,0.625,0.625
0,8,234,0.32854247093200684,0.875,0.11207437515258789,0.19049453735351562,0.625,0.625
0,8,235,0.32078707218170166,0.90625,0.1336839199066162,0.2158048152923584,0.625,0.625
0,8,236,0.3140332102775574,0.890625,0.10321164131164551,0.18239140510559082,0.625,0.625
0,8,237,0.3691391944885254,0.90625,0.12842106819152832,0.20621442794799805,0.625,0.625
0,8,238,0.35805273056030273,0.890625,0.10767149925231934,0.18910789489746094,0.625,0.625
0,8,239,0.30526041984558105,0.84375,0.1369152069091797,0.21501922607421875,0.625,0.625
0,8,240,0.6124743223190308,0.78125,0.11043715476989746,0.19146060943603516,0.625,0.625
0,8,241,0.5023123621940613,0.84375,0.14827775955200195,0.23095273971557617,0.625,0.625
0,8,242,0.4474513828754425,0.84375,0.11012935638427734,0.18611478805541992,0.625,0.625
0,8,243,0.3305208086967468,0.859375,0.13646340370178223,0.21774864196777344,0.625,0.625
0,8,244,0.3680723011493683,0.84375,0.10331034660339355,0.18307280540466309,0.625,0.625
0,8,245,0.20982502400875092,0.953125,0.1333301067352295,0.20931601524353027,0.625,0.625
0,8,246,0.3273123502731323,0.90625,0.12016797065734863,0.2115345001220703,0.625,0.625
0,8,247,0.43985703587532043,0.84375,0.12008333206176758,0.1974046230316162,0.625,0.625
0,8,248,0.6194882392883301,0.75,0.10558819770812988,0.18444108963012695,0.625,0.625
0,8,249,0.4245980679988861,0.84375,0.15231704711914062,0.23522162437438965,0.625,0.625
0,8,250,0.23889964818954468,0.890625,0.10825014114379883,0.18799066543579102,0.625,0.625
0,8,251,0.5075699687004089,0.765625,0.13641715049743652,0.21884942054748535,0.625,0.625
0,8,252,0.41027775406837463,0.90625,0.11253833770751953,0.1925363540649414,0.625,0.625
0,8,253,0.3681034743785858,0.890625,0.13554620742797852,0.21367907524108887,0.625,0.625
0,8,254,0.35385915637016296,0.859375,0.10540986061096191,0.18695712089538574,0.625,0.625
0,8,255,0.18967460095882416,0.921875,0.14671564102172852,0.22319436073303223,0.625,0.625
0,8,256,0.303790420293808,0.875,0.11165761947631836,0.18974089622497559,0.625,0.625
0,8,257,0.2582300901412964,0.890625,0.14667344093322754,0.230208158493042,0.625,0.625
0,8,258,0.30381375551223755,0.921875,0.10294985771179199,0.1830742359161377,0.625,0.625
0,8,259,0.5652706623077393,0.8125,0.12651419639587402,0.20082497596740723,0.625,0.625
0,9,0,0.19513878226280212,0.9375,0.18836736679077148,0.27930259704589844,0.625,0.625
0,9,1,0.23145651817321777,0.890625,0.12589430809020996,0.20659470558166504,0.625,0.625
0,9,2,0.18675750494003296,0.9375,0.10211944580078125,0.1928105354309082,0.625,0.625
0,9,3,0.1691359579563141,0.9375,0.14764952659606934,0.23518729209899902,0.625,0.625
0,9,4,0.2230808287858963,0.921875,0.10312747955322266,0.20473289489746094,0.625,0.625
0,9,5,0.23425960540771484,0.9375,0.13145804405212402,0.21768426895141602,0.625,0.625
0,9,6,0.15670549869537354,0.953125,0.11423730850219727,0.1984086036682129,0.625,0.625
0,9,7,0.2049306482076645,0.921875,0.10690641403198242,0.18606233596801758,0.625,0.625
0,9,8,0.17268139123916626,0.953125,0.13319993019104004,0.21644043922424316,0.625,0.625
0,9,9,0.2887210249900818,0.84375,0.10369610786437988,0.18782281875610352,0.625,0.625
0,9,10,0.19158796966075897,0.9375,0.13365745544433594,0.21652531623840332,0.625,0.625
0,9,11,0.11808718740940094,0.953125,0.11483263969421387,0.19865012168884277,0.625,0.625
0,9,12,0.1413237750530243,0.953125,0.1349165439605713,0.21642565727233887,0.625,0.625
0,9,13,0.21351605653762817,0.9375,0.10531091690063477,0.18369007110595703,0.625,0.625
0,9,14,0.1648341417312622,0.953125,0.1349012851715088,0.21341824531555176,0.625,0.625
0,9,15,0.11371420323848724,0.96875,0.10594630241394043,0.18474483489990234,0.625,0.625
0,9,16,0.2394300401210785,0.9375,0.1347050666809082,0.2189469337463379,0.625,0.625
0,9,17,0.33009999990463257,0.84375,0.10440945625305176,0.1810474395751953,0.625,0.625
0,9,18,0.1824530065059662,0.9375,0.14505720138549805,0.22359371185302734,0.625,0.625
0,9,19,0.1528547704219818,0.921875,0.10607290267944336,0.1853654384613037,0.625,0.625
0,9,20,0.16303779184818268,0.96875,0.12381744384765625,0.20954179763793945,0.625,0.625
0,9,21,0.2832794785499573,0.890625,0.10568571090698242,0.18658852577209473,0.625,0.625
0,9,22,0.15798664093017578,0.953125,0.12444067001342773,0.20800065994262695,0.625,0.625
0,9,23,0.13286930322647095,0.953125,0.11306428909301758,0.1921076774597168,0.625,0.625
0,9,24,0.1751653254032135,0.953125,0.1300034523010254,0.20820927619934082,0.625,0.625
0,9,25,0.22524282336235046,0.9375,0.1158907413482666,0.1927659511566162,0.625,0.625
0,9,26,0.3651491403579712,0.875,0.14734196662902832,0.22793030738830566,0.625,0.625
0,9,27,0.1829599142074585,0.90625,0.10753941535949707,0.18898987770080566,0.625,0.625
0,9,28,0.1928330361843109,0.90625,0.1359865665435791,0.22123289108276367,0.625,0.625
0,9,29,0.2542957067489624,0.90625,0.1121668815612793,0.19460821151733398,0.625,0.625
0,9,30,0.13522328436374664,0.9375,0.13784265518188477,0.22828292846679688,0.625,0.625
0,9,31,0.18167388439178467,0.96875,0.1176302433013916,0.19954562187194824,0.625,0.625
0,9,32,0.17401596903800964,0.9375,0.1115880012512207,0.19239068031311035,0.625,0.625
0,9,33,0.1633252054452896,0.953125,0.13817524909973145,0.2151329517364502,0.625,0.625
0,9,34,0.14679545164108276,0.984375,0.10408592224121094,0.18476462364196777,0.625,0.625
0,9,35,0.13938693702220917,0.96875,0.13678932189941406,0.22037410736083984,0.625,0.625
0,9,36,0.1901203691959381,0.9375,0.11457037925720215,0.19930267333984375,0.625,0.625
0,9,37,0.31049394607543945,0.90625,0.14087319374084473,0.223679780960083,0.625,0.625
0,9,38,0.059644900262355804,0.984375,0.10952210426330566,0.1915428638458252,0.625,0.625
0,9,39,0.1094677597284317,0.96875,0.1638200283050537,0.24864959716796875,0.625,0.625
0,9,40,0.13483333587646484,0.96875,0.10904526710510254,0.1950681209564209,0.625,0.625
0,9,41,0.12439198046922684,0.9375,0.12129807472229004,0.2095789909362793,0.625,0.625
0,9,42,0.21092888712882996,0.921875,0.1024174690246582,0.1852424144744873,0.625,0.625
0,9,43,0.16102930903434753,0.9375,0.14476680755615234,0.22700285911560059,0.625,0.625
0,9,44,0.13759589195251465,0.953125,0.10390830039978027,0.18396568298339844,0.625,0.625
0,9,45,0.34012988209724426,0.890625,0.1344916820526123,0.2168750762939453,0.625,0.625
0,9,46,0.10577640682458878,0.953125,0.10246920585632324,0.1844007968902588,0.625,0.625
0,9,47,0.0950896367430687,0.96875,0.13961338996887207,0.22310376167297363,0.625,0.625
0,9,48,0.19188076257705688,0.953125,0.10439157485961914,0.18290972709655762,0.625,0.625
0,9,49,0.22209709882736206,0.921875,0.1382143497467041,0.2144031524658203,0.625,0.625
0,9,50,0.1713697910308838,0.921875,0.10962200164794922,0.19803810119628906,0.625,0.625
0,9,51,0.20012584328651428,0.921875,0.1265735626220703,0.20787477493286133,0.625,0.625
0,9,52,0.27515721321105957,0.875,0.10398149490356445,0.18801331520080566,0.625,0.625
0,9,53,0.30641478300094604,0.90625,0.1313784122467041,0.22073650360107422,0.625,0.625
0,9,54,0.22168537974357605,0.90625,0.10068893432617188,0.18135690689086914,0.625,0.625
0,9,55,0.18899038434028625,0.953125,0.13702154159545898,0.2145836353302002,0.625,0.625
0,9,56,0.16222187876701355,0.953125,0.12459444999694824,0.20386624336242676,0.625,0.625
0,9,57,0.2592734098434448,0.921875,0.13507652282714844,0.21221280097961426,0.625,0.625
0,9,58,0.3330412805080414,0.859375,0.10462641716003418,0.18477725982666016,0.625,0.625
0,9,59,0.15981847047805786,0.953125,0.13172125816345215,0.2114853858947754,0.625,0.625
0,9,60,0.27774351835250854,0.921875,0.10869359970092773,0.19801640510559082,0.625,0.625
0,9,61,0.2701561450958252,0.921875,0.11991739273071289,0.2002272605895996,0.625,0.625
0,9,62,0.31723135709762573,0.875,0.10500812530517578,0.1851215362548828,0.625,0.625
0,9,63,0.11223606020212173,0.96875,0.13174152374267578,0.2106637954711914,0.625,0.625
0,9,64,0.13238820433616638,0.953125,0.1056673526763916,0.18572139739990234,0.625,0.625
0,9,65,0.07632561028003693,1.0,0.13236451148986816,0.21190571784973145,0.625,0.625
0,9,66,0.17567873001098633,0.953125,0.10843968391418457,0.19125986099243164,0.625,0.625
0,9,67,0.1791037619113922,0.9375,0.13522624969482422,0.21384859085083008,0.625,0.625
0,9,68,0.12264669686555862,0.96875,0.11910367012023926,0.19805455207824707,0.625,0.625
0,9,69,0.1829889714717865,0.921875,0.13057827949523926,0.20674347877502441,0.625,0.625
0,9,70,0.15821968019008636,0.953125,0.10461688041687012,0.18727755546569824,0.625,0.625
0,9,71,0.26082396507263184,0.921875,0.12377500534057617,0.20850229263305664,0.625,0.625
0,9,72,0.20249775052070618,0.890625,0.1034548282623291,0.180647611618042,0.625,0.625
0,9,73,0.25250259041786194,0.9375,0.13160157203674316,0.21368980407714844,0.625,0.625
0,9,74,0.134446382522583,0.984375,0.1112215518951416,0.19080376625061035,0.625,0.625
0,9,75,0.1978381872177124,0.9375,0.15276169776916504,0.23070836067199707,0.625,0.625
0,9,76,0.3393104672431946,0.84375,0.11813473701477051,0.1990220546722412,0.625,0.625
0,9,77,0.18709585070610046,0.953125,0.13704800605773926,0.2164902687072754,0.625,0.625
0,9,78,0.1505579650402069,0.9375,0.11274600028991699,0.1934494972229004,0.625,0.625
0,9,79,0.11745978891849518,0.984375,0.12855982780456543,0.21366286277770996,0.625,0.625
0,9,80,0.3109612762928009,0.921875,0.14336538314819336,0.23256826400756836,0.625,0.625
0,9,81,0.16178807616233826,0.9375,0.12937116622924805,0.20840716361999512,0.625,0.625
0,9,82,0.09632039070129395,0.96875,0.10699129104614258,0.18520736694335938,0.625,0.625
0,9,83,0.23785245418548584,0.875,0.13788723945617676,0.21921300888061523,0.625,0.625
0,9,84,0.19869765639305115,0.90625,0.10585165023803711,0.19211244583129883,0.625,0.625
0,9,85,0.2986251711845398,0.875,0.1225130558013916,0.20183229446411133,0.625,0.625
0,9,86,0.19649159908294678,0.90625,0.10340452194213867,0.18317103385925293,0.625,0.625
0,9,87,0.40338143706321716,0.875,0.1430518627166748,0.22359418869018555,0.625,0.625
0,9,88,0.4435129761695862,0.828125,0.10406184196472168,0.183424711227417,0.625,0.625
0,9,89,0.1244204118847847,0.984375,0.14194464683532715,0.220933198928833,0.625,0.625
0,9,90,0.07248556613922119,0.984375,0.10386109352111816,0.18374156951904297,0.625,0.625
0,9,91,0.2507708668708801,0.890625,0.12953805923461914,0.211745023727417,0.625,0.625
0,9,92,0.2527367174625397,0.90625,0.10832023620605469,0.1886138916015625,0.625,0.625
0,9,93,0.2807117998600006,0.890625,0.1414172649383545,0.22339868545532227,0.625,0.625
0,9,94,0.14051377773284912,0.96875,0.1019895076751709,0.181290864944458,0.625,0.625
0,9,95,0.22216224670410156,0.90625,0.14171862602233887,0.22284650802612305,0.625,0.625
0,9,96,0.2862200140953064,0.890625,0.12185096740722656,0.20685958862304688,0.625,0.625
0,9,97,0.1919579654932022,0.90625,0.12571287155151367,0.2051839828491211,0.625,0.625
0,9,98,0.14912867546081543,0.953125,0.12163519859313965,0.2015242576599121,0.625,0.625
0,9,99,0.12992995977401733,0.9375,0.1285860538482666,0.20729923248291016,0.625,0.625
0,9,100,0.27590489387512207,0.875,0.11227130889892578,0.19968461990356445,0.625,0.625
0,9,101,0.2374047040939331,0.90625,0.12077832221984863,0.20700311660766602,0.625,0.625
0,9,102,0.36410874128341675,0.890625,0.12911748886108398,0.21522235870361328,0.625,0.625
0,9,103,0.1533137559890747,0.96875,0.1089625358581543,0.18770527839660645,0.625,0.625
0,9,104,0.33776146173477173,0.9375,0.13422226905822754,0.21320486068725586,0.625,0.625
0,9,105,0.2070995420217514,0.90625,0.10492944717407227,0.19084501266479492,0.625,0.625
0,9,106,0.16813769936561584,0.953125,0.12676239013671875,0.2122328281402588,0.625,0.625
0,9,107,0.30172377824783325,0.921875,0.1004951000213623,0.18258953094482422,0.625,0.625
0,9,108,0.36363860964775085,0.859375,0.1301729679107666,0.21169066429138184,0.625,0.625
0,9,109,0.32072967290878296,0.859375,0.10242509841918945,0.18809223175048828,0.625,0.625
0,9,110,0.3199266195297241,0.90625,0.1355268955230713,0.21990633010864258,0.625,0.625
0,9,111,0.1914156824350357,0.921875,0.11674380302429199,0.19801831245422363,0.625,0.625
0,9,112,0.2710111439228058,0.859375,0.13123273849487305,0.2098679542541504,0.625,0.625
0,9,113,0.1260048747062683,0.953125,0.10328483581542969,0.18046283721923828,0.625,0.625
0,9,114,0.15767616033554077,0.96875,0.12692689895629883,0.20933938026428223,0.625,0.625
0,9,115,0.42136913537979126,0.84375,0.11737322807312012,0.19554901123046875,0.625,0.625
0,9,116,0.13263270258903503,0.953125,0.15105128288269043,0.23122215270996094,0.625,0.625
0,9,117,0.1080532968044281,0.96875,0.11292362213134766,0.19477224349975586,0.625,0.625
0,9,118,0.22125782072544098,0.9375,0.15555286407470703,0.23727941513061523,0.625,0.625
0,9,119,0.21185347437858582,0.921875,0.09935641288757324,0.19222617149353027,0.625,0.625
0,9,120,0.13388460874557495,0.9375,0.14145517349243164,0.22694873809814453,0.625,0.625
0,9,121,0.28302431106567383,0.890625,0.10590100288391113,0.18359994888305664,0.625,0.625
0,9,122,0.30825015902519226,0.890625,0.15128445625305176,0.22751736640930176,0.625,0.625
0,9,123,0.2636348009109497,0.921875,0.10315561294555664,0.1897261142730713,0.625,0.625
0,9,124,0.2788954973220825,0.9375,0.13592529296875,0.2162625789642334,0.625,0.625
0,9,125,0.3281727731227875,0.890625,0.10483241081237793,0.18420171737670898,0.625,0.625
0,9,126,0.22700835764408112,0.859375,0.13593196868896484,0.22063755989074707,0.625,0.625
0,9,127,0.33715373277664185,0.875,0.11334609985351562,0.19091153144836426,0.625,0.625
0,9,128,0.16316629946231842,0.9375,0.13305306434631348,0.214219331741333,0.625,0.625
0,9,129,0.38020724058151245,0.890625,0.09702849388122559,0.18273091316223145,0.625,0.625
0,9,130,0.22502435743808746,0.90625,0.16753911972045898,0.24691176414489746,0.625,0.625
0,9,131,0.23870036005973816,0.90625,0.1180276870727539,0.19759511947631836,0.625,0.625
0,9,132,0.3323902487754822,0.90625,0.12926769256591797,0.20735478401184082,0.625,0.625
0,9,133,0.19827106595039368,0.9375,0.10161995887756348,0.18004608154296875,0.625,0.625
0,9,134,0.23795606195926666,0.90625,0.14277243614196777,0.22297930717468262,0.625,0.625
0,9,135,0.3714517652988434,0.875,0.10206794738769531,0.1832571029663086,0.625,0.625
0,9,136,0.18842829763889313,0.953125,0.131591796875,0.21682071685791016,0.625,0.625
0,9,137,0.22570304572582245,0.890625,0.10889697074890137,0.19171905517578125,0.625,0.625
0,9,138,0.14449846744537354,0.96875,0.1444556713104248,0.22953248023986816,0.625,0.625
0,9,139,0.38355010747909546,0.84375,0.10180783271789551,0.18439435958862305,0.625,0.625
0,9,140,0.18080446124076843,0.9375,0.13938593864440918,0.22406840324401855,0.625,0.625
0,9,141,0.2850777506828308,0.890625,0.11034941673278809,0.18952465057373047,0.625,0.625
0,9,142,0.4578106999397278,0.875,0.137467622756958,0.21875691413879395,0.625,0.625
0,9,143,0.14694666862487793,0.953125,0.10197281837463379,0.19027161598205566,0.625,0.625
0,9,144,0.28358715772628784,0.890625,0.12259817123413086,0.2022111415863037,0.625,0.625
0,9,145,0.24695761501789093,0.90625,0.13587403297424316,0.22225642204284668,0.625,0.625
0,9,146,0.10837143659591675,0.96875,0.1174163818359375,0.19740843772888184,0.625,0.625
0,9,147,0.4828369617462158,0.859375,0.1622929573059082,0.24023675918579102,0.625,0.625
0,9,148,0.1402837038040161,0.953125,0.1162261962890625,0.1958601474761963,0.625,0.625
0,9,149,0.1052682176232338,0.953125,0.14625000953674316,0.22370648384094238,0.625,0.625
0,9,150,0.11054271459579468,0.953125,0.11247611045837402,0.20226120948791504,0.625,0.625
0,9,151,0.22590894997119904,0.90625,0.13472843170166016,0.21464228630065918,0.625,0.625
0,9,152,0.2012677937746048,0.9375,0.10725784301757812,0.19080448150634766,0.625,0.625
0,9,153,0.2086504101753235,0.9375,0.1371309757232666,0.21392107009887695,0.625,0.625
0,9,154,0.28232336044311523,0.890625,0.10406994819641113,0.18083477020263672,0.625,0.625
0,9,155,0.11091791838407516,0.96875,0.13236594200134277,0.21611595153808594,0.625,0.625
0,9,156,0.2713148593902588,0.921875,0.1013345718383789,0.18130731582641602,0.625,0.625
0,9,157,0.3158395290374756,0.875,0.13563847541809082,0.21465277671813965,0.625,0.625
0,9,158,0.20899498462677002,0.921875,0.10448431968688965,0.1840822696685791,0.625,0.625
0,9,159,0.20521393418312073,0.9375,0.1333327293395996,0.21144390106201172,0.625,0.625
0,9,160,0.3441410958766937,0.90625,0.10427117347717285,0.18447327613830566,0.625,0.625
0,9,161,0.24909335374832153,0.921875,0.14026427268981934,0.2200021743774414,0.625,0.625
0,9,162,0.25659847259521484,0.90625,0.1040496826171875,0.1871778964996338,0.625,0.625
0,9,163,0.15670281648635864,0.921875,0.1382596492767334,0.21698737144470215,0.625,0.625
0,9,164,0.29855865240097046,0.859375,0.10416030883789062,0.18973183631896973,0.625,0.625
0,9,165,0.32871729135513306,0.859375,0.12442541122436523,0.20368742942810059,0.625,0.625
0,9,166,0.28332746028900146,0.859375,0.10620331764221191,0.18289899826049805,0.625,0.625
0,9,167,0.3570193648338318,0.890625,0.13849401473999023,0.21963238716125488,0.625,0.625
0,9,168,0.2275806963443756,0.953125,0.1133263111114502,0.19119930267333984,0.625,0.625
0,9,169,0.173549085855484,0.90625,0.14260363578796387,0.2236783504486084,0.625,0.625
0,9,170,0.14605256915092468,0.921875,0.1056816577911377,0.18887615203857422,0.625,0.625
0,9,171,0.2113911658525467,0.9375,0.13940000534057617,0.21902036666870117,0.625,0.625
0,9,172,0.33432072401046753,0.890625,0.10549712181091309,0.18353915214538574,0.625,0.625
0,9,173,0.1567331701517105,0.9375,0.1374976634979248,0.21420979499816895,0.625,0.625
0,9,174,0.2553008794784546,0.890625,0.12595129013061523,0.20355677604675293,0.625,0.625
0,9,175,0.47196024656295776,0.859375,0.13506388664245605,0.21409344673156738,0.625,0.625
0,9,176,0.3047339618206024,0.859375,0.0982973575592041,0.18820953369140625,0.625,0.625
0,9,177,0.25836771726608276,0.90625,0.14560317993164062,0.22361421585083008,0.625,0.625
0,9,178,0.17496588826179504,0.9375,0.09380102157592773,0.18322968482971191,0.625,0.625
0,9,179,0.24390386044979095,0.90625,0.13634777069091797,0.21941757202148438,0.625,0.625
0,9,180,0.440658837556839,0.84375,0.11384367942810059,0.19714927673339844,0.625,0.625
0,9,181,0.21969179809093475,0.859375,0.13617229461669922,0.21313118934631348,0.625,0.625
0,9,182,0.2524361312389374,0.90625,0.10321927070617676,0.18469500541687012,0.625,0.625
0,9,183,0.17752213776111603,0.953125,0.1351790428161621,0.21576642990112305,0.625,0.625
0,9,184,0.3545745015144348,0.890625,0.10270881652832031,0.18233513832092285,0.625,0.625
0,9,185,0.4069328010082245,0.890625,0.12932372093200684,0.2150404453277588,0.625,0.625
0,9,186,0.3872207999229431,0.84375,0.10495638847351074,0.18622612953186035,0.625,0.625
0,9,187,0.42599958181381226,0.84375,0.12650084495544434,0.20296955108642578,0.625,0.625
0,9,188,0.4034181833267212,0.890625,0.10716128349304199,0.18507742881774902,0.625,0.625
0,9,189,0.17790210247039795,0.9375,0.1533200740814209,0.2299950122833252,0.625,0.625
0,9,190,0.2824471592903137,0.859375,0.10937833786010742,0.1882009506225586,0.625,0.625
0,9,191,0.28718918561935425,0.921875,0.13114070892333984,0.21305179595947266,0.625,0.625
0,9,192,0.16257703304290771,0.984375,0.09882712364196777,0.18931889533996582,0.625,0.625
0,9,193,0.2886839807033539,0.890625,0.1298518180847168,0.20972084999084473,0.625,0.625
0,9,194,0.19757622480392456,0.90625,0.12144613265991211,0.20599985122680664,0.625,0.625
0,9,195,0.1834985613822937,0.90625,0.12778115272521973,0.21215248107910156,0.625,0.625
0,9,196,0.39585989713668823,0.859375,0.10715413093566895,0.19676899909973145,0.625,0.625
0,9,197,0.19244876503944397,0.96875,0.13068938255310059,0.21142983436584473,0.625,0.625
0,9,198,0.2030537873506546,0.9375,0.10365605354309082,0.18213129043579102,0.625,0.625
0,9,199,0.2650495767593384,0.890625,0.12447810173034668,0.2074894905090332,0.625,0.625
0,9,200,0.37772828340530396,0.8125,0.1065683364868164,0.18483233451843262,0.625,0.625
0,9,201,0.2606736719608307,0.890625,0.13332557678222656,0.21240878105163574,0.625,0.625
0,9,202,0.18757300078868866,0.953125,0.10211968421936035,0.18190574645996094,0.625,0.625
0,9,203,0.13538114726543427,0.953125,0.1344466209411621,0.21431279182434082,0.625,0.625
0,9,204,0.4695779085159302,0.828125,0.1019752025604248,0.17777562141418457,0.625,0.625
0,9,205,0.36004844307899475,0.796875,0.13045620918273926,0.2189340591430664,0.625,0.625
0,9,206,0.31077972054481506,0.890625,0.10511136054992676,0.18262577056884766,0.625,0.625
0,9,207,0.1349412500858307,0.953125,0.1350245475769043,0.21293258666992188,0.625,0.625
0,9,208,0.052344031631946564,1.0,0.10914182662963867,0.18682432174682617,0.625,0.625
0,9,209,0.34953513741493225,0.890625,0.13610053062438965,0.22167325019836426,0.625,0.625
0,9,210,0.19030481576919556,0.90625,0.10480833053588867,0.19137263298034668,0.625,0.625
0,9,211,0.49511975049972534,0.8125,0.13271784782409668,0.20676445960998535,0.625,0.625
0,9,212,0.23034173250198364,0.921875,0.10489106178283691,0.18692708015441895,0.625,0.625
0,9,213,0.21279200911521912,0.953125,0.11874008178710938,0.20064520835876465,0.625,0.625
0,9,214,0.07048412412405014,1.0,0.10013270378112793,0.18039870262145996,0.625,0.625
0,9,215,0.1115109995007515,0.96875,0.13863086700439453,0.22435998916625977,0.625,0.625
0,9,216,0.6526052951812744,0.8125,0.11151456832885742,0.18978309631347656,0.625,0.625
0,9,217,0.27352267503738403,0.90625,0.1411283016204834,0.22024822235107422,0.625,0.625
0,9,218,0.3115534782409668,0.890625,0.10724949836730957,0.1861729621887207,0.625,0.625
0,9,219,0.21752865612506866,0.9375,0.1357274055480957,0.21453428268432617,0.625,0.625
0,9,220,0.1464216113090515,0.96875,0.1071934700012207,0.19110560417175293,0.625,0.625
0,9,221,0.2851329743862152,0.90625,0.13000273704528809,0.20939183235168457,0.625,0.625
0,9,222,0.43944603204727173,0.875,0.09754490852355957,0.18335819244384766,0.625,0.625
0,9,223,0.14527259767055511,0.96875,0.1445629596710205,0.22602105140686035,0.625,0.625
0,9,224,0.3512488305568695,0.875,0.11104869842529297,0.19007372856140137,0.625,0.625
0,9,225,0.21017837524414062,0.890625,0.13835549354553223,0.23021173477172852,0.625,0.625
0,9,226,0.32199275493621826,0.859375,0.10515117645263672,0.18330097198486328,0.625,0.625
0,9,227,0.23715674877166748,0.890625,0.1329798698425293,0.21364927291870117,0.625,0.625
0,9,228,0.3217315077781677,0.828125,0.10958743095397949,0.19215703010559082,0.625,0.625
0,9,229,0.2198890596628189,0.921875,0.12882065773010254,0.20807266235351562,0.625,0.625
0,9,230,0.3401068449020386,0.875,0.10902833938598633,0.19544196128845215,0.625,0.625
0,9,231,0.3220626711845398,0.859375,0.1394352912902832,0.22777271270751953,0.625,0.625
0,9,232,0.2813783586025238,0.890625,0.10664820671081543,0.18985986709594727,0.625,0.625
0,9,233,0.35196828842163086,0.8125,0.13552117347717285,0.218735933303833,0.625,0.625
0,9,234,0.13341481983661652,0.953125,0.10397768020629883,0.18239259719848633,0.625,0.625
0,9,235,0.36117082834243774,0.875,0.13827872276306152,0.22024059295654297,0.625,0.625
0,9,236,0.36143413186073303,0.890625,0.11061382293701172,0.18873214721679688,0.625,0.625
0,9,237,0.21166925132274628,0.890625,0.14244318008422852,0.22083044052124023,0.625,0.625
0,9,238,0.4918062090873718,0.875,0.11902689933776855,0.20937418937683105,0.625,0.625
0,9,239,0.23250234127044678,0.90625,0.12049126625061035,0.19996166229248047,0.625,0.625
0,9,240,0.4287586212158203,0.828125,0.10331988334655762,0.20163798332214355,0.625,0.625
0,9,241,0.35378628969192505,0.890625,0.11809754371643066,0.20507311820983887,0.625,0.625
0,9,242,0.12091396749019623,0.96875,0.1109616756439209,0.20332098007202148,0.625,0.625
0,9,243,0.3632548451423645,0.875,0.13247251510620117,0.2124330997467041,0.625,0.625
0,9,244,0.157829150557518,0.921875,0.10515570640563965,0.18901848793029785,0.625,0.625
0,9,245,0.2879965305328369,0.875,0.1437089443206787,0.22941040992736816,0.625,0.625
0,9,246,0.3069862425327301,0.90625,0.11387157440185547,0.1937422752380371,0.625,0.625
0,9,247,0.1358095109462738,0.9375,0.14510393142700195,0.22566914558410645,0.625,0.625
0,9,248,0.2392444759607315,0.890625,0.1041269302368164,0.1853315830230713,0.625,0.625
0,9,249,0.35019081830978394,0.859375,0.12773728370666504,0.21126317977905273,0.625,0.625
0,9,250,0.15699562430381775,0.9375,0.10584020614624023,0.18783807754516602,0.625,0.625
0,9,251,0.134545236825943,0.953125,0.1500377655029297,0.2298603057861328,0.625,0.625
0,9,252,0.13794270157814026,0.984375,0.10822272300720215,0.1905961036682129,0.625,0.625
0,9,253,0.3336528539657593,0.890625,0.12741422653198242,0.21808218955993652,0.625,0.625
0,9,254,0.37624064087867737,0.859375,0.11214518547058105,0.19266629219055176,0.625,0.625
0,9,255,0.2818980813026428,0.875,0.1463627815246582,0.2290809154510498,0.625,0.625
0,9,256,0.3572753071784973,0.921875,0.09724664688110352,0.20453214645385742,0.625,0.625
0,9,257,0.42549562454223633,0.859375,0.11823773384094238,0.196120023727417,0.625,0.625
0,9,258,0.2581343650817871,0.90625,0.11102700233459473,0.18891048431396484,0.625,0.625
0,9,259,0.36826249957084656,0.859375,0.12794113159179688,0.2050626277923584,0.625,0.625
