client_id,epoch,batch,loss,acc,latencia,tempo_batch,bytes_tx,bytes_rx
1,0,0,2.99349308013916,0.125,0.3645005226135254,0.7830159664154053,0.625,0.625
1,0,1,2.514434337615967,0.15625,0.1462101936340332,0.23469209671020508,0.625,0.625
1,0,2,2.4906764030456543,0.171875,0.12688565254211426,0.20708465576171875,0.625,0.625
1,0,3,2.3590965270996094,0.171875,0.2256147861480713,0.3156619071960449,0.625,0.625
1,0,4,2.039355993270874,0.265625,0.1299729347229004,0.23470592498779297,0.625,0.625
1,0,5,2.199371814727783,0.21875,0.12964582443237305,0.21846365928649902,0.625,0.625
1,0,6,2.0766820907592773,0.265625,0.18212199211120605,0.28174638748168945,0.625,0.625
1,0,7,1.9757558107376099,0.25,0.11810827255249023,0.21301507949829102,0.625,0.625
1,0,8,2.0974326133728027,0.234375,0.1603560447692871,0.2484447956085205,0.625,0.625
1,0,9,1.8558838367462158,0.359375,0.134246826171875,0.22420287132263184,0.625,0.625
1,0,10,1.9539440870285034,0.34375,0.1969587802886963,0.2902188301086426,0.625,0.625
1,0,11,2.0080647468566895,0.3125,0.11443901062011719,0.2009737491607666,0.625,0.625
1,0,12,1.651014804840088,0.390625,0.14003896713256836,0.22647738456726074,0.625,0.625
1,0,13,1.664906620979309,0.375,0.12328529357910156,0.23040008544921875,0.625,0.625
1,0,14,1.7209298610687256,0.421875,0.14858436584472656,0.23945283889770508,0.625,0.625
1,0,15,1.7830586433410645,0.328125,0.12527871131896973,0.20487022399902344,0.625,0.625
1,0,16,1.6484992504119873,0.40625,0.13952231407165527,0.21954822540283203,0.625,0.625
1,0,17,1.826157569885254,0.265625,0.11192774772644043,0.1947495937347412,0.625,0.625
1,0,18,1.8951613903045654,0.3125,0.14269375801086426,0.22556662559509277,0.625,0.625
1,0,19,1.668529987335205,0.40625,0.12869000434875488,0.21940255165100098,0.625,0.625
1,0,20,1.7732272148132324,0.390625,0.12825226783752441,0.2132120132446289,0.625,0.625
1,0,21,1.807546615600586,0.421875,0.11306309700012207,0.19131970405578613,0.625,0.625
1,0,22,1.6981991529464722,0.375,0.13358592987060547,0.2325446605682373,0.625,0.625
1,0,23,1.8713215589523315,0.390625,0.11835002899169922,0.21946167945861816,0.625,0.625
1,0,24,1.898598313331604,0.28125,0.15659308433532715,0.24798107147216797,0.625,0.625
1,0,25,1.6005582809448242,0.328125,0.13087177276611328,0.23113083839416504,0.625,0.625
1,0,26,1.769200325012207,0.359375,0.13445043563842773,0.22221636772155762,0.625,0.625
1,0,27,1.755086064338684,0.34375,0.11494970321655273,0.204115629196167,0.625,0.625
1,0,28,1.8683921098709106,0.265625,0.1579575538635254,0.24421024322509766,0.625,0.625
1,0,29,1.6332430839538574,0.359375,0.12934279441833496,0.21341490745544434,0.625,0.625
1,0,30,1.894135594367981,0.3125,0.15264654159545898,0.2323591709136963,0.625,0.625
1,0,31,1.7657818794250488,0.359375,0.11985898017883301,0.21729683876037598,0.625,0.625
1,0,32,1.9354091882705688,0.28125,0.18165183067321777,0.30699872970581055,0.625,0.625
1,0,33,1.81850266456604,0.359375,0.1109473705291748,0.20665955543518066,0.625,0.625
1,0,34,1.5441051721572876,0.484375,0.14327645301818848,0.23348689079284668,0.625,0.625
1,0,35,1.6197422742843628,0.515625,0.1099233627319336,0.19666481018066406,0.625,0.625
1,0,36,1.4750449657440186,0.40625,0.14189910888671875,0.2328200340270996,0.625,0.625
1,0,37,1.361933708190918,0.53125,0.10859131813049316,0.20036029815673828,0.625,0.625
1,0,38,1.7939255237579346,0.390625,0.16397929191589355,0.2523372173309326,0.625,0.625
1,0,39,1.6548420190811157,0.4375,0.12462973594665527,0.2134387493133545,0.625,0.625
1,0,40,1.8570852279663086,0.3125,0.1391758918762207,0.23939967155456543,0.625,0.625
1,0,41,1.425792932510376,0.46875,0.1112062931060791,0.1967158317565918,0.625,0.625
1,0,42,1.528515100479126,0.46875,0.1386704444885254,0.22249293327331543,0.625,0.625
1,0,43,1.459862470626831,0.546875,0.11591577529907227,0.2020421028137207,0.625,0.625
1,0,44,1.7038507461547852,0.390625,0.15459465980529785,0.24237680435180664,0.625,0.625
1,0,45,1.475732684135437,0.453125,0.12144303321838379,0.2134392261505127,0.625,0.625
1,0,46,1.5693418979644775,0.453125,0.17516350746154785,0.27672481536865234,0.625,0.625
1,0,47,1.5110175609588623,0.5,0.1148536205291748,0.20183944702148438,0.625,0.625
1,0,48,1.554335117340088,0.484375,0.16746973991394043,0.260056734085083,0.625,0.625
1,0,49,1.4623000621795654,0.453125,0.11240625381469727,0.19948625564575195,0.625,0.625
1,0,50,1.609684705734253,0.5,0.14202046394348145,0.23250317573547363,0.625,0.625
1,0,51,1.7223680019378662,0.359375,0.11649441719055176,0.20909619331359863,0.625,0.625
1,0,52,1.7291933298110962,0.34375,0.15796971321105957,0.2479228973388672,0.625,0.625
1,0,53,1.5450490713119507,0.40625,0.13787555694580078,0.2603449821472168,0.625,0.625
1,0,54,1.787621021270752,0.359375,0.20519495010375977,0.33228111267089844,0.625,0.625
1,0,55,1.3630635738372803,0.5625,0.20015859603881836,0.3164093494415283,0.625,0.625
1,0,56,1.6680591106414795,0.453125,0.1903395652770996,0.3093717098236084,0.625,0.625
1,0,57,1.4383764266967773,0.515625,0.14391255378723145,0.2435436248779297,0.625,0.625
1,0,58,1.429426670074463,0.484375,0.19241905212402344,0.28751420974731445,0.625,0.625
1,0,59,1.3824739456176758,0.46875,0.1167302131652832,0.19897150993347168,0.625,0.625
1,0,60,1.6378672122955322,0.40625,0.13414645195007324,0.23689579963684082,0.625,0.625
1,0,61,1.6045441627502441,0.390625,0.17412090301513672,0.31422996520996094,0.625,0.625
1,0,62,1.7481284141540527,0.375,0.19254565238952637,0.3019697666168213,0.625,0.625
1,0,63,1.4492483139038086,0.546875,0.13654565811157227,0.2227034568786621,0.625,0.625
1,0,64,1.5966763496398926,0.421875,0.10941457748413086,0.1922595500946045,0.625,0.625
1,0,65,1.6420459747314453,0.328125,0.14891266822814941,0.23946523666381836,0.625,0.625
1,0,66,1.4564262628555298,0.515625,0.13631987571716309,0.23126959800720215,0.625,0.625
1,0,67,1.4511139392852783,0.421875,0.14410901069641113,0.22983551025390625,0.625,0.625
1,0,68,1.5673902034759521,0.359375,0.13838791847229004,0.21915316581726074,0.625,0.625
1,0,69,1.4255461692810059,0.59375,0.14231348037719727,0.2392425537109375,0.625,0.625
1,0,70,1.1697734594345093,0.625,0.11921119689941406,0.2308063507080078,0.625,0.625
1,0,71,1.257615089416504,0.53125,0.1368420124053955,0.23357844352722168,0.625,0.625
1,0,72,1.3617191314697266,0.46875,0.10828924179077148,0.19550299644470215,0.625,0.625
1,0,73,1.3228085041046143,0.484375,0.1302015781402588,0.21202754974365234,0.625,0.625
1,0,74,1.5517351627349854,0.484375,0.10359787940979004,0.20756149291992188,0.625,0.625
1,0,75,1.2665921449661255,0.625,0.15614533424377441,0.24852299690246582,0.625,0.625
1,0,76,1.186900019645691,0.578125,0.11949968338012695,0.2042989730834961,0.625,0.625
1,0,77,1.6248605251312256,0.46875,0.15065789222717285,0.23710131645202637,0.625,0.625
1,0,78,1.5391504764556885,0.53125,0.11063551902770996,0.19971966743469238,0.625,0.625
1,0,79,1.4011740684509277,0.453125,0.16004490852355957,0.26197171211242676,0.625,0.625
1,0,80,1.385300874710083,0.53125,0.12665653228759766,0.21933746337890625,0.625,0.625
1,0,81,1.221874475479126,0.53125,0.14628338813781738,0.22754693031311035,0.625,0.625
1,0,82,1.586832046508789,0.421875,0.1384141445159912,0.23617196083068848,0.625,0.625
1,0,83,1.6609638929367065,0.46875,0.15323615074157715,0.2520613670349121,0.625,0.625
1,0,84,1.4338886737823486,0.53125,0.10783934593200684,0.20746231079101562,0.625,0.625
1,0,85,1.2778382301330566,0.5625,0.14299917221069336,0.2349236011505127,0.625,0.625
1,0,86,1.425278902053833,0.453125,0.13943696022033691,0.2562887668609619,0.625,0.625
1,0,87,1.4139587879180908,0.5,0.15193986892700195,0.25524067878723145,0.625,0.625
1,0,88,1.4516223669052124,0.484375,0.1365375518798828,0.23821258544921875,0.625,0.625
1,0,89,1.4039201736450195,0.546875,0.21193552017211914,0.32518553733825684,0.625,0.625
1,0,90,1.3527946472167969,0.546875,0.12907171249389648,0.22704601287841797,0.625,0.625
1,0,91,1.4986742734909058,0.46875,0.14707112312316895,0.23809194564819336,0.625,0.625
1,0,92,1.348534345626831,0.453125,0.1291193962097168,0.22085952758789062,0.625,0.625
1,0,93,1.5622272491455078,0.453125,0.13453316688537598,0.23109984397888184,0.625,0.625
1,0,94,1.357666015625,0.53125,0.11222028732299805,0.19698262214660645,0.625,0.625
1,0,95,1.350731611251831,0.5,0.13886690139770508,0.22321319580078125,0.625,0.625
1,0,96,1.7570416927337646,0.4375,0.1303694248199463,0.21875452995300293,0.625,0.625
1,0,97,1.383012056350708,0.5625,0.1309065818786621,0.20895767211914062,0.625,0.625
1,0,98,1.3340585231781006,0.484375,0.09965753555297852,0.17733311653137207,0.625,0.625
1,0,99,1.5235319137573242,0.421875,0.13216209411621094,0.21006536483764648,0.625,0.625
1,0,100,1.5631904602050781,0.390625,0.1065518856048584,0.18677926063537598,0.625,0.625
1,0,101,1.542222023010254,0.515625,0.13260650634765625,0.20933866500854492,0.625,0.625
1,0,102,1.6399776935577393,0.390625,0.12599921226501465,0.20511651039123535,0.625,0.625
1,0,103,1.3982597589492798,0.5,0.13479375839233398,0.2115931510925293,0.625,0.625
1,0,104,1.4218610525131226,0.453125,0.11700582504272461,0.19746947288513184,0.625,0.625
1,0,105,1.4128611087799072,0.515625,0.1575164794921875,0.24341297149658203,0.625,0.625
1,0,106,1.2856004238128662,0.59375,0.10782766342163086,0.20324182510375977,0.625,0.625
1,0,107,1.3893918991088867,0.4375,0.12067770957946777,0.20524334907531738,0.625,0.625
1,0,108,1.3873395919799805,0.484375,0.09421825408935547,0.1810750961303711,0.625,0.625
1,0,109,1.578263521194458,0.4375,0.14246773719787598,0.22378778457641602,0.625,0.625
1,0,110,1.2815239429473877,0.53125,0.11611247062683105,0.194807767868042,0.625,0.625
1,0,111,1.3895742893218994,0.453125,0.13338422775268555,0.21358561515808105,0.625,0.625
1,0,112,1.4474782943725586,0.53125,0.10168933868408203,0.1827080249786377,0.625,0.625
1,0,113,1.5702099800109863,0.515625,0.14118266105651855,0.2202906608581543,0.625,0.625
1,0,114,1.6173462867736816,0.375,0.11952519416809082,0.20094513893127441,0.625,0.625
1,0,115,1.2282326221466064,0.546875,0.12711000442504883,0.20690560340881348,0.625,0.625
1,0,116,1.5604925155639648,0.40625,0.10014128684997559,0.19018912315368652,0.625,0.625
1,0,117,1.4181519746780396,0.53125,0.13261628150939941,0.21924185752868652,0.625,0.625
1,0,118,1.4572407007217407,0.5,0.11619400978088379,0.19293808937072754,0.625,0.625
1,0,119,1.38954758644104,0.421875,0.14072799682617188,0.22210144996643066,0.625,0.625
1,0,120,1.4456827640533447,0.5,0.10353326797485352,0.1826181411743164,0.625,0.625
1,0,121,1.4445515871047974,0.53125,0.1426248550415039,0.22663545608520508,0.625,0.625
1,0,122,1.188027262687683,0.5625,0.10150599479675293,0.18036890029907227,0.625,0.625
1,0,123,1.2687761783599854,0.515625,0.13197588920593262,0.2179405689239502,0.625,0.625
1,0,124,1.5271351337432861,0.453125,0.11531519889831543,0.19571828842163086,0.625,0.625
1,0,125,1.2856661081314087,0.484375,0.13417410850524902,0.22305870056152344,0.625,0.625
1,0,126,1.2749290466308594,0.53125,0.11936807632446289,0.19941186904907227,0.625,0.625
1,0,127,1.438459873199463,0.46875,0.1241002082824707,0.20354938507080078,0.625,0.625
1,0,128,1.2032241821289062,0.53125,0.14126372337341309,0.2326042652130127,0.625,0.625
1,0,129,1.3329989910125732,0.5,0.12200689315795898,0.21419334411621094,0.625,0.625
1,0,130,1.408719539642334,0.546875,0.14346861839294434,0.22237825393676758,0.625,0.625
1,0,131,1.5484358072280884,0.40625,0.11409449577331543,0.19681525230407715,0.625,0.625
1,0,132,1.4312522411346436,0.46875,0.1417982578277588,0.22256994247436523,0.625,0.625
1,0,133,1.1357496976852417,0.625,0.10507845878601074,0.1845390796661377,0.625,0.625
1,0,134,1.1487181186676025,0.609375,0.13422179222106934,0.21237897872924805,0.625,0.625
1,0,135,1.6505043506622314,0.40625,0.09294509887695312,0.18399286270141602,0.625,0.625
1,0,136,1.3416550159454346,0.578125,0.1355113983154297,0.22298359870910645,0.625,0.625
1,0,137,1.057586908340454,0.578125,0.11789274215698242,0.2093818187713623,0.625,0.625
1,0,138,1.5255786180496216,0.53125,0.1091768741607666,0.18569064140319824,0.625,0.625
1,0,139,1.3106436729431152,0.5625,0.13341617584228516,0.21697521209716797,0.625,0.625
1,0,140,1.5496258735656738,0.40625,0.12907743453979492,0.20743346214294434,0.625,0.625
1,0,141,1.3695242404937744,0.484375,0.10626983642578125,0.1856067180633545,0.625,0.625
1,0,142,1.455089807510376,0.5625,0.14216089248657227,0.23055052757263184,0.625,0.625
1,0,143,1.6259838342666626,0.515625,0.13286614418029785,0.21276426315307617,0.625,0.625
1,0,144,1.3231000900268555,0.5625,0.1329348087310791,0.21198391914367676,0.625,0.625
1,0,145,1.187659502029419,0.5,0.10109090805053711,0.18172240257263184,0.625,0.625
1,0,146,1.2793071269989014,0.453125,0.1309053897857666,0.21250462532043457,0.625,0.625
1,0,147,1.4420859813690186,0.4375,0.10052180290222168,0.17839813232421875,0.625,0.625
1,0,148,1.4103012084960938,0.578125,0.1380481719970703,0.22346234321594238,0.625,0.625
1,0,149,1.1742017269134521,0.609375,0.10378050804138184,0.19133305549621582,0.625,0.625
1,0,150,1.3881512880325317,0.484375,0.1160883903503418,0.21540117263793945,0.625,0.625
1,0,151,1.2652277946472168,0.578125,0.11410117149353027,0.1935744285583496,0.625,0.625
1,0,152,1.2130379676818848,0.578125,0.10804486274719238,0.1862783432006836,0.625,0.625
1,0,153,1.1289596557617188,0.5625,0.13054871559143066,0.20647454261779785,0.625,0.625
1,0,154,1.4379444122314453,0.484375,0.10089945793151855,0.17968463897705078,0.625,0.625
1,0,155,1.295751690864563,0.515625,0.13315749168395996,0.2183704376220703,0.625,0.625
1,0,156,1.309272289276123,0.609375,0.11540365219116211,0.1913456916809082,0.625,0.625
1,0,157,1.2353713512420654,0.640625,0.1291642189025879,0.2111053466796875,0.625,0.625
1,0,158,1.4827327728271484,0.421875,0.10760688781738281,0.18639588356018066,0.625,0.625
1,0,159,1.3966799974441528,0.609375,0.13548636436462402,0.2172074317932129,0.625,0.625
1,0,160,1.196547508239746,0.515625,0.10501909255981445,0.18379878997802734,0.625,0.625
1,0,161,1.1817480325698853,0.546875,0.13260436058044434,0.2094404697418213,0.625,0.625
1,0,162,1.3029838800430298,0.515625,0.12261343002319336,0.19942188262939453,0.625,0.625
1,0,163,1.2152163982391357,0.53125,0.12187814712524414,0.20171546936035156,0.625,0.625
1,0,164,1.5479906797409058,0.46875,0.10890746116638184,0.18871259689331055,0.625,0.625
1,0,165,1.515141487121582,0.484375,0.14150166511535645,0.2204587459564209,0.625,0.625
1,0,166,1.4995018243789673,0.46875,0.1138005256652832,0.19589757919311523,0.625,0.625
1,0,167,1.2617496252059937,0.515625,0.13746309280395508,0.21612215042114258,0.625,0.625
1,0,168,1.217532992362976,0.515625,0.09273099899291992,0.1778731346130371,0.625,0.625
1,0,169,1.4524531364440918,0.46875,0.14966773986816406,0.23006868362426758,0.625,0.625
1,0,170,1.528301477432251,0.46875,0.10447907447814941,0.18635344505310059,0.625,0.625
1,0,171,1.489040732383728,0.546875,0.135451078414917,0.21108651161193848,0.625,0.625
1,0,172,1.3561595678329468,0.53125,0.11508965492248535,0.20928192138671875,0.625,0.625
1,0,173,1.25386643409729,0.53125,0.12127923965454102,0.19782257080078125,0.625,0.625
1,0,174,1.2587817907333374,0.5,0.10096025466918945,0.18424320220947266,0.625,0.625
1,0,175,1.3078819513320923,0.5,0.11818814277648926,0.19849658012390137,0.625,0.625
1,0,176,1.1470911502838135,0.65625,0.14572429656982422,0.22374343872070312,0.625,0.625
1,0,177,1.2458583116531372,0.65625,0.10435628890991211,0.1915907859802246,0.625,0.625
1,0,178,1.4308826923370361,0.5,0.1327064037322998,0.21172094345092773,0.625,0.625
1,0,179,1.3493618965148926,0.515625,0.10660743713378906,0.18570661544799805,0.625,0.625
1,0,180,1.2219746112823486,0.640625,0.13435912132263184,0.2116553783416748,0.625,0.625
1,0,181,1.3460056781768799,0.53125,0.10345816612243652,0.17916011810302734,0.625,0.625
1,0,182,1.1844120025634766,0.5625,0.1330273151397705,0.2169785499572754,0.625,0.625
1,0,183,1.2442675828933716,0.53125,0.10085535049438477,0.1821293830871582,0.625,0.625
1,0,184,0.9816094040870667,0.671875,0.12332987785339355,0.20721888542175293,0.625,0.625
1,0,185,1.4565727710723877,0.4375,0.1021115779876709,0.18036699295043945,0.625,0.625
1,0,186,1.6261368989944458,0.421875,0.14586734771728516,0.2221357822418213,0.625,0.625
1,0,187,1.1191872358322144,0.59375,0.1121985912322998,0.1911170482635498,0.625,0.625
1,0,188,1.2275149822235107,0.546875,0.12926292419433594,0.2093338966369629,0.625,0.625
1,0,189,1.226576328277588,0.5625,0.10635900497436523,0.1913299560546875,0.625,0.625
1,0,190,1.441114902496338,0.453125,0.13453102111816406,0.21490097045898438,0.625,0.625
1,0,191,1.2961245775222778,0.5,0.12009620666503906,0.2010202407836914,0.625,0.625
1,0,192,1.242537498474121,0.53125,0.1231689453125,0.20120906829833984,0.625,0.625
1,0,193,1.1481313705444336,0.609375,0.13573002815246582,0.21200346946716309,0.625,0.625
1,0,194,1.346635341644287,0.5,0.10750126838684082,0.18333745002746582,0.625,0.625
1,0,195,1.269406795501709,0.609375,0.1266932487487793,0.2124948501586914,0.625,0.625
1,0,196,1.0616298913955688,0.65625,0.10511040687561035,0.18323850631713867,0.625,0.625
1,0,197,1.0786142349243164,0.640625,0.13167095184326172,0.20986247062683105,0.625,0.625
1,0,198,1.2365680932998657,0.5625,0.11480903625488281,0.19083023071289062,0.625,0.625
1,0,199,0.9672634601593018,0.65625,0.13063907623291016,0.21038198471069336,0.625,0.625
1,0,200,1.0031791925430298,0.65625,0.10724568367004395,0.18658065795898438,0.625,0.625
1,0,201,1.310925006866455,0.53125,0.13182520866394043,0.2101743221282959,0.625,0.625
1,0,202,1.137446403503418,0.578125,0.10967421531677246,0.18721961975097656,0.625,0.625
1,0,203,1.170102834701538,0.578125,0.12820696830749512,0.2090291976928711,0.625,0.625
1,0,204,1.129069209098816,0.65625,0.10084867477416992,0.19148659706115723,0.625,0.625
1,0,205,1.2196929454803467,0.546875,0.11349940299987793,0.19590330123901367,0.625,0.625
1,0,206,1.2967157363891602,0.515625,0.09373140335083008,0.18035674095153809,0.625,0.625
1,0,207,1.502608060836792,0.5,0.1277005672454834,0.2091379165649414,0.625,0.625
1,0,208,1.2403780221939087,0.5625,0.10267090797424316,0.18227100372314453,0.625,0.625
1,0,209,1.0637840032577515,0.625,0.14077305793762207,0.2180027961730957,0.625,0.625
1,0,210,1.104843258857727,0.59375,0.10818052291870117,0.1889493465423584,0.625,0.625
1,0,211,1.0498034954071045,0.59375,0.12230968475341797,0.20129942893981934,0.625,0.625
1,0,212,1.3939651250839233,0.53125,0.11080384254455566,0.19301390647888184,0.625,0.625
1,0,213,1.2144352197647095,0.5625,0.11619186401367188,0.1927042007446289,0.625,0.625
1,0,214,1.5546488761901855,0.453125,0.09236335754394531,0.19149136543273926,0.625,0.625
1,0,215,1.2631068229675293,0.59375,0.11883854866027832,0.19872093200683594,0.625,0.625
1,0,216,1.3397226333618164,0.546875,0.11659955978393555,0.19646143913269043,0.625,0.625
1,0,217,1.3492724895477295,0.53125,0.1353607177734375,0.2129058837890625,0.625,0.625
1,0,218,1.1538994312286377,0.609375,0.11075520515441895,0.1968390941619873,0.625,0.625
1,0,219,1.2393181324005127,0.625,0.12761759757995605,0.212982177734375,0.625,0.625
1,0,220,1.2986572980880737,0.46875,0.1109158992767334,0.18835186958312988,0.625,0.625
1,0,221,1.306472897529602,0.53125,0.1308915615081787,0.20888447761535645,0.625,0.625
1,0,222,1.4016809463500977,0.5,0.1000525951385498,0.1795501708984375,0.625,0.625
1,0,223,1.3482940196990967,0.453125,0.13702106475830078,0.21912002563476562,0.625,0.625
1,0,224,1.002868890762329,0.625,0.10350656509399414,0.1829216480255127,0.625,0.625
1,0,225,1.1132601499557495,0.59375,0.14635062217712402,0.2267613410949707,0.625,0.625
1,0,226,1.2475440502166748,0.5625,0.10437321662902832,0.18457722663879395,0.625,0.625
1,0,227,1.1430858373641968,0.625,0.14192724227905273,0.2225780487060547,0.625,0.625
1,0,228,1.3293408155441284,0.5625,0.10654234886169434,0.18555212020874023,0.625,0.625
1,0,229,1.262332797050476,0.53125,0.129533052444458,0.2083592414855957,0.625,0.625
1,0,230,1.1693944931030273,0.5625,0.10684323310852051,0.18431591987609863,0.625,0.625
1,0,231,1.1877355575561523,0.5625,0.14195942878723145,0.2249903678894043,0.625,0.625
1,0,232,1.2944161891937256,0.46875,0.11219644546508789,0.19137191772460938,0.625,0.625
1,0,233,1.0996291637420654,0.5625,0.13330960273742676,0.2129077911376953,0.625,0.625
1,0,234,0.8166608214378357,0.78125,0.0926051139831543,0.1820988655090332,0.625,0.625
1,0,235,1.1947683095932007,0.5625,0.13686180114746094,0.21384882926940918,0.625,0.625
1,0,236,1.4462590217590332,0.484375,0.10209774971008301,0.19356250762939453,0.625,0.625
1,0,237,1.2714776992797852,0.625,0.11571860313415527,0.19351577758789062,0.625,0.625
1,0,238,1.220549464225769,0.546875,0.1238703727722168,0.20637130737304688,0.625,0.625
1,0,239,1.248497486114502,0.453125,0.13727879524230957,0.21460700035095215,0.625,0.625
1,0,240,1.164903163909912,0.5625,0.11050248146057129,0.18988800048828125,0.625,0.625
1,0,241,1.2651684284210205,0.59375,0.13799619674682617,0.2224283218383789,0.625,0.625
1,0,242,0.8064144253730774,0.75,0.10814285278320312,0.1864616870880127,0.625,0.625
1,0,243,1.0184822082519531,0.640625,0.13182759284973145,0.20963048934936523,0.625,0.625
1,0,244,1.362687587738037,0.59375,0.10369515419006348,0.19221234321594238,0.625,0.625
1,0,245,1.5349406003952026,0.484375,0.13580536842346191,0.22001123428344727,0.625,0.625
1,0,246,1.2611076831817627,0.515625,0.1195824146270752,0.2745344638824463,0.625,0.625
1,0,247,1.3721586465835571,0.515625,0.10863614082336426,0.18902111053466797,0.625,0.625
1,0,248,1.323664665222168,0.5625,0.10309720039367676,0.18886470794677734,0.625,0.625
1,0,249,1.1918375492095947,0.65625,0.1483325958251953,0.22744321823120117,0.625,0.625
1,0,250,1.1898908615112305,0.53125,0.10513114929199219,0.19504976272583008,0.625,0.625
1,0,251,1.1188442707061768,0.609375,0.13711190223693848,0.21759796142578125,0.625,0.625
1,0,252,1.1478263139724731,0.5625,0.10703301429748535,0.1867835521697998,0.625,0.625
1,0,253,1.644721508026123,0.46875,0.12319755554199219,0.20064711570739746,0.625,0.625
1,0,254,1.1836719512939453,0.5625,0.10006952285766602,0.1766195297241211,0.625,0.625
1,0,255,1.4823589324951172,0.5625,0.13705134391784668,0.21531224250793457,0.625,0.625
1,0,256,1.2741425037384033,0.484375,0.10457301139831543,0.17955684661865234,0.625,0.625
1,0,257,1.0583288669586182,0.640625,0.13881587982177734,0.21592211723327637,0.625,0.625
1,0,258,1.1025452613830566,0.609375,0.11983871459960938,0.2040095329284668,0.625,0.625
1,0,259,1.26680326461792,0.59375,0.1308765411376953,0.2178356647491455,0.625,0.625
1,1,0,0.8902794122695923,0.65625,0.1136772632598877,0.1982865333557129,0.625,0.625
1,1,1,0.923701286315918,0.71875,0.12066316604614258,0.20243048667907715,0.625,0.625
1,1,2,1.4189428091049194,0.484375,0.130049467086792,0.2070021629333496,0.625,0.625
1,1,3,1.157200813293457,0.5625,0.11093735694885254,0.19580435752868652,0.625,0.625
1,1,4,1.1629869937896729,0.59375,0.14119863510131836,0.22610759735107422,0.625,0.625
1,1,5,0.856640100479126,0.78125,0.10775613784790039,0.19339466094970703,0.625,0.625
1,1,6,0.9663021564483643,0.6875,0.12389159202575684,0.2023777961730957,0.625,0.625
1,1,7,1.115610957145691,0.609375,0.10504913330078125,0.18181324005126953,0.625,0.625
1,1,8,0.8649163246154785,0.6875,0.1369917392730713,0.2116260528564453,0.625,0.625
1,1,9,1.1564898490905762,0.5,0.1196444034576416,0.19969391822814941,0.625,0.625
1,1,10,0.946958065032959,0.53125,0.12365889549255371,0.19957518577575684,0.625,0.625
1,1,11,1.1688024997711182,0.625,0.10579252243041992,0.18401432037353516,0.625,0.625
1,1,12,1.1258621215820312,0.5625,0.12579751014709473,0.20514845848083496,0.625,0.625
1,1,13,1.1416361331939697,0.53125,0.12016868591308594,0.19779539108276367,0.625,0.625
1,1,14,1.1294374465942383,0.5625,0.1321883201599121,0.21062159538269043,0.625,0.625
1,1,15,1.0916506052017212,0.625,0.10260391235351562,0.18137860298156738,0.625,0.625
1,1,16,1.2289824485778809,0.46875,0.13639068603515625,0.2153151035308838,0.625,0.625
1,1,17,1.2742817401885986,0.53125,0.11085987091064453,0.1967029571533203,0.625,0.625
1,1,18,0.7899495363235474,0.671875,0.12393689155578613,0.20061087608337402,0.625,0.625
1,1,19,1.1319689750671387,0.5625,0.10663962364196777,0.18192553520202637,0.625,0.625
1,1,20,1.0810396671295166,0.671875,0.1343083381652832,0.21260428428649902,0.625,0.625
1,1,21,1.125861644744873,0.640625,0.10682320594787598,0.19834017753601074,0.625,0.625
1,1,22,1.2092030048370361,0.59375,0.11832141876220703,0.1957230567932129,0.625,0.625
1,1,23,1.13516366481781,0.65625,0.10270977020263672,0.17907381057739258,0.625,0.625
1,1,24,1.16154146194458,0.59375,0.136336088180542,0.21338438987731934,0.625,0.625
1,1,25,1.1717910766601562,0.5625,0.10491132736206055,0.1826951503753662,0.625,0.625
1,1,26,1.2992019653320312,0.53125,0.12775087356567383,0.20981478691101074,0.625,0.625
1,1,27,1.300520658493042,0.53125,0.10480570793151855,0.18404197692871094,0.625,0.625
1,1,28,1.0349088907241821,0.65625,0.13384294509887695,0.20953106880187988,0.625,0.625
1,1,29,0.9170807600021362,0.71875,0.11922478675842285,0.20683646202087402,0.625,0.625
1,1,30,1.2677059173583984,0.640625,0.13602948188781738,0.22479033470153809,0.625,0.625
1,1,31,0.9537070989608765,0.671875,0.10577058792114258,0.19113850593566895,0.625,0.625
1,1,32,1.1150696277618408,0.65625,0.13391876220703125,0.20987319946289062,0.625,0.625
1,1,33,1.2387410402297974,0.5625,0.1292407512664795,0.21423077583312988,0.625,0.625
1,1,34,1.173105239868164,0.59375,0.13151955604553223,0.21268177032470703,0.625,0.625
1,1,35,1.1628540754318237,0.59375,0.12299013137817383,0.20227289199829102,0.625,0.625
1,1,36,1.2215774059295654,0.546875,0.10801124572753906,0.19029617309570312,0.625,0.625
1,1,37,0.8530014753341675,0.703125,0.1287064552307129,0.20564556121826172,0.625,0.625
1,1,38,1.005668044090271,0.671875,0.10727071762084961,0.18910479545593262,0.625,0.625
1,1,39,1.2169458866119385,0.609375,0.13051271438598633,0.20643997192382812,0.625,0.625
1,1,40,1.1768600940704346,0.65625,0.11085033416748047,0.2036898136138916,0.625,0.625
1,1,41,1.2404577732086182,0.53125,0.12390899658203125,0.20442938804626465,0.625,0.625
1,1,42,1.0445060729980469,0.609375,0.10682201385498047,0.18454384803771973,0.625,0.625
1,1,43,1.2924110889434814,0.5625,0.12567377090454102,0.20549607276916504,0.625,0.625
1,1,44,1.0039613246917725,0.578125,0.10680723190307617,0.1838827133178711,0.625,0.625
1,1,45,0.8067256808280945,0.71875,0.13478803634643555,0.21674609184265137,0.625,0.625
1,1,46,1.305842638015747,0.578125,0.10529184341430664,0.1833944320678711,0.625,0.625
1,1,47,1.0694596767425537,0.671875,0.13722586631774902,0.21384859085083008,0.625,0.625
1,1,48,0.7882058620452881,0.734375,0.10631370544433594,0.18207502365112305,0.625,0.625
1,1,49,1.2358298301696777,0.515625,0.1297001838684082,0.2092750072479248,0.625,0.625
1,1,50,1.1428706645965576,0.609375,0.10547471046447754,0.18333220481872559,0.625,0.625
1,1,51,0.6831854581832886,0.796875,0.12764358520507812,0.2028942108154297,0.625,0.625
1,1,52,1.2053451538085938,0.609375,0.11047053337097168,0.19031333923339844,0.625,0.625
1,1,53,1.26964271068573,0.515625,0.13146042823791504,0.21599555015563965,0.625,0.625
1,1,54,1.2155132293701172,0.578125,0.12123966217041016,0.20546817779541016,0.625,0.625
1,1,55,1.1583123207092285,0.65625,0.09935975074768066,0.17803692817687988,0.625,0.625
1,1,56,0.935703456401825,0.59375,0.13729429244995117,0.21538066864013672,0.625,0.625
1,1,57,0.9971599578857422,0.703125,0.11283302307128906,0.19909977912902832,0.625,0.625
1,1,58,1.284052848815918,0.546875,0.14296507835388184,0.2211768627166748,0.625,0.625
1,1,59,0.9225915670394897,0.640625,0.10946941375732422,0.18939208984375,0.625,0.625
1,1,60,1.0760928392410278,0.578125,0.12730765342712402,0.20477890968322754,0.625,0.625
1,1,61,1.0697028636932373,0.59375,0.11504125595092773,0.1926109790802002,0.625,0.625
1,1,62,1.1870346069335938,0.53125,0.12608718872070312,0.20399212837219238,0.625,0.625
1,1,63,1.1067121028900146,0.5625,0.11693406105041504,0.19837737083435059,0.625,0.625
1,1,64,0.9372408390045166,0.609375,0.13384437561035156,0.2128770351409912,0.625,0.625
1,1,65,0.8043385744094849,0.703125,0.11275649070739746,0.19429683685302734,0.625,0.625
1,1,66,1.117626428604126,0.640625,0.13104939460754395,0.2136385440826416,0.625,0.625
1,1,67,1.0591554641723633,0.65625,0.09561491012573242,0.18505644798278809,0.625,0.625
1,1,68,0.9691641330718994,0.625,0.1585073471069336,0.2352914810180664,0.625,0.625
1,1,69,0.748252272605896,0.75,0.10468578338623047,0.18671512603759766,0.625,0.625
1,1,70,1.0200493335723877,0.609375,0.13476347923278809,0.21332216262817383,0.625,0.625
1,1,71,0.893384575843811,0.703125,0.1023557186126709,0.1824498176574707,0.625,0.625
1,1,72,0.9355659484863281,0.6875,0.13787293434143066,0.21755099296569824,0.625,0.625
1,1,73,0.9090218544006348,0.703125,0.10659956932067871,0.1921389102935791,0.625,0.625
1,1,74,1.133788824081421,0.578125,0.12208223342895508,0.1993849277496338,0.625,0.625
1,1,75,0.9102307558059692,0.71875,0.09997320175170898,0.18130946159362793,0.625,0.625
1,1,76,1.0508828163146973,0.640625,0.14458823204040527,0.2286665439605713,0.625,0.625
1,1,77,0.9894435405731201,0.65625,0.11016511917114258,0.19056248664855957,0.625,0.625
1,1,78,1.0240974426269531,0.640625,0.1378326416015625,0.22100162506103516,0.625,0.625
1,1,79,0.9987537860870361,0.6875,0.11198067665100098,0.19045782089233398,0.625,0.625
1,1,80,1.2231497764587402,0.625,0.154343843460083,0.24537992477416992,0.625,0.625
1,1,81,1.2019398212432861,0.59375,0.1486353874206543,0.24582481384277344,0.625,0.625
1,1,82,1.2145061492919922,0.578125,0.17875242233276367,0.28211331367492676,0.625,0.625
1,1,83,0.9980412125587463,0.625,0.14050769805908203,0.24195528030395508,0.625,0.625
1,1,84,0.9877128005027771,0.640625,0.2009296417236328,0.29618406295776367,0.625,0.625
1,1,85,0.9386885166168213,0.671875,0.17584872245788574,0.2797532081604004,0.625,0.625
1,1,86,0.9464102387428284,0.65625,0.1252143383026123,0.20975565910339355,0.625,0.625
1,1,87,1.223915696144104,0.515625,0.10476374626159668,0.18519377708435059,0.625,0.625
1,1,88,1.2278906106948853,0.609375,0.13093876838684082,0.21076345443725586,0.625,0.625
1,1,89,1.1262458562850952,0.625,0.1187138557434082,0.21036338806152344,0.625,0.625
1,1,90,0.927467942237854,0.671875,0.12463665008544922,0.21526026725769043,0.625,0.625
1,1,91,1.215393304824829,0.515625,0.11597132682800293,0.19782614707946777,0.625,0.625
1,1,92,1.0071508884429932,0.6875,0.10775423049926758,0.19480037689208984,0.625,0.625
1,1,93,1.156104564666748,0.59375,0.12057113647460938,0.2023932933807373,0.625,0.625
1,1,94,1.0977716445922852,0.578125,0.13107895851135254,0.21414518356323242,0.625,0.625
1,1,95,1.014103889465332,0.609375,0.1453418731689453,0.2301797866821289,0.625,0.625
1,1,96,0.9484385848045349,0.671875,0.11616158485412598,0.19454526901245117,0.625,0.625
1,1,97,0.9450711607933044,0.609375,0.12328529357910156,0.20645570755004883,0.625,0.625
1,1,98,1.0454884767532349,0.640625,0.10242795944213867,0.1837630271911621,0.625,0.625
1,1,99,1.0643748044967651,0.640625,0.1502668857574463,0.22714638710021973,0.625,0.625
1,1,100,1.0827693939208984,0.59375,0.1273057460784912,0.20539641380310059,0.625,0.625
1,1,101,1.0573372840881348,0.640625,0.14201593399047852,0.22055959701538086,0.625,0.625
1,1,102,1.0570363998413086,0.578125,0.10410380363464355,0.1830298900604248,0.625,0.625
1,1,103,1.1253881454467773,0.625,0.15497970581054688,0.24050068855285645,0.625,0.625
1,1,104,0.7815908193588257,0.734375,0.11177778244018555,0.1933424472808838,0.625,0.625
1,1,105,0.7408061027526855,0.734375,0.1274724006652832,0.20866990089416504,0.625,0.625
1,1,106,0.9641411900520325,0.65625,0.10748553276062012,0.18412256240844727,0.625,0.625
1,1,107,1.0490649938583374,0.609375,0.14411354064941406,0.22782039642333984,0.625,0.625
1,1,108,1.0246951580047607,0.609375,0.10786914825439453,0.19061803817749023,0.625,0.625
1,1,109,1.1775989532470703,0.59375,0.13355779647827148,0.21690106391906738,0.625,0.625
1,1,110,1.2381906509399414,0.65625,0.11713695526123047,0.20830821990966797,0.625,0.625
1,1,111,0.7783104181289673,0.71875,0.14788556098937988,0.23117637634277344,0.625,0.625
1,1,112,1.3909964561462402,0.5,0.10994696617126465,0.1930999755859375,0.625,0.625
1,1,113,1.2223758697509766,0.53125,0.15149164199829102,0.233917236328125,0.625,0.625
1,1,114,0.7626030445098877,0.796875,0.11815190315246582,0.19829440116882324,0.625,0.625
1,1,115,0.8642377853393555,0.671875,0.13610339164733887,0.22181129455566406,0.625,0.625
1,1,116,0.9963620901107788,0.640625,0.1117103099822998,0.19521307945251465,0.625,0.625
1,1,117,0.9635589122772217,0.65625,0.13495731353759766,0.22081542015075684,0.625,0.625
1,1,118,1.1978965997695923,0.609375,0.10934996604919434,0.20383620262145996,0.625,0.625
1,1,119,1.2561194896697998,0.5625,0.1451268196105957,0.2326352596282959,0.625,0.625
1,1,120,1.113895297050476,0.640625,0.11108088493347168,0.2009880542755127,0.625,0.625
1,1,121,0.8975798487663269,0.6875,0.12939453125,0.21092844009399414,0.625,0.625
1,1,122,0.969599723815918,0.734375,0.10859179496765137,0.193803071975708,0.625,0.625
1,1,123,1.1098310947418213,0.578125,0.14157676696777344,0.22267508506774902,0.625,0.625
1,1,124,1.0535564422607422,0.625,0.11915063858032227,0.20326972007751465,0.625,0.625
1,1,125,1.0181944370269775,0.6875,0.14003944396972656,0.23348426818847656,0.625,0.625
1,1,126,1.1739294528961182,0.578125,0.1291661262512207,0.21793484687805176,0.625,0.625
1,1,127,0.8857059478759766,0.671875,0.11652898788452148,0.21082115173339844,0.625,0.625
1,1,128,0.9915221333503723,0.609375,0.15420198440551758,0.2510261535644531,0.625,0.625
1,1,129,1.3108069896697998,0.53125,0.12803387641906738,0.21393275260925293,0.625,0.625
1,1,130,1.2158899307250977,0.53125,0.14729690551757812,0.22765731811523438,0.625,0.625
1,1,131,1.374847650527954,0.5,0.1058661937713623,0.18679070472717285,0.625,0.625
1,1,132,1.1732444763183594,0.625,0.14585590362548828,0.22612357139587402,0.625,0.625
1,1,133,1.047977089881897,0.703125,0.10588645935058594,0.1896216869354248,0.625,0.625
1,1,134,1.3298487663269043,0.609375,0.15223312377929688,0.2380974292755127,0.625,0.625
1,1,135,0.9959951043128967,0.671875,0.13189148902893066,0.2381000518798828,0.625,0.625
1,1,136,1.1238247156143188,0.640625,0.14906597137451172,0.23316264152526855,0.625,0.625
1,1,137,1.10187566280365,0.546875,0.10768628120422363,0.18804717063903809,0.625,0.625
1,1,138,0.9585477113723755,0.609375,0.1474161148071289,0.22667622566223145,0.625,0.625
1,1,139,1.2778058052062988,0.546875,0.12184906005859375,0.2013406753540039,0.625,0.625
1,1,140,1.2590750455856323,0.578125,0.12642192840576172,0.2076578140258789,0.625,0.625
1,1,141,1.2705268859863281,0.609375,0.11378169059753418,0.1975102424621582,0.625,0.625
1,1,142,1.0223629474639893,0.625,0.14519596099853516,0.2341301441192627,0.625,0.625
1,1,143,1.0862963199615479,0.5625,0.12141108512878418,0.20269036293029785,0.625,0.625
1,1,144,0.9102911949157715,0.71875,0.14942193031311035,0.23797893524169922,0.625,0.625
1,1,145,0.9731011390686035,0.59375,0.1103370189666748,0.20534944534301758,0.625,0.625
1,1,146,1.1952649354934692,0.640625,0.12970519065856934,0.21062302589416504,0.625,0.625
1,1,147,0.9329915046691895,0.640625,0.13751554489135742,0.22078180313110352,0.625,0.625
1,1,148,1.2736871242523193,0.5625,0.10599136352539062,0.19508934020996094,0.625,0.625
1,1,149,0.8438054323196411,0.71875,0.15352535247802734,0.24208331108093262,0.625,0.625
1,1,150,1.1512783765792847,0.5625,0.15326714515686035,0.23651504516601562,0.625,0.625
1,1,151,1.1955069303512573,0.5625,0.16756629943847656,0.26700472831726074,0.625,0.625
1,1,152,0.9831796884536743,0.6875,0.11923885345458984,0.20770597457885742,0.625,0.625
1,1,153,0.9670554399490356,0.640625,0.1511688232421875,0.24210023880004883,0.625,0.625
1,1,154,0.9165265560150146,0.640625,0.1125800609588623,0.1939537525177002,0.625,0.625
1,1,155,0.7383518218994141,0.765625,0.15965843200683594,0.2684061527252197,0.625,0.625
1,1,156,0.9737464785575867,0.703125,0.18732786178588867,0.31920289993286133,0.625,0.625
1,1,157,1.0236141681671143,0.65625,0.2631046772003174,0.40044617652893066,0.625,0.625
1,1,158,1.0849266052246094,0.59375,0.1520078182220459,0.2648348808288574,0.625,0.625
1,1,159,1.1679103374481201,0.53125,0.15815114974975586,0.25562381744384766,0.625,0.625
1,1,160,0.9012566804885864,0.71875,0.12190866470336914,0.23176884651184082,0.625,0.625
1,1,161,0.9228376150131226,0.6875,0.1589672565460205,0.2825663089752197,0.625,0.625
1,1,162,1.0700846910476685,0.65625,0.1408090591430664,0.23769235610961914,0.625,0.625
1,1,163,1.0739872455596924,0.59375,0.14789938926696777,0.2466297149658203,0.625,0.625
1,1,164,0.956810712814331,0.65625,0.12804508209228516,0.22975635528564453,0.625,0.625
1,1,165,0.9554935693740845,0.703125,0.19485807418823242,0.30016446113586426,0.625,0.625
1,1,166,1.2048419713974,0.515625,0.16547060012817383,0.2822914123535156,0.625,0.625
1,1,167,1.1085479259490967,0.578125,0.1580648422241211,0.2566413879394531,0.625,0.625
1,1,168,1.1954400539398193,0.5625,0.14987969398498535,0.2612793445587158,0.625,0.625
1,1,169,1.06827974319458,0.625,0.15434980392456055,0.24700522422790527,0.625,0.625
1,1,170,1.0738691091537476,0.625,0.13119816780090332,0.23857903480529785,0.625,0.625
1,1,171,0.8790332078933716,0.640625,0.14586782455444336,0.2334601879119873,0.625,0.625
1,1,172,1.0459060668945312,0.59375,0.1398768424987793,0.23469042778015137,0.625,0.625
1,1,173,1.160969853401184,0.515625,0.14442658424377441,0.23639822006225586,0.625,0.625
1,1,174,0.9953277111053467,0.671875,0.12444710731506348,0.20869064331054688,0.625,0.625
1,1,175,0.8357093930244446,0.78125,0.15070080757141113,0.2386462688446045,0.625,0.625
1,1,176,0.9571757316589355,0.625,0.09867477416992188,0.18729186058044434,0.625,0.625
1,1,177,1.0573594570159912,0.640625,0.13299775123596191,0.22139477729797363,0.625,0.625
1,1,178,1.1458230018615723,0.609375,0.11538505554199219,0.20061731338500977,0.625,0.625
1,1,179,1.4196054935455322,0.515625,0.1661672592163086,0.26073169708251953,0.625,0.625
1,1,180,0.8641231060028076,0.640625,0.11610698699951172,0.19925236701965332,0.625,0.625
1,1,181,1.117936134338379,0.609375,0.15558147430419922,0.24260663986206055,0.625,0.625
1,1,182,1.201035976409912,0.5625,0.1076657772064209,0.18872737884521484,0.625,0.625
1,1,183,1.1787607669830322,0.625,0.1499931812286377,0.23906159400939941,0.625,0.625
1,1,184,1.1722772121429443,0.53125,0.10744142532348633,0.19945621490478516,0.625,0.625
1,1,185,1.1092478036880493,0.59375,0.12581586837768555,0.21565890312194824,0.625,0.625
1,1,186,1.08441960811615,0.578125,0.10521626472473145,0.20035719871520996,0.625,0.625
1,1,187,1.1906929016113281,0.578125,0.10358500480651855,0.1911029815673828,0.625,0.625
1,1,188,0.9403727054595947,0.671875,0.10895729064941406,0.19922685623168945,0.625,0.625
1,1,189,1.2115665674209595,0.578125,0.1469709873199463,0.2275371551513672,0.625,0.625
1,1,190,1.039872646331787,0.75,0.12051630020141602,0.2054295539855957,0.625,0.625
1,1,191,1.1466413736343384,0.71875,0.13488173484802246,0.21567749977111816,0.625,0.625
1,1,192,0.9659917950630188,0.65625,0.1047658920288086,0.18796443939208984,0.625,0.625
1,1,193,1.0303823947906494,0.65625,0.14178800582885742,0.22126126289367676,0.625,0.625
1,1,194,1.203585147857666,0.609375,0.10847997665405273,0.19645118713378906,0.625,0.625
1,1,195,1.104392170906067,0.609375,0.13118577003479004,0.21037888526916504,0.625,0.625
1,1,196,1.2314698696136475,0.578125,0.10972237586975098,0.19505786895751953,0.625,0.625
1,1,197,1.0405035018920898,0.640625,0.1343379020690918,0.21845054626464844,0.625,0.625
1,1,198,1.1449530124664307,0.578125,0.11578583717346191,0.1989433765411377,0.625,0.625
1,1,199,0.869318425655365,0.734375,0.13307929039001465,0.21341562271118164,0.625,0.625
1,1,200,1.1917896270751953,0.59375,0.0931243896484375,0.1831037998199463,0.625,0.625
1,1,201,0.9744826555252075,0.640625,0.1356964111328125,0.21915292739868164,0.625,0.625
1,1,202,0.8083319664001465,0.765625,0.10608410835266113,0.18435120582580566,0.625,0.625
1,1,203,0.9601333141326904,0.5625,0.14158129692077637,0.22073006629943848,0.625,0.625
1,1,204,1.002211570739746,0.5625,0.12363910675048828,0.20232605934143066,0.625,0.625
1,1,205,0.8138444423675537,0.640625,0.12790298461914062,0.20725750923156738,0.625,0.625
1,1,206,1.0928056240081787,0.59375,0.1049811840057373,0.18651962280273438,0.625,0.625
1,1,207,0.9125286340713501,0.640625,0.12231087684631348,0.20336484909057617,0.625,0.625
1,1,208,1.0110267400741577,0.6875,0.1156306266784668,0.19693589210510254,0.625,0.625
1,1,209,1.262610912322998,0.578125,0.13763689994812012,0.21822643280029297,0.625,0.625
1,1,210,0.9450291395187378,0.65625,0.10701799392700195,0.1883223056793213,0.625,0.625
1,1,211,1.0649123191833496,0.609375,0.1304774284362793,0.21437740325927734,0.625,0.625
1,1,212,0.9001139402389526,0.71875,0.10091447830200195,0.18131542205810547,0.625,0.625
1,1,213,1.1673014163970947,0.640625,0.1398296356201172,0.21889162063598633,0.625,0.625
1,1,214,1.1616873741149902,0.5625,0.11494112014770508,0.1934206485748291,0.625,0.625
1,1,215,0.8704743981361389,0.765625,0.13377809524536133,0.2146461009979248,0.625,0.625
1,1,216,0.9606608748435974,0.671875,0.12337970733642578,0.209991455078125,0.625,0.625
1,1,217,0.8674532175064087,0.734375,0.14410781860351562,0.22417020797729492,0.625,0.625
1,1,218,0.98964524269104,0.671875,0.13454484939575195,0.22465109825134277,0.625,0.625
1,1,219,0.8585630655288696,0.703125,0.15755558013916016,0.2420344352722168,0.625,0.625
1,1,220,0.6901897192001343,0.796875,0.10909438133239746,0.19307780265808105,0.625,0.625
1,1,221,1.1321041584014893,0.609375,0.1487879753112793,0.22715306282043457,0.625,0.625
1,1,222,0.7837687730789185,0.75,0.09645676612854004,0.18812990188598633,0.625,0.625
1,1,223,0.800808310508728,0.71875,0.1373004913330078,0.21760845184326172,0.625,0.625
1,1,224,0.7902652025222778,0.734375,0.10566830635070801,0.18391108512878418,0.625,0.625
1,1,225,1.2448923587799072,0.53125,0.1438887119293213,0.2239246368408203,0.625,0.625
1,1,226,0.9261562824249268,0.65625,0.10504722595214844,0.1869184970855713,0.625,0.625
1,1,227,0.9739640355110168,0.609375,0.1388533115386963,0.21874475479125977,0.625,0.625
1,1,228,0.9633222818374634,0.6875,0.12237238883972168,0.20142674446105957,0.625,0.625
1,1,229,0.9835201501846313,0.6875,0.1318042278289795,0.21887969970703125,0.625,0.625
1,1,230,0.9345409274101257,0.65625,0.11001086235046387,0.18942046165466309,0.625,0.625
1,1,231,1.1672723293304443,0.578125,0.15141677856445312,0.23314762115478516,0.625,0.625
1,1,232,1.180294156074524,0.640625,0.10903811454772949,0.1941518783569336,0.625,0.625
1,1,233,0.9855891466140747,0.59375,0.1326284408569336,0.2168722152709961,0.625,0.625
1,1,234,0.9837973117828369,0.59375,0.1275179386138916,0.2056434154510498,0.625,0.625
1,1,235,0.9035841226577759,0.671875,0.14150714874267578,0.22601675987243652,0.625,0.625
1,1,236,1.1279566287994385,0.578125,0.09967899322509766,0.19012141227722168,0.625,0.625
1,1,237,0.8260679244995117,0.75,0.14275193214416504,0.22552227973937988,0.625,0.625
1,1,238,0.8714326620101929,0.71875,0.10617303848266602,0.19451093673706055,0.625,0.625
1,1,239,1.2085392475128174,0.5625,0.1438145637512207,0.22745323181152344,0.625,0.625
1,1,240,1.0032691955566406,0.640625,0.11378717422485352,0.19752168655395508,0.625,0.625
1,1,241,1.1957573890686035,0.59375,0.14174675941467285,0.23082995414733887,0.625,0.625
1,1,242,1.0817968845367432,0.625,0.11295771598815918,0.1968553066253662,0.625,0.625
1,1,243,0.8662588596343994,0.671875,0.12938475608825684,0.2177410125732422,0.625,0.625
1,1,244,1.082543969154358,0.6875,0.10873699188232422,0.19121694564819336,0.625,0.625
1,1,245,0.6888903379440308,0.75,0.14507007598876953,0.22967219352722168,0.625,0.625
1,1,246,1.0239896774291992,0.65625,0.12109875679016113,0.20531702041625977,0.625,0.625
1,1,247,1.139172077178955,0.578125,0.1326282024383545,0.22231435775756836,0.625,0.625
1,1,248,0.9182077646255493,0.671875,0.13730740547180176,0.21837711334228516,0.625,0.625
1,1,249,0.8443542122840881,0.671875,0.12360358238220215,0.20621299743652344,0.625,0.625
1,1,250,1.148956537246704,0.5625,0.10398197174072266,0.18764448165893555,0.625,0.625
1,1,251,0.937730073928833,0.671875,0.15621566772460938,0.24356389045715332,0.625,0.625
1,1,252,0.9495652914047241,0.609375,0.11523628234863281,0.20141839981079102,0.625,0.625
1,1,253,1.0332605838775635,0.59375,0.1547679901123047,0.23620915412902832,0.625,0.625
1,1,254,0.911706805229187,0.59375,0.10931706428527832,0.1966869831085205,0.625,0.625
1,1,255,0.7950544357299805,0.703125,0.1347053050994873,0.21207141876220703,0.625,0.625
1,1,256,1.0162991285324097,0.640625,0.1094827651977539,0.19439482688903809,0.625,0.625
1,1,257,0.9512293338775635,0.65625,0.1427145004272461,0.22327733039855957,0.625,0.625
1,1,258,0.9677855968475342,0.640625,0.10405445098876953,0.18610882759094238,0.625,0.625
1,1,259,0.9878740310668945,0.6875,0.1457986831665039,0.22757267951965332,0.625,0.625
1,2,0,0.662819504737854,0.765625,0.18973231315612793,0.27854394912719727,0.625,0.625
1,2,1,0.8263417482376099,0.6875,0.1418921947479248,0.2224898338317871,0.625,0.625
1,2,2,0.7699345350265503,0.71875,0.12010836601257324,0.20231294631958008,0.625,0.625
1,2,3,0.8475744724273682,0.6875,0.15498018264770508,0.25346827507019043,0.625,0.625
1,2,4,0.9598283767700195,0.59375,0.12038373947143555,0.21565556526184082,0.625,0.625
1,2,5,0.6201621294021606,0.8125,0.12126636505126953,0.20328235626220703,0.625,0.625
1,2,6,1.0302324295043945,0.640625,0.14351272583007812,0.22182798385620117,0.625,0.625
1,2,7,0.6997445821762085,0.75,0.10217976570129395,0.19419622421264648,0.625,0.625
1,2,8,0.8009351491928101,0.671875,0.13727045059204102,0.22680330276489258,0.625,0.625
1,2,9,0.8811536431312561,0.671875,0.12955927848815918,0.20924592018127441,0.625,0.625
1,2,10,0.8777364492416382,0.703125,0.14041709899902344,0.21842455863952637,0.625,0.625
1,2,11,0.9160911440849304,0.703125,0.15607571601867676,0.24159693717956543,0.625,0.625
1,2,12,0.6817206740379333,0.734375,0.10984945297241211,0.1918020248413086,0.625,0.625
1,2,13,0.7673089504241943,0.71875,0.15463709831237793,0.235975980758667,0.625,0.625
1,2,14,0.636436939239502,0.765625,0.09763455390930176,0.1888713836669922,0.625,0.625
1,2,15,0.8338571786880493,0.71875,0.12740778923034668,0.21407699584960938,0.625,0.625
1,2,16,0.9626326560974121,0.703125,0.10537862777709961,0.18733859062194824,0.625,0.625
1,2,17,0.8012191653251648,0.75,0.1323249340057373,0.21376729011535645,0.625,0.625
1,2,18,0.8675389289855957,0.625,0.11395907402038574,0.21938586235046387,0.625,0.625
1,2,19,0.6819132566452026,0.765625,0.11289834976196289,0.19192981719970703,0.625,0.625
1,2,20,0.8444072008132935,0.734375,0.10872459411621094,0.18773460388183594,0.625,0.625
1,2,21,0.8131918907165527,0.734375,0.12913131713867188,0.21320438385009766,0.625,0.625
1,2,22,0.7511241436004639,0.78125,0.11238861083984375,0.19418025016784668,0.625,0.625
1,2,23,0.7984914779663086,0.71875,0.15297579765319824,0.23471760749816895,0.625,0.625
1,2,24,0.8147566318511963,0.703125,0.11198997497558594,0.1977369785308838,0.625,0.625
1,2,25,0.8853224515914917,0.703125,0.13890552520751953,0.2188584804534912,0.625,0.625
1,2,26,0.9511183500289917,0.703125,0.10703110694885254,0.19761109352111816,0.625,0.625
1,2,27,0.9324923157691956,0.703125,0.1502547264099121,0.23741912841796875,0.625,0.625
1,2,28,0.940734326839447,0.640625,0.11915445327758789,0.19984054565429688,0.625,0.625
1,2,29,0.7259984016418457,0.703125,0.1389164924621582,0.22684836387634277,0.625,0.625
1,2,30,0.8407572507858276,0.71875,0.10103678703308105,0.1921696662902832,0.625,0.625
1,2,31,0.9579020738601685,0.6875,0.16967320442199707,0.2503485679626465,0.625,0.625
1,2,32,0.8181471228599548,0.65625,0.1162717342376709,0.19855690002441406,0.625,0.625
1,2,33,1.055293321609497,0.625,0.1521599292755127,0.23738956451416016,0.625,0.625
1,2,34,0.7246782779693604,0.75,0.12200331687927246,0.20181632041931152,0.625,0.625
1,2,35,0.9182820916175842,0.65625,0.12620139122009277,0.2089827060699463,0.625,0.625
1,2,36,0.7414646148681641,0.78125,0.13936305046081543,0.22270965576171875,0.625,0.625
1,2,37,0.8837003707885742,0.671875,0.09937191009521484,0.18686652183532715,0.625,0.625
1,2,38,1.0060194730758667,0.65625,0.1413109302520752,0.22474169731140137,0.625,0.625
1,2,39,0.8563901782035828,0.71875,0.09855961799621582,0.1915445327758789,0.625,0.625
1,2,40,1.0802624225616455,0.65625,0.13865375518798828,0.220505952835083,0.625,0.625
1,2,41,0.8308337926864624,0.671875,0.10560750961303711,0.18756914138793945,0.625,0.625
1,2,42,1.1428308486938477,0.578125,0.14471125602722168,0.2278907299041748,0.625,0.625
1,2,43,0.9836836457252502,0.625,0.11315727233886719,0.1935129165649414,0.625,0.625
1,2,44,0.8429285287857056,0.75,0.1454761028289795,0.22527146339416504,0.625,0.625
1,2,45,0.9779479503631592,0.640625,0.09629511833190918,0.18768596649169922,0.625,0.625
1,2,46,0.8766015768051147,0.625,0.15358376502990723,0.23690533638000488,0.625,0.625
1,2,47,0.7330105304718018,0.703125,0.1564326286315918,0.23282575607299805,0.625,0.625
1,2,48,0.6777886152267456,0.765625,0.13002228736877441,0.20905327796936035,0.625,0.625
1,2,49,0.7381258010864258,0.6875,0.125197172164917,0.20548605918884277,0.625,0.625
1,2,50,0.796467125415802,0.78125,0.11483383178710938,0.19693899154663086,0.625,0.625
1,2,51,1.1127419471740723,0.59375,0.13145089149475098,0.2120802402496338,0.625,0.625
1,2,52,0.9763901233673096,0.625,0.11390900611877441,0.1985301971435547,0.625,0.625
1,2,53,0.989623486995697,0.609375,0.14998388290405273,0.23424363136291504,0.625,0.625
1,2,54,0.6487817764282227,0.734375,0.1151590347290039,0.19725489616394043,0.625,0.625
1,2,55,0.893792450428009,0.703125,0.13738059997558594,0.23280787467956543,0.625,0.625
1,2,56,0.8925206661224365,0.65625,0.10587263107299805,0.18511962890625,0.625,0.625
1,2,57,0.7436408400535583,0.765625,0.1490769386291504,0.2308664321899414,0.625,0.625
1,2,58,0.9006738662719727,0.6875,0.11101770401000977,0.19159173965454102,0.625,0.625
1,2,59,0.9100023508071899,0.703125,0.13574504852294922,0.21617579460144043,0.625,0.625
1,2,60,0.6447250843048096,0.78125,0.11783552169799805,0.20142221450805664,0.625,0.625
1,2,61,0.7646135091781616,0.65625,0.12769484519958496,0.2159116268157959,0.625,0.625
1,2,62,0.6087090969085693,0.8125,0.114410400390625,0.207383394241333,0.625,0.625
1,2,63,0.7413201332092285,0.71875,0.15094614028930664,0.24518537521362305,0.625,0.625
1,2,64,0.7681525945663452,0.703125,0.12080907821655273,0.211090087890625,0.625,0.625
1,2,65,1.115281105041504,0.65625,0.11757707595825195,0.20438265800476074,0.625,0.625
1,2,66,0.77623051404953,0.75,0.14995884895324707,0.23381876945495605,0.625,0.625
1,2,67,0.7420289516448975,0.71875,0.127028226852417,0.21145153045654297,0.625,0.625
1,2,68,0.7277913093566895,0.75,0.1358482837677002,0.21610140800476074,0.625,0.625
1,2,69,0.7482889890670776,0.71875,0.11611676216125488,0.19583678245544434,0.625,0.625
1,2,70,0.8919082283973694,0.671875,0.14435124397277832,0.2264246940612793,0.625,0.625
1,2,71,1.0325517654418945,0.640625,0.10559511184692383,0.20053458213806152,0.625,0.625
1,2,72,0.8830115795135498,0.75,0.1377098560333252,0.22253775596618652,0.625,0.625
1,2,73,1.0985205173492432,0.609375,0.13873672485351562,0.23548340797424316,0.625,0.625
1,2,74,0.9858858585357666,0.640625,0.12670683860778809,0.21848368644714355,0.625,0.625
1,2,75,0.9429670572280884,0.671875,0.12702512741088867,0.21453642845153809,0.625,0.625
1,2,76,1.1105430126190186,0.59375,0.16343307495117188,0.2559504508972168,0.625,0.625
1,2,77,0.690720796585083,0.75,0.128523588180542,0.21710968017578125,0.625,0.625
1,2,78,0.7283913493156433,0.75,0.1093435287475586,0.20157194137573242,0.625,0.625
1,2,79,0.8562760353088379,0.734375,0.17841625213623047,0.26456594467163086,0.625,0.625
1,2,80,0.8748708963394165,0.765625,0.1308598518371582,0.22854304313659668,0.625,0.625
1,2,81,0.8713258504867554,0.734375,0.16594243049621582,0.25266051292419434,0.625,0.625
1,2,82,0.7098250389099121,0.734375,0.10868263244628906,0.1952805519104004,0.625,0.625
1,2,83,0.9511055946350098,0.734375,0.1305246353149414,0.21805500984191895,0.625,0.625
1,2,84,1.0109275579452515,0.65625,0.10528349876403809,0.18727803230285645,0.625,0.625
1,2,85,0.8966753482818604,0.765625,0.14112544059753418,0.22367429733276367,0.625,0.625
1,2,86,0.9874356985092163,0.625,0.10773229598999023,0.19023370742797852,0.625,0.625
1,2,87,0.7897562980651855,0.71875,0.14469456672668457,0.2336716651916504,0.625,0.625
1,2,88,0.6923599243164062,0.6875,0.10447907447814941,0.185805082321167,0.625,0.625
1,2,89,0.7632477283477783,0.640625,0.12784123420715332,0.20624923706054688,0.625,0.625
1,2,90,0.8943425416946411,0.640625,0.10898280143737793,0.1875002384185791,0.625,0.625
1,2,91,0.8962557911872864,0.6875,0.12854886054992676,0.2099606990814209,0.625,0.625
1,2,92,0.7538324594497681,0.71875,0.10408425331115723,0.18282008171081543,0.625,0.625
1,2,93,0.9753002524375916,0.625,0.13233399391174316,0.20722293853759766,0.625,0.625
1,2,94,0.6772691607475281,0.71875,0.10329771041870117,0.17929601669311523,0.625,0.625
1,2,95,0.860940158367157,0.6875,0.13664674758911133,0.2161238193511963,0.625,0.625
1,2,96,0.9501881003379822,0.734375,0.10333585739135742,0.18018865585327148,0.625,0.625
1,2,97,0.7867318391799927,0.78125,0.13565349578857422,0.2228703498840332,0.625,0.625
1,2,98,1.0306034088134766,0.59375,0.11228156089782715,0.19452571868896484,0.625,0.625
1,2,99,0.8278369307518005,0.671875,0.13082504272460938,0.2189950942993164,0.625,0.625
1,2,100,1.0770652294158936,0.609375,0.1341390609741211,0.212510347366333,0.625,0.625
1,2,101,0.9261953830718994,0.671875,0.1225423812866211,0.2064507007598877,0.625,0.625
1,2,102,0.7871072292327881,0.75,0.14019155502319336,0.22800993919372559,0.625,0.625
1,2,103,0.9596666097640991,0.671875,0.10487699508666992,0.1845569610595703,0.625,0.625
1,2,104,1.0102074146270752,0.625,0.13881278038024902,0.22028350830078125,0.625,0.625
1,2,105,1.00387704372406,0.609375,0.10072016716003418,0.18866252899169922,0.625,0.625
1,2,106,0.9203372001647949,0.671875,0.14635419845581055,0.22555136680603027,0.625,0.625
1,2,107,0.8544092178344727,0.671875,0.10363960266113281,0.18324065208435059,0.625,0.625
1,2,108,0.7877312898635864,0.734375,0.13474345207214355,0.21840381622314453,0.625,0.625
1,2,109,0.8364403247833252,0.734375,0.10986185073852539,0.19050002098083496,0.625,0.625
1,2,110,0.8255591988563538,0.796875,0.13938355445861816,0.22098970413208008,0.625,0.625
1,2,111,0.9686471223831177,0.671875,0.11609029769897461,0.19693207740783691,0.625,0.625
1,2,112,0.9947221875190735,0.671875,0.13987088203430176,0.22361159324645996,0.625,0.625
1,2,113,0.906505286693573,0.671875,0.12057304382324219,0.20306873321533203,0.625,0.625
1,2,114,0.91615229845047,0.703125,0.13741731643676758,0.21460533142089844,0.625,0.625
1,2,115,0.7583618760108948,0.78125,0.1140449047088623,0.21102571487426758,0.625,0.625
1,2,116,0.7349945306777954,0.75,0.11760067939758301,0.20026063919067383,0.625,0.625
1,2,117,0.8750271797180176,0.6875,0.11934256553649902,0.203383207321167,0.625,0.625
1,2,118,0.7961022853851318,0.6875,0.13681292533874512,0.217132568359375,0.625,0.625
1,2,119,0.8485978245735168,0.703125,0.11903905868530273,0.20408225059509277,0.625,0.625
1,2,120,0.49152758717536926,0.78125,0.14133119583129883,0.22089147567749023,0.625,0.625
1,2,121,0.7702226638793945,0.75,0.1271800994873047,0.2125086784362793,0.625,0.625
1,2,122,0.6951886415481567,0.78125,0.14473724365234375,0.2270338535308838,0.625,0.625
1,2,123,0.8763619065284729,0.671875,0.16017842292785645,0.25188660621643066,0.625,0.625
1,2,124,0.6868252754211426,0.8125,0.1247110366821289,0.20646047592163086,0.625,0.625
1,2,125,0.8799787759780884,0.6875,0.10065841674804688,0.19022226333618164,0.625,0.625
1,2,126,0.772586464881897,0.6875,0.151106595993042,0.23160219192504883,0.625,0.625
1,2,127,0.7409855127334595,0.734375,0.12601256370544434,0.21332573890686035,0.625,0.625
1,2,128,0.9690468311309814,0.65625,0.13376951217651367,0.21366333961486816,0.625,0.625
1,2,129,0.6555588245391846,0.765625,0.10630202293395996,0.185347318649292,0.625,0.625
1,2,130,0.8241474628448486,0.6875,0.13045144081115723,0.22390055656433105,0.625,0.625
1,2,131,0.8778619766235352,0.71875,0.10844159126281738,0.19202470779418945,0.625,0.625
1,2,132,0.7778975963592529,0.734375,0.13751769065856934,0.22105693817138672,0.625,0.625
1,2,133,0.8952318429946899,0.671875,0.12669730186462402,0.2268221378326416,0.625,0.625
1,2,134,0.7763224840164185,0.765625,0.1302170753479004,0.211669921875,0.625,0.625
1,2,135,0.7375726699829102,0.734375,0.11402750015258789,0.19375276565551758,0.625,0.625
1,2,136,0.6028947830200195,0.828125,0.15138912200927734,0.229736328125,0.625,0.625
1,2,137,0.9414975047111511,0.703125,0.11100983619689941,0.19600176811218262,0.625,0.625
1,2,138,0.5504537224769592,0.796875,0.1343832015991211,0.2209475040435791,0.625,0.625
1,2,139,0.9780828356742859,0.671875,0.09968423843383789,0.19327688217163086,0.625,0.625
1,2,140,1.071540117263794,0.6875,0.13347673416137695,0.21204805374145508,0.625,0.625
1,2,141,0.7974720001220703,0.6875,0.10772991180419922,0.19214940071105957,0.625,0.625
1,2,142,0.8467250466346741,0.703125,0.14833927154541016,0.23663663864135742,0.625,0.625
1,2,143,1.0371819734573364,0.71875,0.12162160873413086,0.20325088500976562,0.625,0.625
1,2,144,0.9675853848457336,0.59375,0.10838079452514648,0.1937088966369629,0.625,0.625
1,2,145,0.6943978071212769,0.796875,0.1410977840423584,0.22487211227416992,0.625,0.625
1,2,146,1.148171305656433,0.625,0.10571575164794922,0.18592214584350586,0.625,0.625
1,2,147,0.6327564716339111,0.71875,0.14242887496948242,0.22867226600646973,0.625,0.625
1,2,148,0.7833711504936218,0.75,0.1042630672454834,0.18525171279907227,0.625,0.625
1,2,149,0.46723708510398865,0.84375,0.14917397499084473,0.2299792766571045,0.625,0.625
1,2,150,0.9527184963226318,0.625,0.11330056190490723,0.20036816596984863,0.625,0.625
1,2,151,0.9331566095352173,0.6875,0.1428515911102295,0.23493480682373047,0.625,0.625
1,2,152,0.8154886960983276,0.6875,0.10712742805480957,0.18719029426574707,0.625,0.625
1,2,153,0.6902976632118225,0.734375,0.14615607261657715,0.226456880569458,0.625,0.625
1,2,154,0.8660796880722046,0.71875,0.11706376075744629,0.1949756145477295,0.625,0.625
1,2,155,0.8262647390365601,0.71875,0.14317584037780762,0.2217104434967041,0.625,0.625
1,2,156,0.8214628100395203,0.703125,0.10579848289489746,0.19069528579711914,0.625,0.625
1,2,157,0.7455595135688782,0.71875,0.12945079803466797,0.21019363403320312,0.625,0.625
1,2,158,0.5741326808929443,0.765625,0.11268877983093262,0.1957993507385254,0.625,0.625
1,2,159,0.6552860736846924,0.765625,0.13140034675598145,0.21072125434875488,0.625,0.625
1,2,160,0.7429876327514648,0.734375,0.10224127769470215,0.18104124069213867,0.625,0.625
1,2,161,0.7975391149520874,0.796875,0.1343402862548828,0.21149063110351562,0.625,0.625
1,2,162,0.7483473420143127,0.640625,0.10656571388244629,0.18836402893066406,0.625,0.625
1,2,163,1.1506109237670898,0.609375,0.13019680976867676,0.20954680442810059,0.625,0.625
1,2,164,0.5847287178039551,0.78125,0.1078343391418457,0.19439125061035156,0.625,0.625
1,2,165,0.7724040746688843,0.734375,0.1449432373046875,0.22223329544067383,0.625,0.625
1,2,166,0.8380969762802124,0.734375,0.10590195655822754,0.1900334358215332,0.625,0.625
1,2,167,0.7574758529663086,0.75,0.13422441482543945,0.2126140594482422,0.625,0.625
1,2,168,1.0372505187988281,0.5625,0.10924458503723145,0.19363784790039062,0.625,0.625
1,2,169,0.7715722322463989,0.75,0.1423177719116211,0.22283363342285156,0.625,0.625
1,2,170,0.5943315029144287,0.78125,0.1068873405456543,0.19596362113952637,0.625,0.625
1,2,171,1.327195644378662,0.578125,0.127058744430542,0.2105998992919922,0.625,0.625
1,2,172,0.8481315970420837,0.71875,0.11135387420654297,0.19424915313720703,0.625,0.625
1,2,173,0.8750877380371094,0.71875,0.14615559577941895,0.23061370849609375,0.625,0.625
1,2,174,0.7995167970657349,0.703125,0.10707306861877441,0.1903243064880371,0.625,0.625
1,2,175,0.8062130808830261,0.703125,0.15454983711242676,0.24362659454345703,0.625,0.625
1,2,176,0.9379872679710388,0.59375,0.11221885681152344,0.1918025016784668,0.625,0.625
1,2,177,0.7045938968658447,0.796875,0.13191866874694824,0.22313475608825684,0.625,0.625
1,2,178,1.1228822469711304,0.609375,0.10522103309631348,0.18634605407714844,0.625,0.625
1,2,179,0.723375678062439,0.78125,0.13647675514221191,0.2216489315032959,0.625,0.625
1,2,180,0.6881587505340576,0.71875,0.10315203666687012,0.1900348663330078,0.625,0.625
1,2,181,1.1268842220306396,0.65625,0.134596586227417,0.21346306800842285,0.625,0.625
1,2,182,0.7394291758537292,0.765625,0.11585497856140137,0.20058608055114746,0.625,0.625
1,2,183,0.8018637895584106,0.71875,0.1546344757080078,0.23775291442871094,0.625,0.625
1,2,184,0.7996776103973389,0.671875,0.11864924430847168,0.20152854919433594,0.625,0.625
1,2,185,1.0741018056869507,0.625,0.14149761199951172,0.21891045570373535,0.625,0.625
1,2,186,0.9416110515594482,0.734375,0.10117506980895996,0.18544530868530273,0.625,0.625
1,2,187,0.9248692989349365,0.71875,0.13509559631347656,0.21747207641601562,0.625,0.625
1,2,188,0.9275112152099609,0.671875,0.09807753562927246,0.18580985069274902,0.625,0.625
1,2,189,0.7555199861526489,0.734375,0.13158965110778809,0.2179560661315918,0.625,0.625
1,2,190,0.754208505153656,0.65625,0.12024211883544922,0.19971513748168945,0.625,0.625
1,2,191,1.0676798820495605,0.578125,0.10595989227294922,0.18559503555297852,0.625,0.625
1,2,192,0.9770143628120422,0.59375,0.13593316078186035,0.21718621253967285,0.625,0.625
1,2,193,0.707018256187439,0.78125,0.11413311958312988,0.19267964363098145,0.625,0.625
1,2,194,0.9500675201416016,0.65625,0.12362074851989746,0.20612239837646484,0.625,0.625
1,2,195,0.8955763578414917,0.734375,0.13239645957946777,0.21252775192260742,0.625,0.625
1,2,196,0.8988209366798401,0.6875,0.10231447219848633,0.18452978134155273,0.625,0.625
1,2,197,0.937725305557251,0.65625,0.13543438911437988,0.2172243595123291,0.625,0.625
1,2,198,0.9925096035003662,0.640625,0.10911726951599121,0.1987287998199463,0.625,0.625
1,2,199,1.0483328104019165,0.625,0.15938425064086914,0.25479865074157715,0.625,0.625
1,2,200,0.8731146454811096,0.703125,0.10439324378967285,0.18296527862548828,0.625,0.625
1,2,201,0.9739477634429932,0.640625,0.12987375259399414,0.21117377281188965,0.625,0.625
1,2,202,0.9421684741973877,0.703125,0.10394835472106934,0.18153166770935059,0.625,0.625
1,2,203,0.7419229745864868,0.71875,0.1300668716430664,0.2095954418182373,0.625,0.625
1,2,204,0.8761482238769531,0.703125,0.10144424438476562,0.179978609085083,0.625,0.625
1,2,205,0.9064571857452393,0.671875,0.13747000694274902,0.22358131408691406,0.625,0.625
1,2,206,1.053760051727295,0.609375,0.10352635383605957,0.1824631690979004,0.625,0.625
1,2,207,0.814947783946991,0.6875,0.1423494815826416,0.2224750518798828,0.625,0.625
1,2,208,0.9879665374755859,0.671875,0.11492705345153809,0.19796156883239746,0.625,0.625
1,2,209,0.6815762519836426,0.71875,0.12407851219177246,0.21036338806152344,0.625,0.625
1,2,210,0.7569608688354492,0.6875,0.12658476829528809,0.20354318618774414,0.625,0.625
1,2,211,0.8085306286811829,0.734375,0.11131048202514648,0.19009184837341309,0.625,0.625
1,2,212,0.6570743322372437,0.765625,0.14349770545959473,0.22302675247192383,0.625,0.625
1,2,213,0.7124909162521362,0.796875,0.1057882308959961,0.18896818161010742,0.625,0.625
1,2,214,0.8451089262962341,0.71875,0.15015602111816406,0.22791099548339844,0.625,0.625
1,2,215,0.7187144756317139,0.78125,0.11152505874633789,0.19268131256103516,0.625,0.625
1,2,216,0.8146090507507324,0.71875,0.14851903915405273,0.22585105895996094,0.625,0.625
1,2,217,0.7356915473937988,0.734375,0.1095430850982666,0.19283103942871094,0.625,0.625
1,2,218,0.8962042331695557,0.703125,0.1489884853363037,0.22618699073791504,0.625,0.625
1,2,219,1.1163630485534668,0.59375,0.10940432548522949,0.19144558906555176,0.625,0.625
1,2,220,0.7926204204559326,0.703125,0.13170099258422852,0.21185994148254395,0.625,0.625
1,2,221,0.9969894289970398,0.609375,0.09679388999938965,0.19700264930725098,0.625,0.625
1,2,222,1.0274031162261963,0.671875,0.1291952133178711,0.21299076080322266,0.625,0.625
1,2,223,0.9766025543212891,0.640625,0.13167047500610352,0.21228766441345215,0.625,0.625
1,2,224,0.8008963465690613,0.71875,0.13742947578430176,0.21958374977111816,0.625,0.625
1,2,225,1.0598526000976562,0.546875,0.11347579956054688,0.19391679763793945,0.625,0.625
1,2,226,0.6413912773132324,0.703125,0.1846461296081543,0.287661075592041,0.625,0.625
1,2,227,0.9369179606437683,0.59375,0.11355352401733398,0.20074009895324707,0.625,0.625
1,2,228,0.7251648306846619,0.78125,0.13007545471191406,0.2147083282470703,0.625,0.625
1,2,229,0.9273247718811035,0.6875,0.11525917053222656,0.1991581916809082,0.625,0.625
1,2,230,0.6578916311264038,0.6875,0.13620996475219727,0.21428894996643066,0.625,0.625
1,2,231,1.091555118560791,0.578125,0.10261368751525879,0.1825547218322754,0.625,0.625
1,2,232,0.792646586894989,0.75,0.12897634506225586,0.21137070655822754,0.625,0.625
1,2,233,0.8732700943946838,0.65625,0.10116052627563477,0.19046306610107422,0.625,0.625
1,2,234,0.7872121334075928,0.6875,0.14752650260925293,0.2302720546722412,0.625,0.625
1,2,235,1.0351672172546387,0.703125,0.1025228500366211,0.18481683731079102,0.625,0.625
1,2,236,0.8996806144714355,0.6875,0.14934897422790527,0.2382032871246338,0.625,0.625
1,2,237,0.9504891633987427,0.671875,0.10129332542419434,0.19849777221679688,0.625,0.625
1,2,238,0.7497202157974243,0.75,0.13492321968078613,0.21828031539916992,0.625,0.625
1,2,239,0.8616093397140503,0.671875,0.10850167274475098,0.19210076332092285,0.625,0.625
1,2,240,1.196426272392273,0.53125,0.1440584659576416,0.2248067855834961,0.625,0.625
1,2,241,0.9371360540390015,0.65625,0.10226821899414062,0.1990673542022705,0.625,0.625
1,2,242,0.7741087675094604,0.734375,0.13145160675048828,0.211198091506958,0.625,0.625
1,2,243,0.9319086074829102,0.6875,0.10680603981018066,0.19173312187194824,0.625,0.625
1,2,244,0.7488682270050049,0.78125,0.13980340957641602,0.2255244255065918,0.625,0.625
1,2,245,0.814538300037384,0.6875,0.09714770317077637,0.18489456176757812,0.625,0.625
1,2,246,0.9006677865982056,0.609375,0.15276741981506348,0.2359468936920166,0.625,0.625
1,2,247,0.7083654403686523,0.75,0.1186211109161377,0.201920747756958,0.625,0.625
1,2,248,0.8489289283752441,0.71875,0.13875699043273926,0.22019338607788086,0.625,0.625
1,2,249,0.9555337429046631,0.6875,0.12503933906555176,0.20648550987243652,0.625,0.625
1,2,250,0.9121193885803223,0.6875,0.13089370727539062,0.21089553833007812,0.625,0.625
1,2,251,0.7875043153762817,0.75,0.12626266479492188,0.20795845985412598,0.625,0.625
1,2,252,0.8646121621131897,0.703125,0.12819862365722656,0.2074589729309082,0.625,0.625
1,2,253,0.7252081036567688,0.75,0.15147137641906738,0.22935891151428223,0.625,0.625
1,2,254,0.883574366569519,0.640625,0.11443305015563965,0.1943192481994629,0.625,0.625
1,2,255,0.5532059669494629,0.796875,0.1450188159942627,0.23158931732177734,0.625,0.625
1,2,256,0.6882653832435608,0.765625,0.10282039642333984,0.1855916976928711,0.625,0.625
1,2,257,0.7933429479598999,0.734375,0.14420652389526367,0.226273775100708,0.625,0.625
1,2,258,0.7423311471939087,0.734375,0.11133170127868652,0.19176530838012695,0.625,0.625
1,2,259,1.118751883506775,0.59375,0.12735986709594727,0.2044823169708252,0.625,0.625
1,3,0,0.6876746416091919,0.75,0.1753983497619629,0.2581806182861328,0.625,0.625
1,3,1,0.5744324922561646,0.796875,0.1540360450744629,0.23379850387573242,0.625,0.625
1,3,2,0.6104077100753784,0.734375,0.1257312297821045,0.20754504203796387,0.625,0.625
1,3,3,0.7368704676628113,0.765625,0.1492173671722412,0.2423088550567627,0.625,0.625
1,3,4,0.5953357815742493,0.78125,0.12436938285827637,0.21643996238708496,0.625,0.625
1,3,5,0.7669208645820618,0.703125,0.1163473129272461,0.1983470916748047,0.625,0.625
1,3,6,0.8948875665664673,0.640625,0.15862131118774414,0.2429957389831543,0.625,0.625
1,3,7,0.9094383716583252,0.671875,0.12738275527954102,0.2152252197265625,0.625,0.625
1,3,8,0.8777543306350708,0.6875,0.10333037376403809,0.19150495529174805,0.625,0.625
1,3,9,0.6176152229309082,0.78125,0.12693214416503906,0.21944594383239746,0.625,0.625
1,3,10,0.6815981268882751,0.765625,0.1257631778717041,0.20843982696533203,0.625,0.625
1,3,11,0.7346999645233154,0.75,0.12676382064819336,0.20567750930786133,0.625,0.625
1,3,12,0.7086447477340698,0.765625,0.1025087833404541,0.18118548393249512,0.625,0.625
1,3,13,0.9235953092575073,0.6875,0.1345827579498291,0.22290277481079102,0.625,0.625
1,3,14,0.6275127530097961,0.828125,0.11223959922790527,0.20070695877075195,0.625,0.625
1,3,15,0.6725847721099854,0.75,0.13596081733703613,0.21463441848754883,0.625,0.625
1,3,16,0.5757369995117188,0.78125,0.10560750961303711,0.18309283256530762,0.625,0.625
1,3,17,0.6402648687362671,0.8125,0.15467596054077148,0.24319791793823242,0.625,0.625
1,3,18,0.5929027199745178,0.796875,0.1087336540222168,0.19257712364196777,0.625,0.625
1,3,19,0.726760983467102,0.75,0.1378188133239746,0.22134852409362793,0.625,0.625
1,3,20,0.6915007829666138,0.765625,0.10585999488830566,0.18964052200317383,0.625,0.625
1,3,21,0.7365875244140625,0.796875,0.21898603439331055,0.32595300674438477,0.625,0.625
1,3,22,0.6028698682785034,0.78125,0.1424107551574707,0.24438929557800293,0.625,0.625
1,3,23,0.6253570318222046,0.796875,0.13924956321716309,0.2276291847229004,0.625,0.625
1,3,24,0.6282221078872681,0.734375,0.13550591468811035,0.23405742645263672,0.625,0.625
1,3,25,0.7295235395431519,0.734375,0.16797518730163574,0.2631082534790039,0.625,0.625
1,3,26,0.6457748413085938,0.78125,0.12416291236877441,0.22131872177124023,0.625,0.625
1,3,27,0.8560640811920166,0.703125,0.14954566955566406,0.23939132690429688,0.625,0.625
1,3,28,0.6046653389930725,0.8125,0.11498022079467773,0.20055866241455078,0.625,0.625
1,3,29,0.7360827922821045,0.671875,0.12209892272949219,0.20102930068969727,0.625,0.625
1,3,30,0.7209106683731079,0.703125,0.1064302921295166,0.18416523933410645,0.625,0.625
1,3,31,0.6127122044563293,0.796875,0.12512469291687012,0.20479679107666016,0.625,0.625
1,3,32,0.6515997052192688,0.75,0.10665678977966309,0.18572330474853516,0.625,0.625
1,3,33,0.6092285513877869,0.84375,0.13565611839294434,0.21078705787658691,0.625,0.625
1,3,34,0.6168304085731506,0.8125,0.11007547378540039,0.18996644020080566,0.625,0.625
1,3,35,0.5674084424972534,0.8125,0.14980769157409668,0.2264113426208496,0.625,0.625
1,3,36,0.7881205677986145,0.734375,0.10422539710998535,0.1830592155456543,0.625,0.625
1,3,37,0.6500409245491028,0.8125,0.1310887336730957,0.2089405059814453,0.625,0.625
1,3,38,0.764054536819458,0.703125,0.10309743881225586,0.17994117736816406,0.625,0.625
1,3,39,0.591645359992981,0.796875,0.1279900074005127,0.20522141456604004,0.625,0.625
1,3,40,0.6034650206565857,0.796875,0.10932421684265137,0.1864166259765625,0.625,0.625
1,3,41,0.48916593194007874,0.84375,0.12235021591186523,0.19916415214538574,0.625,0.625
1,3,42,0.7123149633407593,0.734375,0.1136026382446289,0.19266176223754883,0.625,0.625
1,3,43,0.7028148174285889,0.75,0.1292872428894043,0.20527243614196777,0.625,0.625
1,3,44,0.9193888902664185,0.59375,0.10282111167907715,0.18062591552734375,0.625,0.625
1,3,45,0.5626187324523926,0.84375,0.13121390342712402,0.213897705078125,0.625,0.625
1,3,46,0.715965986251831,0.765625,0.10176396369934082,0.17891883850097656,0.625,0.625
1,3,47,0.8951184749603271,0.703125,0.13972067832946777,0.2168877124786377,0.625,0.625
1,3,48,0.8147406578063965,0.765625,0.10825467109680176,0.18958091735839844,0.625,0.625
1,3,49,0.7303863167762756,0.796875,0.13861083984375,0.22242474555969238,0.625,0.625
1,3,50,0.7025786638259888,0.75,0.10973429679870605,0.1967628002166748,0.625,0.625
1,3,51,0.5624367594718933,0.8125,0.17006468772888184,0.2767469882965088,0.625,0.625
1,3,52,0.8284412622451782,0.71875,0.12475085258483887,0.22173404693603516,0.625,0.625
1,3,53,0.813889741897583,0.703125,0.14240741729736328,0.24628639221191406,0.625,0.625
1,3,54,0.7610084414482117,0.75,0.12334537506103516,0.21610212326049805,0.625,0.625
1,3,55,0.842194676399231,0.671875,0.14728927612304688,0.24094033241271973,0.625,0.625
1,3,56,0.6665475368499756,0.765625,0.1408240795135498,0.23287749290466309,0.625,0.625
1,3,57,0.6063233613967896,0.8125,0.16130971908569336,0.26247215270996094,0.625,0.625
1,3,58,0.6749356985092163,0.796875,0.12435126304626465,0.2142956256866455,0.625,0.625
1,3,59,0.804718017578125,0.671875,0.16217923164367676,0.26257777214050293,0.625,0.625
1,3,60,0.8166365623474121,0.671875,0.1244041919708252,0.22101831436157227,0.625,0.625
1,3,61,0.5276370048522949,0.8125,0.14093661308288574,0.23610401153564453,0.625,0.625
1,3,62,0.8500806093215942,0.703125,0.1173696517944336,0.19577622413635254,0.625,0.625
1,3,63,0.6448029279708862,0.796875,0.11289596557617188,0.21100711822509766,0.625,0.625
1,3,64,0.7636237740516663,0.734375,0.15726923942565918,0.24318170547485352,0.625,0.625
1,3,65,0.6243342757225037,0.75,0.11724567413330078,0.1997365951538086,0.625,0.625
1,3,66,0.48341310024261475,0.875,0.13640856742858887,0.23017048835754395,0.625,0.625
1,3,67,0.7228434085845947,0.78125,0.1090853214263916,0.19116950035095215,0.625,0.625
1,3,68,0.7026853561401367,0.765625,0.13802719116210938,0.2219078540802002,0.625,0.625
1,3,69,0.6597492098808289,0.75,0.10430097579956055,0.20080947875976562,0.625,0.625
1,3,70,0.42971837520599365,0.90625,0.1460416316986084,0.23289871215820312,0.625,0.625
1,3,71,0.6059903502464294,0.84375,0.13384103775024414,0.21897625923156738,0.625,0.625
1,3,72,0.8612375259399414,0.703125,0.1404123306274414,0.23604440689086914,0.625,0.625
1,3,73,0.8871390223503113,0.671875,0.13701224327087402,0.2334280014038086,0.625,0.625
1,3,74,0.6038697957992554,0.828125,0.1315782070159912,0.2158496379852295,0.625,0.625
1,3,75,0.4347091019153595,0.859375,0.1277618408203125,0.2149825096130371,0.625,0.625
1,3,76,0.579436719417572,0.765625,0.1383495330810547,0.22191977500915527,0.625,0.625
1,3,77,0.5498212575912476,0.765625,0.09991097450256348,0.19696950912475586,0.625,0.625
1,3,78,0.6556236743927002,0.765625,0.11417269706726074,0.20362496376037598,0.625,0.625
1,3,79,0.5784008502960205,0.78125,0.10345339775085449,0.18895292282104492,0.625,0.625
1,3,80,0.65000319480896,0.75,0.1331477165222168,0.21610379219055176,0.625,0.625
1,3,81,0.893283486366272,0.734375,0.12892699241638184,0.21416664123535156,0.625,0.625
1,3,82,0.8403483033180237,0.703125,0.13563060760498047,0.21701908111572266,0.625,0.625
1,3,83,0.670832633972168,0.75,0.10686850547790527,0.19694805145263672,0.625,0.625
1,3,84,0.5566017627716064,0.828125,0.1434154510498047,0.23291254043579102,0.625,0.625
1,3,85,0.5634976625442505,0.828125,0.12055301666259766,0.19864463806152344,0.625,0.625
1,3,86,0.6940819025039673,0.734375,0.14310979843139648,0.23797941207885742,0.625,0.625
1,3,87,0.9040690660476685,0.71875,0.10954499244689941,0.19615912437438965,0.625,0.625
1,3,88,0.580019474029541,0.78125,0.1737990379333496,0.26271939277648926,0.625,0.625
1,3,89,0.7487072348594666,0.71875,0.11075115203857422,0.19762539863586426,0.625,0.625
1,3,90,0.829206109046936,0.75,0.12947535514831543,0.21013927459716797,0.625,0.625
1,3,91,0.7081886529922485,0.734375,0.10787391662597656,0.18763518333435059,0.625,0.625
1,3,92,0.6528067588806152,0.71875,0.145186185836792,0.22705841064453125,0.625,0.625
1,3,93,0.920962929725647,0.671875,0.12627506256103516,0.20984649658203125,0.625,0.625
1,3,94,0.7426489591598511,0.734375,0.16478252410888672,0.25632286071777344,0.625,0.625
1,3,95,0.6038241386413574,0.796875,0.11539840698242188,0.1967611312866211,0.625,0.625
1,3,96,0.8107324838638306,0.671875,0.14981651306152344,0.2314927577972412,0.625,0.625
1,3,97,0.5656756162643433,0.75,0.1238858699798584,0.21657609939575195,0.625,0.625
1,3,98,0.8273058533668518,0.65625,0.12253284454345703,0.2003955841064453,0.625,0.625
1,3,99,0.7937486171722412,0.703125,0.10334348678588867,0.2016754150390625,0.625,0.625
1,3,100,0.8281694054603577,0.75,0.12674713134765625,0.20653319358825684,0.625,0.625
1,3,101,0.6195842623710632,0.828125,0.10500073432922363,0.18187212944030762,0.625,0.625
1,3,102,0.6483879089355469,0.75,0.145721435546875,0.23499441146850586,0.625,0.625
1,3,103,0.8081806302070618,0.734375,0.1064915657043457,0.18884539604187012,0.625,0.625
1,3,104,0.5570653676986694,0.75,0.13712477684020996,0.21613812446594238,0.625,0.625
1,3,105,0.9982683658599854,0.6875,0.10899877548217773,0.18699169158935547,0.625,0.625
1,3,106,0.6493024826049805,0.765625,0.14722990989685059,0.23171782493591309,0.625,0.625
1,3,107,0.7749504446983337,0.703125,0.12932634353637695,0.21308231353759766,0.625,0.625
1,3,108,0.8359703421592712,0.734375,0.14226555824279785,0.22472834587097168,0.625,0.625
1,3,109,0.4544984698295593,0.84375,0.11120080947875977,0.190720796585083,0.625,0.625
1,3,110,0.5883932113647461,0.78125,0.14431262016296387,0.2242577075958252,0.625,0.625
1,3,111,0.705651044845581,0.78125,0.11118149757385254,0.19995522499084473,0.625,0.625
1,3,112,1.0718142986297607,0.640625,0.14187192916870117,0.23164606094360352,0.625,0.625
1,3,113,0.9055773615837097,0.671875,0.10635614395141602,0.18807506561279297,0.625,0.625
1,3,114,0.7561421990394592,0.75,0.1419963836669922,0.22431707382202148,0.625,0.625
1,3,115,0.6164207458496094,0.765625,0.11253738403320312,0.20014595985412598,0.625,0.625
1,3,116,0.7106244564056396,0.78125,0.15152955055236816,0.22963356971740723,0.625,0.625
1,3,117,0.6103053092956543,0.796875,0.10675692558288574,0.19031357765197754,0.625,0.625
1,3,118,0.6819107532501221,0.78125,0.1356675624847412,0.2122507095336914,0.625,0.625
1,3,119,0.6869745254516602,0.703125,0.11401724815368652,0.19216537475585938,0.625,0.625
1,3,120,0.7133866548538208,0.75,0.14298486709594727,0.22354888916015625,0.625,0.625
1,3,121,0.7138353586196899,0.734375,0.10496115684509277,0.1920619010925293,0.625,0.625
1,3,122,0.8383542895317078,0.6875,0.1471567153930664,0.2354142665863037,0.625,0.625
1,3,123,0.8623653650283813,0.703125,0.10150837898254395,0.18268704414367676,0.625,0.625
1,3,124,0.8046694993972778,0.703125,0.13660526275634766,0.21365594863891602,0.625,0.625
1,3,125,0.5740323066711426,0.828125,0.12080240249633789,0.19861125946044922,0.625,0.625
1,3,126,0.7694397568702698,0.671875,0.14263534545898438,0.22809123992919922,0.625,0.625
1,3,127,0.5525082349777222,0.8125,0.10835933685302734,0.19089412689208984,0.625,0.625
1,3,128,0.7544843554496765,0.75,0.13321518898010254,0.21384024620056152,0.625,0.625
1,3,129,0.6458861827850342,0.765625,0.11231279373168945,0.19688630104064941,0.625,0.625
1,3,130,0.8794019818305969,0.625,0.1494140625,0.2338883876800537,0.625,0.625
1,3,131,0.7421389818191528,0.71875,0.10593342781066895,0.18622779846191406,0.625,0.625
1,3,132,0.6541681289672852,0.765625,0.13901782035827637,0.21668291091918945,0.625,0.625
1,3,133,0.609272837638855,0.8125,0.10561084747314453,0.18562579154968262,0.625,0.625
1,3,134,0.8875778913497925,0.671875,0.1422109603881836,0.22584199905395508,0.625,0.625
1,3,135,0.6835958957672119,0.765625,0.10233259201049805,0.181793212890625,0.625,0.625
1,3,136,0.8024471402168274,0.703125,0.1510627269744873,0.23198604583740234,0.625,0.625
1,3,137,0.6677350401878357,0.71875,0.10363650321960449,0.18126749992370605,0.625,0.625
1,3,138,0.9086357355117798,0.6875,0.13335084915161133,0.2212390899658203,0.625,0.625
1,3,139,0.6601762771606445,0.71875,0.10047078132629395,0.18627095222473145,0.625,0.625
1,3,140,0.5187024474143982,0.8125,0.1446688175201416,0.22382569313049316,0.625,0.625
1,3,141,0.8799347877502441,0.734375,0.12598538398742676,0.20604205131530762,0.625,0.625
1,3,142,0.9739478826522827,0.6875,0.1318340301513672,0.2204751968383789,0.625,0.625
1,3,143,0.9783130884170532,0.671875,0.10529732704162598,0.18565082550048828,0.625,0.625
1,3,144,0.7694628238677979,0.71875,0.12773513793945312,0.20792341232299805,0.625,0.625
1,3,145,0.688776969909668,0.703125,0.10831284523010254,0.19379806518554688,0.625,0.625
1,3,146,0.8867293000221252,0.625,0.1451714038848877,0.23562359809875488,0.625,0.625
1,3,147,0.7340087890625,0.71875,0.11064648628234863,0.18885540962219238,0.625,0.625
1,3,148,0.8841826915740967,0.6875,0.1505603790283203,0.2403252124786377,0.625,0.625
1,3,149,0.5809482336044312,0.828125,0.11035609245300293,0.1891946792602539,0.625,0.625
1,3,150,0.8174641728401184,0.75,0.14782047271728516,0.22573351860046387,0.625,0.625
1,3,151,0.8438639640808105,0.75,0.12368965148925781,0.20477533340454102,0.625,0.625
1,3,152,0.7605821490287781,0.796875,0.12778234481811523,0.20553159713745117,0.625,0.625
1,3,153,0.6940391659736633,0.78125,0.1302342414855957,0.20815348625183105,0.625,0.625
1,3,154,0.6507018804550171,0.8125,0.13463878631591797,0.2174215316772461,0.625,0.625
1,3,155,1.023134469985962,0.6875,0.09630203247070312,0.18294382095336914,0.625,0.625
1,3,156,0.7094321250915527,0.71875,0.13268160820007324,0.21501636505126953,0.625,0.625
1,3,157,0.6327782273292542,0.734375,0.10348176956176758,0.18265271186828613,0.625,0.625
1,3,158,0.45328742265701294,0.859375,0.1242361068725586,0.20589113235473633,0.625,0.625
1,3,159,0.7440523505210876,0.703125,0.14449024200439453,0.232832670211792,0.625,0.625
1,3,160,0.8060141801834106,0.75,0.10496258735656738,0.19642233848571777,0.625,0.625
1,3,161,0.49041059613227844,0.859375,0.1379861831665039,0.2222299575805664,0.625,0.625
1,3,162,0.6999026536941528,0.8125,0.1060025691986084,0.18969154357910156,0.625,0.625
1,3,163,0.5471645593643188,0.828125,0.14070820808410645,0.21896886825561523,0.625,0.625
1,3,164,0.9975466132164001,0.6875,0.12306571006774902,0.20104527473449707,0.625,0.625
1,3,165,0.7770609855651855,0.765625,0.1665031909942627,0.24953675270080566,0.625,0.625
1,3,166,0.7047975659370422,0.75,0.10175514221191406,0.1859593391418457,0.625,0.625
1,3,167,0.8396577835083008,0.734375,0.13186049461364746,0.21256780624389648,0.625,0.625
1,3,168,0.7668497562408447,0.6875,0.11133503913879395,0.1919569969177246,0.625,0.625
1,3,169,0.6793006658554077,0.796875,0.14124512672424316,0.22114849090576172,0.625,0.625
1,3,170,0.6425701379776001,0.75,0.10312271118164062,0.1867532730102539,0.625,0.625
1,3,171,0.9464316368103027,0.65625,0.12986493110656738,0.2140202522277832,0.625,0.625
1,3,172,0.7421990633010864,0.75,0.10414958000183105,0.18030929565429688,0.625,0.625
1,3,173,0.8855150938034058,0.625,0.14080262184143066,0.22008347511291504,0.625,0.625
1,3,174,0.8601236939430237,0.734375,0.11199116706848145,0.19752907752990723,0.625,0.625
1,3,175,0.5156624913215637,0.84375,0.13292884826660156,0.2153937816619873,0.625,0.625
1,3,176,0.8235196471214294,0.65625,0.10855650901794434,0.19365644454956055,0.625,0.625
1,3,177,0.6530651450157166,0.796875,0.12757039070129395,0.20573711395263672,0.625,0.625
1,3,178,0.676372766494751,0.75,0.1357593536376953,0.2250673770904541,0.625,0.625
1,3,179,1.0653929710388184,0.640625,0.12568926811218262,0.20763945579528809,0.625,0.625
1,3,180,0.7482821941375732,0.703125,0.11457037925720215,0.19889616966247559,0.625,0.625
1,3,181,0.7466341257095337,0.6875,0.15105009078979492,0.23117804527282715,0.625,0.625
1,3,182,0.5860748887062073,0.796875,0.11908912658691406,0.19719409942626953,0.625,0.625
1,3,183,0.630290687084198,0.75,0.14399504661560059,0.22496581077575684,0.625,0.625
1,3,184,0.7906069755554199,0.71875,0.11600542068481445,0.1966402530670166,0.625,0.625
1,3,185,0.7583543062210083,0.703125,0.13498711585998535,0.21793627738952637,0.625,0.625
1,3,186,0.6342225074768066,0.8125,0.10467290878295898,0.19112277030944824,0.625,0.625
1,3,187,0.7652298212051392,0.765625,0.12752461433410645,0.21262812614440918,0.625,0.625
1,3,188,1.0303380489349365,0.671875,0.10628724098205566,0.1888902187347412,0.625,0.625
1,3,189,0.5882176160812378,0.8125,0.13716650009155273,0.22076416015625,0.625,0.625
1,3,190,0.665188729763031,0.75,0.10648894309997559,0.18932294845581055,0.625,0.625
1,3,191,0.9702408313751221,0.765625,0.1408224105834961,0.22374463081359863,0.625,0.625
1,3,192,0.6814768314361572,0.734375,0.10479259490966797,0.1845545768737793,0.625,0.625
1,3,193,0.6765705347061157,0.8125,0.15029191970825195,0.22804498672485352,0.625,0.625
1,3,194,0.6782792210578918,0.734375,0.12502813339233398,0.2040565013885498,0.625,0.625
1,3,195,1.0448329448699951,0.71875,0.13809585571289062,0.21785545349121094,0.625,0.625
1,3,196,0.9879516959190369,0.71875,0.10421276092529297,0.1836545467376709,0.625,0.625
1,3,197,0.514639675617218,0.859375,0.11349129676818848,0.21158409118652344,0.625,0.625
1,3,198,0.5688270330429077,0.8125,0.14171934127807617,0.2229924201965332,0.625,0.625
1,3,199,0.6916306614875793,0.734375,0.1045534610748291,0.19352316856384277,0.625,0.625
1,3,200,0.7673180103302002,0.6875,0.1500709056854248,0.22984623908996582,0.625,0.625
1,3,201,0.9656209945678711,0.703125,0.1244049072265625,0.20110511779785156,0.625,0.625
1,3,202,0.7201273441314697,0.78125,0.13581037521362305,0.21800923347473145,0.625,0.625
1,3,203,0.5677627921104431,0.8125,0.13152027130126953,0.21412944793701172,0.625,0.625
1,3,204,0.6360031962394714,0.75,0.14644122123718262,0.22614240646362305,0.625,0.625
1,3,205,0.562964916229248,0.796875,0.13306808471679688,0.21692776679992676,0.625,0.625
1,3,206,0.9081060886383057,0.640625,0.1363224983215332,0.22484064102172852,0.625,0.625
1,3,207,0.7171775102615356,0.765625,0.1315622329711914,0.21103405952453613,0.625,0.625
1,3,208,1.0463883876800537,0.65625,0.11703372001647949,0.19755768775939941,0.625,0.625
1,3,209,0.508747935295105,0.8125,0.13431763648986816,0.21966314315795898,0.625,0.625
1,3,210,0.725591778755188,0.75,0.10567069053649902,0.1870861053466797,0.625,0.625
1,3,211,0.6777963638305664,0.78125,0.11296463012695312,0.2027583122253418,0.625,0.625
1,3,212,0.7214137315750122,0.734375,0.15695953369140625,0.239304780960083,0.625,0.625
1,3,213,0.7228912115097046,0.734375,0.10551786422729492,0.1920936107635498,0.625,0.625
1,3,214,0.7898635864257812,0.703125,0.1349341869354248,0.21950936317443848,0.625,0.625
1,3,215,0.8641272783279419,0.734375,0.10488510131835938,0.19670653343200684,0.625,0.625
1,3,216,0.7052884101867676,0.75,0.13777852058410645,0.21517634391784668,0.625,0.625
1,3,217,0.6905661225318909,0.75,0.1033942699432373,0.1868448257446289,0.625,0.625
1,3,218,0.7016270756721497,0.71875,0.13754487037658691,0.22420215606689453,0.625,0.625
1,3,219,0.8700209259986877,0.671875,0.12040996551513672,0.1978921890258789,0.625,0.625
1,3,220,0.4381400942802429,0.84375,0.14800548553466797,0.2254033088684082,0.625,0.625
1,3,221,0.6833043098449707,0.765625,0.10457611083984375,0.2034165859222412,0.625,0.625
1,3,222,0.7397287487983704,0.75,0.12934541702270508,0.21057724952697754,0.625,0.625
1,3,223,0.8478065729141235,0.75,0.10264468193054199,0.1823594570159912,0.625,0.625
1,3,224,0.7302455902099609,0.734375,0.13733577728271484,0.21699166297912598,0.625,0.625
1,3,225,0.6828986406326294,0.65625,0.10931968688964844,0.18850278854370117,0.625,0.625
1,3,226,0.7723320126533508,0.6875,0.15032577514648438,0.23905158042907715,0.625,0.625
1,3,227,0.591096043586731,0.8125,0.11286306381225586,0.19591450691223145,0.625,0.625
1,3,228,0.8554993867874146,0.6875,0.1280229091644287,0.21458840370178223,0.625,0.625
1,3,229,0.6237193942070007,0.796875,0.11816263198852539,0.20224332809448242,0.625,0.625
1,3,230,0.7668262720108032,0.8125,0.132476806640625,0.21364784240722656,0.625,0.625
1,3,231,0.6134182810783386,0.8125,0.10742020606994629,0.18704867362976074,0.625,0.625
1,3,232,0.9378586411476135,0.703125,0.1545405387878418,0.23749399185180664,0.625,0.625
1,3,233,0.8639078736305237,0.65625,0.12125134468078613,0.21035981178283691,0.625,0.625
1,3,234,0.5829972624778748,0.78125,0.14284896850585938,0.23332762718200684,0.625,0.625
1,3,235,0.803070068359375,0.71875,0.10748481750488281,0.1928083896636963,0.625,0.625
1,3,236,0.7675492763519287,0.703125,0.13947510719299316,0.21755599975585938,0.625,0.625
1,3,237,0.7204403877258301,0.703125,0.10471534729003906,0.19205689430236816,0.625,0.625
1,3,238,0.6187776327133179,0.765625,0.14087843894958496,0.22264480590820312,0.625,0.625
1,3,239,0.653587281703949,0.75,0.11163473129272461,0.19739747047424316,0.625,0.625
1,3,240,0.866607666015625,0.671875,0.13416576385498047,0.2147064208984375,0.625,0.625
1,3,241,0.5736443400382996,0.84375,0.11393165588378906,0.2031097412109375,0.625,0.625
1,3,242,0.690773069858551,0.75,0.14563202857971191,0.2295093536376953,0.625,0.625
1,3,243,1.0153578519821167,0.671875,0.11227178573608398,0.19639992713928223,0.625,0.625
1,3,244,0.6636272072792053,0.75,0.13888120651245117,0.22165346145629883,0.625,0.625
1,3,245,0.7858219146728516,0.65625,0.10858869552612305,0.18912601470947266,0.625,0.625
1,3,246,0.6331959962844849,0.734375,0.14326739311218262,0.2251145839691162,0.625,0.625
1,3,247,0.611151397228241,0.828125,0.10612893104553223,0.18560004234313965,0.625,0.625
1,3,248,0.7762490510940552,0.671875,0.14055967330932617,0.22337913513183594,0.625,0.625
1,3,249,0.7977415323257446,0.71875,0.1072690486907959,0.18869972229003906,0.625,0.625
1,3,250,0.8503690958023071,0.75,0.13099050521850586,0.21236968040466309,0.625,0.625
1,3,251,0.7955747246742249,0.765625,0.11794114112854004,0.20175909996032715,0.625,0.625
1,3,252,0.5564103126525879,0.796875,0.14454960823059082,0.22521209716796875,0.625,0.625
1,3,253,0.7033814787864685,0.75,0.10402655601501465,0.18738293647766113,0.625,0.625
1,3,254,0.7660930156707764,0.71875,0.13094186782836914,0.2152855396270752,0.625,0.625
1,3,255,0.6638835668563843,0.75,0.11315202713012695,0.19394993782043457,0.625,0.625
1,3,256,0.6848077774047852,0.75,0.13764381408691406,0.21622657775878906,0.625,0.625
1,3,257,0.6276821494102478,0.765625,0.12233114242553711,0.20087742805480957,0.625,0.625
1,3,258,0.9790510535240173,0.640625,0.13307857513427734,0.2122657299041748,0.625,0.625
1,3,259,0.6689957976341248,0.78125,0.11566925048828125,0.19651246070861816,0.625,0.625
1,4,0,0.5301511287689209,0.84375,0.08255529403686523,0.17615580558776855,0.625,0.625
1,4,1,0.5487982630729675,0.828125,0.11312389373779297,0.19675469398498535,0.625,0.625
1,4,2,0.44753575325012207,0.859375,0.12619423866271973,0.21130585670471191,0.625,0.625
1,4,3,0.4978385865688324,0.796875,0.16388463973999023,0.2545340061187744,0.625,0.625
1,4,4,0.45875388383865356,0.875,0.16602468490600586,0.2811002731323242,0.625,0.625
1,4,5,0.42971837520599365,0.859375,0.15692734718322754,0.2535879611968994,0.625,0.625
1,4,6,0.47239428758621216,0.828125,0.10537242889404297,0.19627809524536133,0.625,0.625
1,4,7,0.6657249927520752,0.75,0.16493773460388184,0.2596566677093506,0.625,0.625
1,4,8,0.5370398163795471,0.796875,0.12087464332580566,0.2132885456085205,0.625,0.625
1,4,9,0.5700651407241821,0.765625,0.15224313735961914,0.24559307098388672,0.625,0.625
1,4,10,0.3944297730922699,0.953125,0.1287386417388916,0.2153337001800537,0.625,0.625
1,4,11,0.42540955543518066,0.859375,0.16299128532409668,0.26252245903015137,0.625,0.625
1,4,12,0.5627861618995667,0.78125,0.13050341606140137,0.22040891647338867,0.625,0.625
1,4,13,0.5554813742637634,0.734375,0.15598750114440918,0.287980318069458,0.625,0.625
1,4,14,0.2787262797355652,0.90625,0.11908221244812012,0.21810626983642578,0.625,0.625
1,4,15,0.4317718744277954,0.828125,0.13733339309692383,0.22614502906799316,0.625,0.625
1,4,16,0.39820897579193115,0.875,0.12039804458618164,0.20647096633911133,0.625,0.625
1,4,17,0.605465292930603,0.765625,0.14933443069458008,0.23695588111877441,0.625,0.625
1,4,18,0.6459340453147888,0.75,0.1236879825592041,0.20972824096679688,0.625,0.625
1,4,19,0.49117526412010193,0.859375,0.13909578323364258,0.22563862800598145,0.625,0.625
1,4,20,0.4068184494972229,0.84375,0.11069726943969727,0.19757747650146484,0.625,0.625
1,4,21,0.5737720727920532,0.8125,0.13668203353881836,0.22135663032531738,0.625,0.625
1,4,22,0.5700969099998474,0.796875,0.11536788940429688,0.20317721366882324,0.625,0.625
1,4,23,0.49871426820755005,0.84375,0.16006851196289062,0.25447940826416016,0.625,0.625
1,4,24,0.8422403931617737,0.734375,0.11793160438537598,0.20741844177246094,0.625,0.625
1,4,25,0.5462998151779175,0.8125,0.1570451259613037,0.26657748222351074,0.625,0.625
1,4,26,0.3589870035648346,0.859375,0.14754199981689453,0.2751431465148926,0.625,0.625
1,4,27,0.6458684206008911,0.75,0.16976404190063477,0.265885591506958,0.625,0.625
1,4,28,0.5732287168502808,0.859375,0.12621808052062988,0.2370901107788086,0.625,0.625
1,4,29,0.5102484226226807,0.84375,0.15343093872070312,0.2461254596710205,0.625,0.625
1,4,30,0.48117193579673767,0.875,0.11354255676269531,0.2025456428527832,0.625,0.625
1,4,31,0.6219356656074524,0.796875,0.14217782020568848,0.22313356399536133,0.625,0.625
1,4,32,0.6891376376152039,0.765625,0.10132265090942383,0.18899774551391602,0.625,0.625
1,4,33,0.4760472774505615,0.796875,0.12782788276672363,0.21296381950378418,0.625,0.625
1,4,34,0.4873676896095276,0.84375,0.10970258712768555,0.1891016960144043,0.625,0.625
1,4,35,0.6247320175170898,0.8125,0.12993693351745605,0.22167253494262695,0.625,0.625
1,4,36,0.35992616415023804,0.875,0.10339856147766113,0.18191885948181152,0.625,0.625
1,4,37,0.579264760017395,0.78125,0.1486525535583496,0.23032116889953613,0.625,0.625
1,4,38,0.5697685480117798,0.796875,0.12123775482177734,0.20908498764038086,0.625,0.625
1,4,39,0.45775899291038513,0.8125,0.14553117752075195,0.22448396682739258,0.625,0.625
1,4,40,0.6758980751037598,0.75,0.11557960510253906,0.19557476043701172,0.625,0.625
1,4,41,0.4906449317932129,0.78125,0.15239858627319336,0.2373943328857422,0.625,0.625
1,4,42,0.4641411602497101,0.84375,0.11002278327941895,0.1898205280303955,0.625,0.625
1,4,43,0.4830527603626251,0.796875,0.15122771263122559,0.22958874702453613,0.625,0.625
1,4,44,0.7363733053207397,0.75,0.13072514533996582,0.21328997611999512,0.625,0.625
1,4,45,0.48135289549827576,0.828125,0.12894535064697266,0.2128157615661621,0.625,0.625
1,4,46,0.5409011840820312,0.796875,0.11817789077758789,0.20147418975830078,0.625,0.625
1,4,47,0.531438410282135,0.78125,0.14297819137573242,0.22637581825256348,0.625,0.625
1,4,48,0.7255135774612427,0.734375,0.10522723197937012,0.18857336044311523,0.625,0.625
1,4,49,0.563657283782959,0.765625,0.14456391334533691,0.22471261024475098,0.625,0.625
1,4,50,0.6286062002182007,0.734375,0.10989761352539062,0.1995995044708252,0.625,0.625
1,4,51,0.6955629587173462,0.75,0.1319425106048584,0.21158528327941895,0.625,0.625
1,4,52,0.8295387029647827,0.703125,0.10802054405212402,0.18930387496948242,0.625,0.625
1,4,53,0.679080605506897,0.765625,0.15111708641052246,0.23099851608276367,0.625,0.625
1,4,54,0.6196149587631226,0.796875,0.1053917407989502,0.19460105895996094,0.625,0.625
1,4,55,0.5999974012374878,0.8125,0.13525056838989258,0.22276568412780762,0.625,0.625
1,4,56,0.6704739332199097,0.75,0.11604428291320801,0.19674158096313477,0.625,0.625
1,4,57,0.7711913585662842,0.765625,0.13476991653442383,0.22564220428466797,0.625,0.625
1,4,58,0.6233755350112915,0.796875,0.10818076133728027,0.19481611251831055,0.625,0.625
1,4,59,0.4930163621902466,0.84375,0.1416630744934082,0.21810269355773926,0.625,0.625
1,4,60,0.45730385184288025,0.859375,0.12624216079711914,0.21011066436767578,0.625,0.625
1,4,61,0.6723664402961731,0.75,0.13283133506774902,0.21632623672485352,0.625,0.625
1,4,62,0.6707750558853149,0.671875,0.10716629028320312,0.18483972549438477,0.625,0.625
1,4,63,0.4672115445137024,0.890625,0.1351318359375,0.2209463119506836,0.625,0.625
1,4,64,0.7774486541748047,0.75,0.12743067741394043,0.2230837345123291,0.625,0.625
1,4,65,0.6991522908210754,0.75,0.13078093528747559,0.21023178100585938,0.625,0.625
1,4,66,0.8138834238052368,0.65625,0.10728836059570312,0.18700599670410156,0.625,0.625
1,4,67,0.5760820508003235,0.765625,0.13919377326965332,0.215437650680542,0.625,0.625
1,4,68,0.5805820226669312,0.78125,0.11495256423950195,0.20017719268798828,0.625,0.625
1,4,69,0.4887489080429077,0.8125,0.14477086067199707,0.2325301170349121,0.625,0.625
1,4,70,0.4054231643676758,0.828125,0.14717507362365723,0.24394798278808594,0.625,0.625
1,4,71,0.6840231418609619,0.78125,0.17072606086730957,0.2731740474700928,0.625,0.625
1,4,72,0.6169189214706421,0.796875,0.12522506713867188,0.2310335636138916,0.625,0.625
1,4,73,0.5755311250686646,0.765625,0.17623329162597656,0.2739143371582031,0.625,0.625
1,4,74,0.6177250742912292,0.8125,0.1335594654083252,0.2356884479522705,0.625,0.625
1,4,75,0.5171409845352173,0.8125,0.18555784225463867,0.27965402603149414,0.625,0.625
1,4,76,0.682481050491333,0.765625,0.13698816299438477,0.2373659610748291,0.625,0.625
1,4,77,0.7094995975494385,0.765625,0.1583411693572998,0.25191402435302734,0.625,0.625
1,4,78,0.5512520670890808,0.796875,0.1081998348236084,0.19953250885009766,0.625,0.625
1,4,79,0.6900546550750732,0.71875,0.149367094039917,0.23173069953918457,0.625,0.625
1,4,80,0.7152383327484131,0.75,0.10526919364929199,0.1832749843597412,0.625,0.625
1,4,81,0.5791347622871399,0.78125,0.13831210136413574,0.21830439567565918,0.625,0.625
1,4,82,0.47397705912590027,0.796875,0.10418391227722168,0.18460607528686523,0.625,0.625
1,4,83,0.3936917185783386,0.875,0.13286328315734863,0.2116405963897705,0.625,0.625
1,4,84,0.6594404578208923,0.8125,0.12366795539855957,0.2051982879638672,0.625,0.625
1,4,85,0.6284043192863464,0.765625,0.13608098030090332,0.21602177619934082,0.625,0.625
1,4,86,0.5157818794250488,0.828125,0.10602045059204102,0.1843273639678955,0.625,0.625
1,4,87,0.5804650783538818,0.84375,0.1374824047088623,0.22679901123046875,0.625,0.625
1,4,88,0.6568483710289001,0.78125,0.10374832153320312,0.18591570854187012,0.625,0.625
1,4,89,0.6880951523780823,0.765625,0.1573641300201416,0.2428297996520996,0.625,0.625
1,4,90,0.6379737854003906,0.78125,0.14562749862670898,0.2539191246032715,0.625,0.625
1,4,91,0.6041681170463562,0.78125,0.16600990295410156,0.24345755577087402,0.625,0.625
1,4,92,0.6043912172317505,0.78125,0.10285568237304688,0.18864989280700684,0.625,0.625
1,4,93,0.6049602031707764,0.796875,0.16193318367004395,0.25411367416381836,0.625,0.625
1,4,94,0.7387499809265137,0.75,0.10914087295532227,0.21178388595581055,0.625,0.625
1,4,95,0.5980452299118042,0.8125,0.1336982250213623,0.22513699531555176,0.625,0.625
1,4,96,0.6780458092689514,0.796875,0.11934852600097656,0.2021033763885498,0.625,0.625
1,4,97,0.6875947117805481,0.75,0.144179105758667,0.23825788497924805,0.625,0.625
1,4,98,0.5679740905761719,0.796875,0.12428927421569824,0.23630714416503906,0.625,0.625
1,4,99,0.5059435367584229,0.796875,0.13980698585510254,0.2288813591003418,0.625,0.625
1,4,100,0.6514071226119995,0.765625,0.11604452133178711,0.2013998031616211,0.625,0.625
1,4,101,0.6460549235343933,0.75,0.12555718421936035,0.21041512489318848,0.625,0.625
1,4,102,0.47433945536613464,0.875,0.11271929740905762,0.1945638656616211,0.625,0.625
1,4,103,0.42193132638931274,0.796875,0.13576602935791016,0.21831941604614258,0.625,0.625
1,4,104,0.7492381930351257,0.734375,0.1074378490447998,0.19236326217651367,0.625,0.625
1,4,105,0.6385295391082764,0.765625,0.14163780212402344,0.2214527130126953,0.625,0.625
1,4,106,0.6283565759658813,0.8125,0.114288330078125,0.203840970993042,0.625,0.625
1,4,107,0.537094235420227,0.8125,0.15924382209777832,0.23919963836669922,0.625,0.625
1,4,108,0.585595965385437,0.8125,0.10591602325439453,0.18607664108276367,0.625,0.625
1,4,109,0.6484287977218628,0.796875,0.13202548027038574,0.2158663272857666,0.625,0.625
1,4,110,0.7784075140953064,0.703125,0.11042547225952148,0.19276213645935059,0.625,0.625
1,4,111,0.6181384921073914,0.78125,0.14196109771728516,0.22266411781311035,0.625,0.625
1,4,112,0.5960980653762817,0.8125,0.10568833351135254,0.18585777282714844,0.625,0.625
1,4,113,0.505751371383667,0.828125,0.14277076721191406,0.22320055961608887,0.625,0.625
1,4,114,0.7944880127906799,0.734375,0.11541533470153809,0.2001962661743164,0.625,0.625
1,4,115,0.7090649604797363,0.765625,0.13798093795776367,0.21889305114746094,0.625,0.625
1,4,116,0.5341136455535889,0.828125,0.11934137344360352,0.21038579940795898,0.625,0.625
1,4,117,0.6154453158378601,0.796875,0.13199901580810547,0.2185525894165039,0.625,0.625
1,4,118,0.6643170118331909,0.78125,0.11329817771911621,0.19709348678588867,0.625,0.625
1,4,119,0.5802178382873535,0.71875,0.14079761505126953,0.22009611129760742,0.625,0.625
1,4,120,0.7778576016426086,0.71875,0.11629867553710938,0.19668126106262207,0.625,0.625
1,4,121,0.579319417476654,0.796875,0.14146685600280762,0.22565889358520508,0.625,0.625
1,4,122,0.7290307879447937,0.765625,0.10795116424560547,0.18902969360351562,0.625,0.625
1,4,123,0.48820048570632935,0.796875,0.13962554931640625,0.21993088722229004,0.625,0.625
1,4,124,0.5880452394485474,0.78125,0.10439705848693848,0.1843585968017578,0.625,0.625
1,4,125,0.5359106063842773,0.8125,0.1458125114440918,0.22483229637145996,0.625,0.625
1,4,126,0.6857956647872925,0.828125,0.10456562042236328,0.18379783630371094,0.625,0.625
1,4,127,0.7283236980438232,0.765625,0.13942790031433105,0.2180953025817871,0.625,0.625
1,4,128,0.6781482100486755,0.734375,0.10395264625549316,0.18847441673278809,0.625,0.625
1,4,129,0.47584080696105957,0.859375,0.13259601593017578,0.21199846267700195,0.625,0.625
1,4,130,0.48029381036758423,0.859375,0.13015127182006836,0.21266746520996094,0.625,0.625
1,4,131,0.4951375126838684,0.828125,0.10723376274108887,0.18656492233276367,0.625,0.625
1,4,132,0.5669798851013184,0.828125,0.14827990531921387,0.23665928840637207,0.625,0.625
1,4,133,0.549994170665741,0.859375,0.11680269241333008,0.20088958740234375,0.625,0.625
1,4,134,0.4057982563972473,0.890625,0.1108102798461914,0.1947641372680664,0.625,0.625
1,4,135,0.664408802986145,0.734375,0.13809823989868164,0.2206740379333496,0.625,0.625
1,4,136,0.4559103846549988,0.84375,0.10856175422668457,0.21489381790161133,0.625,0.625
1,4,137,0.5471448302268982,0.828125,0.13431692123413086,0.21813011169433594,0.625,0.625
1,4,138,0.6995182633399963,0.796875,0.12145161628723145,0.20437836647033691,0.625,0.625
1,4,139,0.6389561295509338,0.765625,0.13186335563659668,0.2093801498413086,0.625,0.625
1,4,140,0.49078208208084106,0.765625,0.10811853408813477,0.18688225746154785,0.625,0.625
1,4,141,0.603438138961792,0.765625,0.14458942413330078,0.22531962394714355,0.625,0.625
1,4,142,0.8038601875305176,0.75,0.10189628601074219,0.18292546272277832,0.625,0.625
1,4,143,0.49458426237106323,0.78125,0.13391876220703125,0.21628594398498535,0.625,0.625
1,4,144,0.4889337420463562,0.828125,0.10556697845458984,0.20065021514892578,0.625,0.625
1,4,145,0.8239256143569946,0.609375,0.1416640281677246,0.23187971115112305,0.625,0.625
1,4,146,0.5680980086326599,0.796875,0.11608028411865234,0.2055039405822754,0.625,0.625
1,4,147,0.5585925579071045,0.796875,0.14487576484680176,0.23651480674743652,0.625,0.625
1,4,148,0.5846518874168396,0.78125,0.14371395111083984,0.22832512855529785,0.625,0.625
1,4,149,0.6474681496620178,0.71875,0.13729572296142578,0.22274518013000488,0.625,0.625
1,4,150,0.5352742075920105,0.796875,0.10658645629882812,0.19249510765075684,0.625,0.625
1,4,151,0.6251112818717957,0.78125,0.16511321067810059,0.25243353843688965,0.625,0.625
1,4,152,0.695052981376648,0.734375,0.12547087669372559,0.21872735023498535,0.625,0.625
1,4,153,0.6305038928985596,0.765625,0.1412827968597412,0.23346877098083496,0.625,0.625
1,4,154,0.6802031397819519,0.734375,0.1132509708404541,0.20920062065124512,0.625,0.625
1,4,155,0.6637500524520874,0.75,0.19030404090881348,0.34618639945983887,0.625,0.625
1,4,156,0.6468871831893921,0.796875,0.14332318305969238,0.23669171333312988,0.625,0.625
1,4,157,0.5211862921714783,0.78125,0.10616230964660645,0.20849990844726562,0.625,0.625
1,4,158,0.5007311105728149,0.796875,0.14379549026489258,0.23500633239746094,0.625,0.625
1,4,159,0.6278592348098755,0.78125,0.11847138404846191,0.20694208145141602,0.625,0.625
1,4,160,0.6830780506134033,0.75,0.15597772598266602,0.2435767650604248,0.625,0.625
1,4,161,0.7471517324447632,0.75,0.10888242721557617,0.1923980712890625,0.625,0.625
1,4,162,0.46233707666397095,0.84375,0.15861821174621582,0.24237465858459473,0.625,0.625
1,4,163,0.567179262638092,0.8125,0.12821388244628906,0.2255566120147705,0.625,0.625
1,4,164,0.669758677482605,0.78125,0.1364731788635254,0.22442221641540527,0.625,0.625
1,4,165,0.5637151002883911,0.828125,0.13194656372070312,0.21740174293518066,0.625,0.625
1,4,166,0.68889981508255,0.78125,0.13336658477783203,0.22301077842712402,0.625,0.625
1,4,167,0.7338361740112305,0.734375,0.10670661926269531,0.19726872444152832,0.625,0.625
1,4,168,0.5441218614578247,0.8125,0.15432381629943848,0.2405400276184082,0.625,0.625
1,4,169,0.5981999635696411,0.734375,0.12769603729248047,0.21149182319641113,0.625,0.625
1,4,170,0.6291614770889282,0.75,0.16522669792175293,0.25499558448791504,0.625,0.625
1,4,171,0.4182233214378357,0.859375,0.12217259407043457,0.21371841430664062,0.625,0.625
1,4,172,0.8025422692298889,0.765625,0.13510632514953613,0.24317431449890137,0.625,0.625
1,4,173,0.6800014972686768,0.78125,0.16100120544433594,0.2611711025238037,0.625,0.625
1,4,174,0.499773234128952,0.84375,0.12466979026794434,0.22629117965698242,0.625,0.625
1,4,175,0.8234274387359619,0.703125,0.18883943557739258,0.30542564392089844,0.625,0.625
1,4,176,0.7066065073013306,0.8125,0.10159850120544434,0.216019868850708,0.625,0.625
1,4,177,0.6772488355636597,0.703125,0.15133213996887207,0.25220513343811035,0.625,0.625
1,4,178,0.8268523216247559,0.71875,0.11454367637634277,0.20442771911621094,0.625,0.625
1,4,179,0.668278694152832,0.765625,0.1851341724395752,0.2920107841491699,0.625,0.625
1,4,180,0.5860549211502075,0.84375,0.11663436889648438,0.21408534049987793,0.625,0.625
1,4,181,0.5028411149978638,0.828125,0.12713408470153809,0.20802879333496094,0.625,0.625
1,4,182,0.5897696018218994,0.765625,0.1042320728302002,0.18910431861877441,0.625,0.625
1,4,183,0.5319728851318359,0.8125,0.12166261672973633,0.19918560981750488,0.625,0.625
1,4,184,0.6419764757156372,0.78125,0.09775137901306152,0.184769868850708,0.625,0.625
1,4,185,0.6527533531188965,0.75,0.1315007209777832,0.21205735206604004,0.625,0.625
1,4,186,0.6679905652999878,0.765625,0.11929130554199219,0.19632411003112793,0.625,0.625
1,4,187,0.4780990183353424,0.828125,0.1322176456451416,0.212507963180542,0.625,0.625
1,4,188,0.8021836876869202,0.6875,0.12006545066833496,0.1990501880645752,0.625,0.625
1,4,189,0.6175740957260132,0.734375,0.12790203094482422,0.20423460006713867,0.625,0.625
1,4,190,0.5336540937423706,0.8125,0.10471987724304199,0.18315386772155762,0.625,0.625
1,4,191,0.7309812307357788,0.75,0.13694071769714355,0.216064453125,0.625,0.625
1,4,192,0.7092777490615845,0.71875,0.1049048900604248,0.1860208511352539,0.625,0.625
1,4,193,0.537070631980896,0.828125,0.13270783424377441,0.2131977081298828,0.625,0.625
1,4,194,0.749758243560791,0.765625,0.10066890716552734,0.1804819107055664,0.625,0.625
1,4,195,0.6322532296180725,0.75,0.12448835372924805,0.20653200149536133,0.625,0.625
1,4,196,0.7563014030456543,0.8125,0.10435009002685547,0.1868584156036377,0.625,0.625
1,4,197,0.5834605693817139,0.765625,0.12808752059936523,0.2091536521911621,0.625,0.625
1,4,198,0.5368533134460449,0.8125,0.10216736793518066,0.17931389808654785,0.625,0.625
1,4,199,0.6589925289154053,0.765625,0.13466501235961914,0.21234822273254395,0.625,0.625
1,4,200,0.6475499868392944,0.734375,0.1021726131439209,0.18631768226623535,0.625,0.625
1,4,201,0.3884356617927551,0.828125,0.15314483642578125,0.23476505279541016,0.625,0.625
1,4,202,0.8311232328414917,0.6875,0.10415124893188477,0.18170380592346191,0.625,0.625
1,4,203,0.6793855428695679,0.71875,0.13451099395751953,0.21343684196472168,0.625,0.625
1,4,204,0.5961464643478394,0.78125,0.10713672637939453,0.19099831581115723,0.625,0.625
1,4,205,0.8030039072036743,0.734375,0.12088632583618164,0.2024827003479004,0.625,0.625
1,4,206,0.4255675971508026,0.875,0.11352372169494629,0.19218087196350098,0.625,0.625
1,4,207,0.5043377876281738,0.796875,0.13172340393066406,0.20897197723388672,0.625,0.625
1,4,208,0.7025513052940369,0.71875,0.10315966606140137,0.1885390281677246,0.625,0.625
1,4,209,0.48072779178619385,0.828125,0.19686341285705566,0.32797908782958984,0.625,0.625
1,4,210,0.5871720910072327,0.765625,0.12968206405639648,0.2357480525970459,0.625,0.625
1,4,211,0.5488696694374084,0.765625,0.14890432357788086,0.22883319854736328,0.625,0.625
1,4,212,0.6474684476852417,0.78125,0.10367345809936523,0.19915413856506348,0.625,0.625
1,4,213,0.8967114686965942,0.6875,0.18453001976013184,0.27748799324035645,0.625,0.625
1,4,214,0.7226486206054688,0.71875,0.11081361770629883,0.1917095184326172,0.625,0.625
1,4,215,0.5206549167633057,0.75,0.14098691940307617,0.223250150680542,0.625,0.625
1,4,216,0.5815175175666809,0.8125,0.12405776977539062,0.21158671379089355,0.625,0.625
1,4,217,0.48538416624069214,0.828125,0.125382661819458,0.20305204391479492,0.625,0.625
1,4,218,0.6337830424308777,0.78125,0.0987253189086914,0.18858742713928223,0.625,0.625
1,4,219,0.526488184928894,0.828125,0.13180279731750488,0.22186994552612305,0.625,0.625
1,4,220,0.46194303035736084,0.78125,0.11187601089477539,0.19560527801513672,0.625,0.625
1,4,221,0.8278871774673462,0.71875,0.14138531684875488,0.22304892539978027,0.625,0.625
1,4,222,0.5361027717590332,0.8125,0.11380171775817871,0.19440555572509766,0.625,0.625
1,4,223,0.7501868009567261,0.703125,0.14386463165283203,0.22320866584777832,0.625,0.625
1,4,224,0.6430023908615112,0.75,0.10943984985351562,0.19144177436828613,0.625,0.625
1,4,225,0.409822940826416,0.84375,0.14300227165222168,0.22129225730895996,0.625,0.625
1,4,226,0.6827960014343262,0.765625,0.11097121238708496,0.19994235038757324,0.625,0.625
1,4,227,0.620850682258606,0.765625,0.14502549171447754,0.22845911979675293,0.625,0.625
1,4,228,0.5610765218734741,0.828125,0.12792444229125977,0.22700214385986328,0.625,0.625
1,4,229,0.6860523819923401,0.6875,0.17109107971191406,0.26062941551208496,0.625,0.625
1,4,230,0.6224089860916138,0.71875,0.14054036140441895,0.26056551933288574,0.625,0.625
1,4,231,0.6063657999038696,0.765625,0.1329805850982666,0.21259498596191406,0.625,0.625
1,4,232,0.4877781867980957,0.828125,0.10846877098083496,0.19153428077697754,0.625,0.625
1,4,233,0.7374939322471619,0.75,0.15871644020080566,0.2381579875946045,0.625,0.625
1,4,234,0.8488720655441284,0.71875,0.11457014083862305,0.1941814422607422,0.625,0.625
1,4,235,0.6453114748001099,0.75,0.1371457576751709,0.21700048446655273,0.625,0.625
1,4,236,0.6789453029632568,0.734375,0.10772013664245605,0.19345974922180176,0.625,0.625
1,4,237,0.7203449010848999,0.78125,0.1306443214416504,0.21927618980407715,0.625,0.625
1,4,238,0.5989025831222534,0.71875,0.11133146286010742,0.18913888931274414,0.625,0.625
1,4,239,0.4830477237701416,0.875,0.14885377883911133,0.22985506057739258,0.625,0.625
1,4,240,0.7010539770126343,0.8125,0.10610556602478027,0.1884324550628662,0.625,0.625
1,4,241,0.9827147722244263,0.625,0.125718355178833,0.20886731147766113,0.625,0.625
1,4,242,0.579890251159668,0.8125,0.1059572696685791,0.18776273727416992,0.625,0.625
1,4,243,0.731296718120575,0.703125,0.13043951988220215,0.2122364044189453,0.625,0.625
1,4,244,0.592254638671875,0.8125,0.09636783599853516,0.1858689785003662,0.625,0.625
1,4,245,0.5680819749832153,0.8125,0.15219545364379883,0.2290487289428711,0.625,0.625
1,4,246,0.7646267414093018,0.71875,0.10374188423156738,0.18168354034423828,0.625,0.625
1,4,247,0.6106305122375488,0.84375,0.14693808555603027,0.23147058486938477,0.625,0.625
1,4,248,0.7295782566070557,0.75,0.1303701400756836,0.2223072052001953,0.625,0.625
1,4,249,0.9745101928710938,0.671875,0.1293649673461914,0.22074437141418457,0.625,0.625
1,4,250,0.6576288342475891,0.734375,0.11801552772521973,0.21267032623291016,0.625,0.625
1,4,251,0.5411499738693237,0.84375,0.11820244789123535,0.19410943984985352,0.625,0.625
1,4,252,0.7300968766212463,0.765625,0.11895179748535156,0.2026538848876953,0.625,0.625
1,4,253,0.4874955415725708,0.828125,0.13462257385253906,0.21746325492858887,0.625,0.625
1,4,254,0.44122403860092163,0.875,0.10246777534484863,0.18392491340637207,0.625,0.625
1,4,255,0.5171672105789185,0.8125,0.1420307159423828,0.22391724586486816,0.625,0.625
1,4,256,0.5563471913337708,0.84375,0.10341477394104004,0.18365144729614258,0.625,0.625
1,4,257,0.721564769744873,0.734375,0.13402128219604492,0.21365070343017578,0.625,0.625
1,4,258,0.6399450302124023,0.734375,0.09713363647460938,0.1878376007080078,0.625,0.625
1,4,259,0.7798715829849243,0.71875,0.13324427604675293,0.21989202499389648,0.625,0.625
1,5,0,0.4845867455005646,0.859375,0.06824278831481934,0.15526103973388672,0.625,0.625
1,5,1,0.5573631525039673,0.828125,0.10740351676940918,0.19331121444702148,0.625,0.625
1,5,2,0.4960392415523529,0.765625,0.10749697685241699,0.1885056495666504,0.625,0.625
1,5,3,0.5472967624664307,0.875,0.1436314582824707,0.2192676067352295,0.625,0.625
1,5,4,0.3116353750228882,0.90625,0.11354923248291016,0.20960497856140137,0.625,0.625
1,5,5,0.36588937044143677,0.859375,0.12616586685180664,0.21148324012756348,0.625,0.625
1,5,6,0.435651570558548,0.859375,0.11813855171203613,0.19550108909606934,0.625,0.625
1,5,7,0.6023753881454468,0.8125,0.13785529136657715,0.2255094051361084,0.625,0.625
1,5,8,0.4611688256263733,0.859375,0.10509610176086426,0.19375324249267578,0.625,0.625
1,5,9,0.5154329538345337,0.796875,0.14641594886779785,0.22693276405334473,0.625,0.625
1,5,10,0.5064727067947388,0.796875,0.11285638809204102,0.19895362854003906,0.625,0.625
1,5,11,0.40839749574661255,0.8125,0.13400650024414062,0.21822857856750488,0.625,0.625
1,5,12,0.5775704979896545,0.796875,0.10565423965454102,0.19277381896972656,0.625,0.625
1,5,13,0.39218050241470337,0.796875,0.12419271469116211,0.20559120178222656,0.625,0.625
1,5,14,0.31404080986976624,0.90625,0.10477614402770996,0.18669795989990234,0.625,0.625
1,5,15,0.42669233679771423,0.875,0.1338338851928711,0.2142946720123291,0.625,0.625
1,5,16,0.5010572671890259,0.78125,0.11375164985656738,0.2061290740966797,0.625,0.625
1,5,17,0.4974641799926758,0.8125,0.15232324600219727,0.23604106903076172,0.625,0.625
1,5,18,0.33460256457328796,0.875,0.09987354278564453,0.1856701374053955,0.625,0.625
1,5,19,0.5210641622543335,0.890625,0.14002370834350586,0.22114801406860352,0.625,0.625
1,5,20,0.3439091444015503,0.90625,0.1048879623413086,0.1837785243988037,0.625,0.625
1,5,21,0.31820470094680786,0.890625,0.1509244441986084,0.23128604888916016,0.625,0.625
1,5,22,0.5931766033172607,0.796875,0.10834741592407227,0.1880660057067871,0.625,0.625
1,5,23,0.43718114495277405,0.84375,0.13747358322143555,0.21448755264282227,0.625,0.625
1,5,24,0.3122413754463196,0.9375,0.11440563201904297,0.19401884078979492,0.625,0.625
1,5,25,0.43194782733917236,0.859375,0.12324976921081543,0.20613312721252441,0.625,0.625
1,5,26,0.5991525053977966,0.71875,0.10498523712158203,0.1873762607574463,0.625,0.625
1,5,27,0.5100414752960205,0.8125,0.144439697265625,0.23337006568908691,0.625,0.625
1,5,28,0.4209519326686859,0.859375,0.11375284194946289,0.2032766342163086,0.625,0.625
1,5,29,0.41377007961273193,0.859375,0.1336970329284668,0.2168715000152588,0.625,0.625
1,5,30,0.32811617851257324,0.875,0.10895299911499023,0.18707537651062012,0.625,0.625
1,5,31,0.42030492424964905,0.875,0.12732911109924316,0.20741939544677734,0.625,0.625
1,5,32,0.4939577579498291,0.796875,0.11784672737121582,0.199906587600708,0.625,0.625
1,5,33,0.6036577820777893,0.78125,0.12529635429382324,0.2049698829650879,0.625,0.625
1,5,34,0.3937053382396698,0.84375,0.12451171875,0.2048206329345703,0.625,0.625
1,5,35,0.3185935616493225,0.890625,0.1295948028564453,0.20735788345336914,0.625,0.625
1,5,36,0.4332365393638611,0.84375,0.11220192909240723,0.1941382884979248,0.625,0.625
1,5,37,0.42369771003723145,0.84375,0.15417790412902832,0.23423194885253906,0.625,0.625
1,5,38,0.49223241209983826,0.796875,0.11133337020874023,0.18933343887329102,0.625,0.625
1,5,39,0.2784498333930969,0.90625,0.1359105110168457,0.22313761711120605,0.625,0.625
1,5,40,0.559791088104248,0.828125,0.11831331253051758,0.2019641399383545,0.625,0.625
1,5,41,0.4978291094303131,0.8125,0.10370564460754395,0.18050670623779297,0.625,0.625
1,5,42,0.46702662110328674,0.84375,0.1322956085205078,0.21087646484375,0.625,0.625
1,5,43,0.30160588026046753,0.890625,0.1118462085723877,0.19165921211242676,0.625,0.625
1,5,44,0.46392202377319336,0.828125,0.13857460021972656,0.21600818634033203,0.625,0.625
1,5,45,0.5077520608901978,0.8125,0.10235023498535156,0.18133854866027832,0.625,0.625
1,5,46,0.4589645564556122,0.84375,0.15239620208740234,0.23265647888183594,0.625,0.625
1,5,47,0.32271602749824524,0.875,0.10555696487426758,0.18873953819274902,0.625,0.625
1,5,48,0.42691442370414734,0.84375,0.12898755073547363,0.21481776237487793,0.625,0.625
1,5,49,0.3869394063949585,0.84375,0.11939525604248047,0.20533442497253418,0.625,0.625
1,5,50,0.4457831382751465,0.828125,0.1285252571105957,0.21543622016906738,0.625,0.625
1,5,51,0.5565094947814941,0.796875,0.125565767288208,0.2105562686920166,0.625,0.625
1,5,52,0.42784783244132996,0.84375,0.13669490814208984,0.21599340438842773,0.625,0.625
1,5,53,0.41525888442993164,0.828125,0.11202192306518555,0.1969141960144043,0.625,0.625
1,5,54,0.28808629512786865,0.859375,0.13998174667358398,0.21706438064575195,0.625,0.625
1,5,55,0.22705936431884766,0.9375,0.10556221008300781,0.1887514591217041,0.625,0.625
1,5,56,0.24852705001831055,0.90625,0.13353967666625977,0.21190404891967773,0.625,0.625
1,5,57,0.5218381881713867,0.875,0.10634446144104004,0.18554425239562988,0.625,0.625
1,5,58,0.4676988422870636,0.84375,0.13958978652954102,0.21772050857543945,0.625,0.625
1,5,59,0.4432482421398163,0.875,0.10425162315368652,0.18320846557617188,0.625,0.625
1,5,60,0.5180010795593262,0.8125,0.13250446319580078,0.21007394790649414,0.625,0.625
1,5,61,0.5799244046211243,0.765625,0.10256671905517578,0.18216943740844727,0.625,0.625
1,5,62,0.35467296838760376,0.859375,0.1329512596130371,0.21464014053344727,0.625,0.625
1,5,63,0.3652559220790863,0.84375,0.10547804832458496,0.18873238563537598,0.625,0.625
1,5,64,0.4820147156715393,0.796875,0.13870501518249512,0.21895647048950195,0.625,0.625
1,5,65,0.4564729630947113,0.84375,0.1086435317993164,0.19064092636108398,0.625,0.625
1,5,66,0.5403153300285339,0.765625,0.13944768905639648,0.22013306617736816,0.625,0.625
1,5,67,0.43212395906448364,0.859375,0.10504412651062012,0.18537378311157227,0.625,0.625
1,5,68,0.5009155869483948,0.859375,0.13066387176513672,0.22052860260009766,0.625,0.625
1,5,69,0.36906594038009644,0.875,0.10810184478759766,0.18747973442077637,0.625,0.625
1,5,70,0.42107775807380676,0.875,0.1410529613494873,0.22539854049682617,0.625,0.625
1,5,71,0.4026581645011902,0.84375,0.10269689559936523,0.18568849563598633,0.625,0.625
1,5,72,0.296792209148407,0.859375,0.13482451438903809,0.21422767639160156,0.625,0.625
1,5,73,0.3112429976463318,0.875,0.10930037498474121,0.18889474868774414,0.625,0.625
1,5,74,0.38060101866722107,0.890625,0.1383371353149414,0.2155628204345703,0.625,0.625
1,5,75,0.5698647499084473,0.796875,0.10775947570800781,0.18989205360412598,0.625,0.625
1,5,76,0.34844160079956055,0.875,0.157135009765625,0.23591899871826172,0.625,0.625
1,5,77,0.4704939126968384,0.765625,0.1110076904296875,0.20177102088928223,0.625,0.625
1,5,78,0.4789576828479767,0.859375,0.13306879997253418,0.21504640579223633,0.625,0.625
1,5,79,0.4491056203842163,0.78125,0.1043233871459961,0.18292641639709473,0.625,0.625
1,5,80,0.5512807369232178,0.8125,0.13696813583374023,0.21729278564453125,0.625,0.625
1,5,81,0.561984658241272,0.8125,0.10299491882324219,0.18236923217773438,0.625,0.625
1,5,82,0.4185633659362793,0.859375,0.15096259117126465,0.2287755012512207,0.625,0.625
1,5,83,0.6867327690124512,0.78125,0.10462045669555664,0.1845541000366211,0.625,0.625
1,5,84,0.6112037897109985,0.796875,0.13676691055297852,0.21422982215881348,0.625,0.625
1,5,85,0.4732242822647095,0.875,0.11125898361206055,0.20470619201660156,0.625,0.625
1,5,86,0.5702660083770752,0.8125,0.11723899841308594,0.19806170463562012,0.625,0.625
1,5,87,0.5401540398597717,0.828125,0.1270143985748291,0.2071077823638916,0.625,0.625
1,5,88,0.6081544756889343,0.78125,0.1319880485534668,0.2100968360900879,0.625,0.625
1,5,89,0.3293074369430542,0.859375,0.09886455535888672,0.1801156997680664,0.625,0.625
1,5,90,0.39516931772232056,0.90625,0.1455535888671875,0.22372794151306152,0.625,0.625
1,5,91,0.23030443489551544,0.9375,0.10912752151489258,0.18844318389892578,0.625,0.625
1,5,92,0.5010055303573608,0.875,0.14187312126159668,0.2289125919342041,0.625,0.625
1,5,93,0.373747855424881,0.890625,0.10533690452575684,0.18814301490783691,0.625,0.625
1,5,94,0.5995455384254456,0.734375,0.11972856521606445,0.21848344802856445,0.625,0.625
1,5,95,0.5832318067550659,0.71875,0.1180262565612793,0.19719791412353516,0.625,0.625
1,5,96,0.41749322414398193,0.875,0.09021663665771484,0.18066644668579102,0.625,0.625
1,5,97,0.6760924458503723,0.78125,0.13553214073181152,0.22554850578308105,0.625,0.625
1,5,98,0.5505486726760864,0.8125,0.10479998588562012,0.19424057006835938,0.625,0.625
1,5,99,0.4824567139148712,0.8125,0.12122130393981934,0.20395708084106445,0.625,0.625
1,5,100,0.5914708375930786,0.765625,0.12661314010620117,0.2121896743774414,0.625,0.625
1,5,101,0.36765891313552856,0.890625,0.13626742362976074,0.21715021133422852,0.625,0.625
1,5,102,0.5460745692253113,0.8125,0.1075437068939209,0.18826580047607422,0.625,0.625
1,5,103,0.5206088423728943,0.875,0.1379256248474121,0.22722315788269043,0.625,0.625
1,5,104,0.4957290589809418,0.859375,0.10026931762695312,0.19571566581726074,0.625,0.625
1,5,105,0.35616275668144226,0.859375,0.1172947883605957,0.20142602920532227,0.625,0.625
1,5,106,0.2709205746650696,0.890625,0.12670016288757324,0.20633983612060547,0.625,0.625
1,5,107,0.3505999445915222,0.828125,0.12004518508911133,0.2002415657043457,0.625,0.625
1,5,108,0.5468317270278931,0.84375,0.13764500617980957,0.21692728996276855,0.625,0.625
1,5,109,0.4856349527835846,0.875,0.10206866264343262,0.18362188339233398,0.625,0.625
1,5,110,0.8114200830459595,0.71875,0.1404581069946289,0.22121238708496094,0.625,0.625
1,5,111,0.5198382139205933,0.796875,0.11041927337646484,0.18954086303710938,0.625,0.625
1,5,112,0.35103845596313477,0.890625,0.13323593139648438,0.21257805824279785,0.625,0.625
1,5,113,0.3378341794013977,0.890625,0.11810302734375,0.20102405548095703,0.625,0.625
1,5,114,0.3638458251953125,0.90625,0.1264042854309082,0.20454931259155273,0.625,0.625
1,5,115,0.24866315722465515,0.90625,0.14845514297485352,0.23768115043640137,0.625,0.625
1,5,116,0.545953631401062,0.828125,0.11609101295471191,0.19823265075683594,0.625,0.625
1,5,117,0.6773899793624878,0.78125,0.14622163772583008,0.23046112060546875,0.625,0.625
1,5,118,0.4740492105484009,0.859375,0.11082196235656738,0.19401240348815918,0.625,0.625
1,5,119,0.39751964807510376,0.890625,0.12553977966308594,0.20637154579162598,0.625,0.625
1,5,120,0.5621493458747864,0.828125,0.1137843132019043,0.19011473655700684,0.625,0.625
1,5,121,0.5448253154754639,0.8125,0.15897035598754883,0.23796653747558594,0.625,0.625
1,5,122,0.46394771337509155,0.828125,0.11403012275695801,0.19542193412780762,0.625,0.625
1,5,123,0.44981375336647034,0.875,0.1362473964691162,0.21530413627624512,0.625,0.625
1,5,124,0.3999282717704773,0.859375,0.12021112442016602,0.2003486156463623,0.625,0.625
1,5,125,0.5458701848983765,0.828125,0.12964653968811035,0.2065286636352539,0.625,0.625
1,5,126,0.50199294090271,0.84375,0.12029886245727539,0.19675302505493164,0.625,0.625
1,5,127,0.43504250049591064,0.84375,0.13251757621765137,0.21153640747070312,0.625,0.625
1,5,128,0.5466616153717041,0.8125,0.10423994064331055,0.18081450462341309,0.625,0.625
1,5,129,0.45078980922698975,0.8125,0.12740230560302734,0.20354223251342773,0.625,0.625
1,5,130,0.5839461088180542,0.765625,0.13556981086730957,0.21456170082092285,0.625,0.625
1,5,131,0.42572543025016785,0.84375,0.12935805320739746,0.2062215805053711,0.625,0.625
1,5,132,0.4460122287273407,0.875,0.10450291633605957,0.1829967498779297,0.625,0.625
1,5,133,0.3798750638961792,0.890625,0.13663387298583984,0.22026395797729492,0.625,0.625
1,5,134,0.5474274158477783,0.78125,0.11975312232971191,0.20143747329711914,0.625,0.625
1,5,135,0.39452695846557617,0.859375,0.1334230899810791,0.21134233474731445,0.625,0.625
1,5,136,0.4754645526409149,0.8125,0.12560606002807617,0.21521997451782227,0.625,0.625
1,5,137,0.4116821587085724,0.8125,0.12378072738647461,0.20137548446655273,0.625,0.625
1,5,138,0.6349438428878784,0.8125,0.11521196365356445,0.1958296298980713,0.625,0.625
1,5,139,0.6180799007415771,0.78125,0.13054299354553223,0.2105414867401123,0.625,0.625
1,5,140,0.5075838565826416,0.84375,0.11809802055358887,0.1982564926147461,0.625,0.625
1,5,141,0.616235077381134,0.765625,0.1265580654144287,0.20527863502502441,0.625,0.625
1,5,142,0.3599599003791809,0.84375,0.11342310905456543,0.1959221363067627,0.625,0.625
1,5,143,0.46668195724487305,0.875,0.12954044342041016,0.20502781867980957,0.625,0.625
1,5,144,0.657659649848938,0.734375,0.11672806739807129,0.19615411758422852,0.625,0.625
1,5,145,0.4404061436653137,0.859375,0.13027405738830566,0.2110762596130371,0.625,0.625
1,5,146,0.5234608054161072,0.84375,0.10983014106750488,0.21647334098815918,0.625,0.625
1,5,147,0.543095052242279,0.8125,0.12195801734924316,0.2018730640411377,0.625,0.625
1,5,148,0.6976273059844971,0.765625,0.1134333610534668,0.19729900360107422,0.625,0.625
1,5,149,0.34766843914985657,0.90625,0.13247132301330566,0.21194219589233398,0.625,0.625
1,5,150,0.6159493923187256,0.765625,0.10086393356323242,0.182542085647583,0.625,0.625
1,5,151,0.5649921894073486,0.765625,0.12686705589294434,0.20390772819519043,0.625,0.625
1,5,152,0.5646520853042603,0.796875,0.10220098495483398,0.17888426780700684,0.625,0.625
1,5,153,0.5889265537261963,0.796875,0.14046597480773926,0.21602368354797363,0.625,0.625
1,5,154,0.46748483180999756,0.828125,0.10141324996948242,0.18085908889770508,0.625,0.625
1,5,155,0.5220749974250793,0.859375,0.13312387466430664,0.21207094192504883,0.625,0.625
1,5,156,0.4698057472705841,0.78125,0.10499405860900879,0.18577098846435547,0.625,0.625
1,5,157,0.5309162139892578,0.84375,0.13812780380249023,0.220780611038208,0.625,0.625
1,5,158,0.736285388469696,0.75,0.11175155639648438,0.18792271614074707,0.625,0.625
1,5,159,0.5345706343650818,0.796875,0.13547873497009277,0.2121121883392334,0.625,0.625
1,5,160,0.4152970612049103,0.8125,0.10760092735290527,0.18770098686218262,0.625,0.625
1,5,161,0.485851526260376,0.8125,0.1345539093017578,0.21621227264404297,0.625,0.625
1,5,162,0.36250805854797363,0.90625,0.12490057945251465,0.20524120330810547,0.625,0.625
1,5,163,0.5453467965126038,0.828125,0.10709285736083984,0.18739628791809082,0.625,0.625
1,5,164,0.722392737865448,0.796875,0.14493417739868164,0.23105907440185547,0.625,0.625
1,5,165,0.5237846374511719,0.828125,0.11018013954162598,0.19463324546813965,0.625,0.625
1,5,166,0.3953430950641632,0.890625,0.1403660774230957,0.22028493881225586,0.625,0.625
1,5,167,0.4302352964878082,0.8125,0.10485529899597168,0.19440412521362305,0.625,0.625
1,5,168,0.44438207149505615,0.828125,0.15579962730407715,0.23732256889343262,0.625,0.625
1,5,169,0.563908040523529,0.78125,0.12278628349304199,0.2112734317779541,0.625,0.625
1,5,170,0.3820963203907013,0.890625,0.13807225227355957,0.21691584587097168,0.625,0.625
1,5,171,0.6334053874015808,0.78125,0.11361861228942871,0.19124960899353027,0.625,0.625
1,5,172,0.4435654878616333,0.828125,0.13152766227722168,0.2147362232208252,0.625,0.625
1,5,173,0.4220365881919861,0.875,0.1091604232788086,0.18822813034057617,0.625,0.625
1,5,174,0.6906967163085938,0.78125,0.14374279975891113,0.22339630126953125,0.625,0.625
1,5,175,0.4482107162475586,0.828125,0.10929083824157715,0.1922001838684082,0.625,0.625
1,5,176,0.5632357597351074,0.765625,0.13278603553771973,0.21718215942382812,0.625,0.625
1,5,177,0.642253041267395,0.734375,0.12026429176330566,0.20201754570007324,0.625,0.625
1,5,178,0.5326090455055237,0.84375,0.1303260326385498,0.2149059772491455,0.625,0.625
1,5,179,0.4917196035385132,0.8125,0.13059163093566895,0.21371817588806152,0.625,0.625
1,5,180,0.6617947816848755,0.75,0.12208318710327148,0.2025151252746582,0.625,0.625
1,5,181,0.7171041965484619,0.765625,0.10846805572509766,0.19235610961914062,0.625,0.625
1,5,182,0.650282621383667,0.8125,0.14384746551513672,0.2249126434326172,0.625,0.625
1,5,183,0.6660863161087036,0.703125,0.10724449157714844,0.1876842975616455,0.625,0.625
1,5,184,0.5863512754440308,0.765625,0.1378467082977295,0.21573901176452637,0.625,0.625
1,5,185,0.48702898621559143,0.78125,0.10715651512145996,0.18601441383361816,0.625,0.625
1,5,186,0.40934163331985474,0.90625,0.16199326515197754,0.24477815628051758,0.625,0.625
1,5,187,0.5983861684799194,0.796875,0.10118842124938965,0.1911146640777588,0.625,0.625
1,5,188,0.637954831123352,0.78125,0.1550464630126953,0.23878765106201172,0.625,0.625
1,5,189,0.4338643252849579,0.8125,0.10871171951293945,0.19025564193725586,0.625,0.625
1,5,190,0.5508960485458374,0.796875,0.12255120277404785,0.20977258682250977,0.625,0.625
1,5,191,0.581312894821167,0.78125,0.11823272705078125,0.1944732666015625,0.625,0.625
1,5,192,0.43651843070983887,0.84375,0.13863158226013184,0.21846437454223633,0.625,0.625
1,5,193,0.5570163130760193,0.8125,0.10423922538757324,0.18716883659362793,0.625,0.625
1,5,194,0.5004022717475891,0.84375,0.15006446838378906,0.22821617126464844,0.625,0.625
1,5,195,0.580061674118042,0.796875,0.1026768684387207,0.18854260444641113,0.625,0.625
1,5,196,0.35692331194877625,0.90625,0.1308002471923828,0.21787762641906738,0.625,0.625
1,5,197,0.6621963381767273,0.75,0.10292625427246094,0.18498802185058594,0.625,0.625
1,5,198,0.5602408051490784,0.765625,0.13855576515197754,0.22496747970581055,0.625,0.625
1,5,199,0.43836331367492676,0.828125,0.11908698081970215,0.20102787017822266,0.625,0.625
1,5,200,0.4725848436355591,0.8125,0.1332080364227295,0.21082496643066406,0.625,0.625
1,5,201,0.6869038343429565,0.734375,0.10764813423156738,0.1869664192199707,0.625,0.625
1,5,202,0.6304893493652344,0.84375,0.13811612129211426,0.2193915843963623,0.625,0.625
1,5,203,0.337973415851593,0.890625,0.10869717597961426,0.1935722827911377,0.625,0.625
1,5,204,0.45882436633110046,0.890625,0.13786768913269043,0.22242355346679688,0.625,0.625
1,5,205,0.5631976127624512,0.859375,0.10927438735961914,0.19060826301574707,0.625,0.625
1,5,206,0.5152218341827393,0.78125,0.12954497337341309,0.21065831184387207,0.625,0.625
1,5,207,0.6490618586540222,0.765625,0.11672520637512207,0.19884252548217773,0.625,0.625
1,5,208,0.5048998594284058,0.84375,0.13707780838012695,0.2193753719329834,0.625,0.625
1,5,209,0.5941793322563171,0.8125,0.1126394271850586,0.1970212459564209,0.625,0.625
1,5,210,0.571821928024292,0.796875,0.14828753471374512,0.2272653579711914,0.625,0.625
1,5,211,0.4408423602581024,0.890625,0.11380147933959961,0.19411349296569824,0.625,0.625
1,5,212,0.46994441747665405,0.84375,0.12466859817504883,0.20742106437683105,0.625,0.625
1,5,213,0.6853840351104736,0.828125,0.10290765762329102,0.1965959072113037,0.625,0.625
1,5,214,0.5091900825500488,0.796875,0.12581992149353027,0.21141982078552246,0.625,0.625
1,5,215,0.6419727802276611,0.78125,0.11903214454650879,0.19785499572753906,0.625,0.625
1,5,216,0.5488886833190918,0.8125,0.1431872844696045,0.2303762435913086,0.625,0.625
1,5,217,0.35911834239959717,0.890625,0.10711550712585449,0.1872851848602295,0.625,0.625
1,5,218,0.5187065601348877,0.796875,0.13695716857910156,0.21572113037109375,0.625,0.625
1,5,219,0.33431708812713623,0.859375,0.101104736328125,0.1894679069519043,0.625,0.625
1,5,220,0.7491607666015625,0.765625,0.16006040573120117,0.24035096168518066,0.625,0.625
1,5,221,0.5096929669380188,0.84375,0.11125755310058594,0.1945345401763916,0.625,0.625
1,5,222,0.49176955223083496,0.84375,0.13283944129943848,0.20975899696350098,0.625,0.625
1,5,223,0.5597429275512695,0.796875,0.13011980056762695,0.21110844612121582,0.625,0.625
1,5,224,0.6266142725944519,0.765625,0.12784123420715332,0.20654726028442383,0.625,0.625
1,5,225,0.7291193604469299,0.71875,0.10141706466674805,0.17769527435302734,0.625,0.625
1,5,226,0.49827635288238525,0.859375,0.14573407173156738,0.23468470573425293,0.625,0.625
1,5,227,0.5446836948394775,0.765625,0.10002636909484863,0.1780862808227539,0.625,0.625
1,5,228,0.5562241077423096,0.828125,0.1333785057067871,0.22009921073913574,0.625,0.625
1,5,229,0.668548047542572,0.75,0.12345170974731445,0.2062225341796875,0.625,0.625
1,5,230,0.6274861097335815,0.734375,0.10952305793762207,0.1881086826324463,0.625,0.625
1,5,231,0.5657863616943359,0.796875,0.13462162017822266,0.21209359169006348,0.625,0.625
1,5,232,0.4239495098590851,0.796875,0.10800862312316895,0.1881399154663086,0.625,0.625
1,5,233,0.4830344319343567,0.84375,0.1331348419189453,0.21200060844421387,0.625,0.625
1,5,234,0.6876100301742554,0.828125,0.10080361366271973,0.17798089981079102,0.625,0.625
1,5,235,0.3905314803123474,0.859375,0.15113615989685059,0.23584508895874023,0.625,0.625
1,5,236,0.4204283058643341,0.828125,0.11999702453613281,0.20344281196594238,0.625,0.625
1,5,237,0.6544798016548157,0.78125,0.14208078384399414,0.21657824516296387,0.625,0.625
1,5,238,0.6102020144462585,0.84375,0.12211966514587402,0.20420241355895996,0.625,0.625
1,5,239,0.48481929302215576,0.828125,0.12368345260620117,0.20528244972229004,0.625,0.625
1,5,240,0.4599717855453491,0.828125,0.10673069953918457,0.18523168563842773,0.625,0.625
1,5,241,0.45730161666870117,0.828125,0.13573265075683594,0.21353888511657715,0.625,0.625
1,5,242,0.7469740509986877,0.71875,0.10647153854370117,0.19300580024719238,0.625,0.625
1,5,243,0.5622553825378418,0.734375,0.1220560073852539,0.2017519474029541,0.625,0.625
1,5,244,0.520209789276123,0.84375,0.10483407974243164,0.18261408805847168,0.625,0.625
1,5,245,0.6329541206359863,0.78125,0.13065528869628906,0.20831823348999023,0.625,0.625
1,5,246,0.6816259622573853,0.8125,0.1255817413330078,0.20561814308166504,0.625,0.625
1,5,247,0.5466013550758362,0.828125,0.12580251693725586,0.2043440341949463,0.625,0.625
1,5,248,0.45277225971221924,0.84375,0.11391115188598633,0.19319868087768555,0.625,0.625
1,5,249,0.5663336515426636,0.828125,0.1458873748779297,0.22370481491088867,0.625,0.625
1,5,250,0.6027613878250122,0.8125,0.10174155235290527,0.1848459243774414,0.625,0.625
1,5,251,0.6294934153556824,0.84375,0.1370227336883545,0.22116971015930176,0.625,0.625
1,5,252,0.5558779239654541,0.796875,0.09775042533874512,0.188629150390625,0.625,0.625
1,5,253,0.3312714993953705,0.84375,0.13493132591247559,0.2131786346435547,0.625,0.625
1,5,254,0.6663246154785156,0.75,0.12234306335449219,0.19918084144592285,0.625,0.625
1,5,255,0.5300272703170776,0.78125,0.1300950050354004,0.21763324737548828,0.625,0.625
1,5,256,0.40450069308280945,0.875,0.12195849418640137,0.203688383102417,0.625,0.625
1,5,257,0.586682915687561,0.8125,0.10821151733398438,0.18538856506347656,0.625,0.625
1,5,258,0.545035183429718,0.78125,0.13266849517822266,0.21127891540527344,0.625,0.625
1,5,259,0.664808988571167,0.75,0.10199356079101562,0.18210768699645996,0.625,0.625
1,6,0,0.4597393572330475,0.828125,0.12960267066955566,0.2118842601776123,0.625,0.625
1,6,1,0.44143497943878174,0.859375,0.10355067253112793,0.18012547492980957,0.625,0.625
1,6,2,0.30411049723625183,0.90625,0.15051603317260742,0.24939990043640137,0.625,0.625
1,6,3,0.4097798466682434,0.859375,0.10711979866027832,0.18737101554870605,0.625,0.625
1,6,4,0.508059024810791,0.75,0.14878606796264648,0.24379849433898926,0.625,0.625
1,6,5,0.4832691550254822,0.8125,0.11029529571533203,0.18975448608398438,0.625,0.625
1,6,6,0.25536420941352844,0.953125,0.12778687477111816,0.2055649757385254,0.625,0.625
1,6,7,0.39606285095214844,0.828125,0.09232378005981445,0.18250131607055664,0.625,0.625
1,6,8,0.4162178635597229,0.859375,0.1380622386932373,0.22310256958007812,0.625,0.625
1,6,9,0.301591694355011,0.875,0.1086111068725586,0.1888408660888672,0.625,0.625
1,6,10,0.42747318744659424,0.828125,0.14119243621826172,0.2210693359375,0.625,0.625
1,6,11,0.22943606972694397,0.921875,0.10925793647766113,0.18642544746398926,0.625,0.625
1,6,12,0.4768410325050354,0.8125,0.13327765464782715,0.21094274520874023,0.625,0.625
1,6,13,0.39364272356033325,0.890625,0.10770678520202637,0.1871955394744873,0.625,0.625
1,6,14,0.27842119336128235,0.875,0.1416912078857422,0.2243046760559082,0.625,0.625
1,6,15,0.3144305944442749,0.875,0.09332537651062012,0.17873692512512207,0.625,0.625
1,6,16,0.3844209909439087,0.875,0.14142584800720215,0.2220592498779297,0.625,0.625
1,6,17,0.3834494948387146,0.84375,0.10186338424682617,0.18045473098754883,0.625,0.625
1,6,18,0.2852725386619568,0.90625,0.13650178909301758,0.21499133110046387,0.625,0.625
1,6,19,0.4700963497161865,0.84375,0.10307741165161133,0.1957857608795166,0.625,0.625
1,6,20,0.2145598977804184,0.921875,0.12520933151245117,0.20938491821289062,0.625,0.625
1,6,21,0.31732267141342163,0.921875,0.10573124885559082,0.1842966079711914,0.625,0.625
1,6,22,0.3958207964897156,0.84375,0.1223900318145752,0.20563220977783203,0.625,0.625
1,6,23,0.2917335629463196,0.90625,0.1389608383178711,0.2184770107269287,0.625,0.625
1,6,24,0.5169305205345154,0.8125,0.10596489906311035,0.18822288513183594,0.625,0.625
1,6,25,0.3745120167732239,0.875,0.14287185668945312,0.22610878944396973,0.625,0.625
1,6,26,0.30523180961608887,0.875,0.10208010673522949,0.183868408203125,0.625,0.625
1,6,27,0.3788256049156189,0.84375,0.14079880714416504,0.22146248817443848,0.625,0.625
1,6,28,0.2135326862335205,0.9375,0.10161709785461426,0.18938660621643066,0.625,0.625
1,6,29,0.2789989113807678,0.90625,0.14811086654663086,0.23999404907226562,0.625,0.625
1,6,30,0.3249930739402771,0.90625,0.10655808448791504,0.18690156936645508,0.625,0.625
1,6,31,0.2105851173400879,0.953125,0.14049839973449707,0.2184889316558838,0.625,0.625
1,6,32,0.27154186367988586,0.921875,0.10666179656982422,0.18375396728515625,0.625,0.625
1,6,33,0.21670399606227875,0.9375,0.13919591903686523,0.2158048152923584,0.625,0.625
1,6,34,0.2779395282268524,0.90625,0.09503006935119629,0.21094107627868652,0.625,0.625
1,6,35,0.314474880695343,0.90625,0.10887646675109863,0.1944589614868164,0.625,0.625
1,6,36,0.3451855480670929,0.890625,0.1139984130859375,0.1914980411529541,0.625,0.625
1,6,37,0.35968586802482605,0.859375,0.13117718696594238,0.20866012573242188,0.625,0.625
1,6,38,0.23409390449523926,0.9375,0.10481739044189453,0.18292951583862305,0.625,0.625
1,6,39,0.3264375925064087,0.875,0.13315868377685547,0.21204566955566406,0.625,0.625
1,6,40,0.5753353834152222,0.765625,0.11162900924682617,0.19314169883728027,0.625,0.625
1,6,41,0.6547003984451294,0.859375,0.1452476978302002,0.2245652675628662,0.625,0.625
1,6,42,0.2515425384044647,0.859375,0.10156774520874023,0.18022918701171875,0.625,0.625
1,6,43,0.32550233602523804,0.90625,0.14130306243896484,0.2210381031036377,0.625,0.625
1,6,44,0.4327666163444519,0.859375,0.10347843170166016,0.18777036666870117,0.625,0.625
1,6,45,0.4085736870765686,0.890625,0.14364862442016602,0.22365570068359375,0.625,0.625
1,6,46,0.42442959547042847,0.84375,0.10238885879516602,0.18189263343811035,0.625,0.625
1,6,47,0.4234318733215332,0.875,0.13283538818359375,0.2102031707763672,0.625,0.625
1,6,48,0.4234110713005066,0.84375,0.12336540222167969,0.205641508102417,0.625,0.625
1,6,49,0.41375982761383057,0.890625,0.1398153305053711,0.2174229621887207,0.625,0.625
1,6,50,0.3531350791454315,0.859375,0.10562872886657715,0.190474271774292,0.625,0.625
1,6,51,0.452542781829834,0.8125,0.12728548049926758,0.2121262550354004,0.625,0.625
1,6,52,0.5812683701515198,0.796875,0.11460351943969727,0.1944127082824707,0.625,0.625
1,6,53,0.2549945116043091,0.90625,0.14623332023620605,0.22705554962158203,0.625,0.625
1,6,54,0.39627882838249207,0.875,0.11526346206665039,0.2024989128112793,0.625,0.625
1,6,55,0.38561272621154785,0.859375,0.12857484817504883,0.206589937210083,0.625,0.625
1,6,56,0.3784042000770569,0.890625,0.10741710662841797,0.19546079635620117,0.625,0.625
1,6,57,0.5431513786315918,0.8125,0.14353060722351074,0.22415685653686523,0.625,0.625
1,6,58,0.4185168743133545,0.84375,0.09986186027526855,0.1881263256072998,0.625,0.625
1,6,59,0.2786666750907898,0.953125,0.14038729667663574,0.224776029586792,0.625,0.625
1,6,60,0.46906736493110657,0.859375,0.11526608467102051,0.2082228660583496,0.625,0.625
1,6,61,0.3314761519432068,0.890625,0.1336970329284668,0.21386265754699707,0.625,0.625
1,6,62,0.40633970499038696,0.859375,0.10838603973388672,0.1966245174407959,0.625,0.625
1,6,63,0.20520173013210297,0.90625,0.14668560028076172,0.22689247131347656,0.625,0.625
1,6,64,0.18207603693008423,0.984375,0.1235048770904541,0.20149922370910645,0.625,0.625
1,6,65,0.36452269554138184,0.90625,0.13249897956848145,0.22695589065551758,0.625,0.625
1,6,66,0.3762900233268738,0.875,0.1149141788482666,0.19529247283935547,0.625,0.625
1,6,67,0.3258986175060272,0.875,0.14795923233032227,0.23310470581054688,0.625,0.625
1,6,68,0.33971232175827026,0.890625,0.10453057289123535,0.18376922607421875,0.625,0.625
1,6,69,0.40058302879333496,0.890625,0.13794946670532227,0.22606921195983887,0.625,0.625
1,6,70,0.3399631977081299,0.875,0.10413837432861328,0.1809062957763672,0.625,0.625
1,6,71,0.6523854732513428,0.75,0.14039921760559082,0.21644878387451172,0.625,0.625
1,6,72,0.3102998435497284,0.890625,0.14094853401184082,0.22828316688537598,0.625,0.625
1,6,73,0.570597767829895,0.796875,0.10471892356872559,0.21306920051574707,0.625,0.625
1,6,74,0.379801869392395,0.890625,0.1283564567565918,0.21245956420898438,0.625,0.625
1,6,75,0.318159818649292,0.890625,0.10625553131103516,0.1841120719909668,0.625,0.625
1,6,76,0.3955817222595215,0.875,0.15082001686096191,0.23642992973327637,0.625,0.625
1,6,77,0.34016579389572144,0.890625,0.12071776390075684,0.19869542121887207,0.625,0.625
1,6,78,0.26223284006118774,0.921875,0.13694024085998535,0.2172083854675293,0.625,0.625
1,6,79,0.3999149799346924,0.84375,0.11136150360107422,0.18863368034362793,0.625,0.625
1,6,80,0.29541048407554626,0.90625,0.13288164138793945,0.21175670623779297,0.625,0.625
1,6,81,0.22488602995872498,0.90625,0.11730146408081055,0.20228815078735352,0.625,0.625
1,6,82,0.38009464740753174,0.859375,0.126389741897583,0.20244669914245605,0.625,0.625
1,6,83,0.42026692628860474,0.859375,0.10645174980163574,0.18222260475158691,0.625,0.625
1,6,84,0.23581399023532867,0.90625,0.13987469673156738,0.2205510139465332,0.625,0.625
1,6,85,0.3351091146469116,0.875,0.10065913200378418,0.17943453788757324,0.625,0.625
1,6,86,0.42972564697265625,0.859375,0.12625479698181152,0.205672025680542,0.625,0.625
1,6,87,0.352455198764801,0.875,0.10297775268554688,0.18151021003723145,0.625,0.625
1,6,88,0.44871991872787476,0.8125,0.12926745414733887,0.21164584159851074,0.625,0.625
1,6,89,0.30427050590515137,0.890625,0.11509156227111816,0.19556021690368652,0.625,0.625
1,6,90,0.28117018938064575,0.890625,0.1287221908569336,0.20569181442260742,0.625,0.625
1,6,91,0.3202783465385437,0.84375,0.10500693321228027,0.1876220703125,0.625,0.625
1,6,92,0.2604115605354309,0.921875,0.13170933723449707,0.2107553482055664,0.625,0.625
1,6,93,0.42666006088256836,0.859375,0.10024452209472656,0.18342065811157227,0.625,0.625
1,6,94,0.453965425491333,0.859375,0.12140130996704102,0.2000887393951416,0.625,0.625
1,6,95,0.43036824464797974,0.828125,0.10958504676818848,0.19937992095947266,0.625,0.625
1,6,96,0.3445141613483429,0.875,0.1281592845916748,0.20521163940429688,0.625,0.625
1,6,97,0.4598623812198639,0.78125,0.10577201843261719,0.18471622467041016,0.625,0.625
1,6,98,0.4664665758609772,0.890625,0.1248173713684082,0.20536017417907715,0.625,0.625
1,6,99,0.3413171172142029,0.84375,0.12096405029296875,0.2055051326751709,0.625,0.625
1,6,100,0.3154469132423401,0.859375,0.13276195526123047,0.210845947265625,0.625,0.625
1,6,101,0.23790043592453003,0.890625,0.10530257225036621,0.1801753044128418,0.625,0.625
1,6,102,0.45588797330856323,0.828125,0.13139939308166504,0.21062612533569336,0.625,0.625
1,6,103,0.33441126346588135,0.84375,0.11109757423400879,0.18722820281982422,0.625,0.625
1,6,104,0.29289406538009644,0.890625,0.12962079048156738,0.20557332038879395,0.625,0.625
1,6,105,0.36073583364486694,0.828125,0.10466408729553223,0.18249988555908203,0.625,0.625
1,6,106,0.47839874029159546,0.796875,0.1429884433746338,0.22425341606140137,0.625,0.625
1,6,107,0.17533157765865326,0.953125,0.10259294509887695,0.18213605880737305,0.625,0.625
1,6,108,0.28906041383743286,0.859375,0.13067412376403809,0.20654511451721191,0.625,0.625
1,6,109,0.5516645908355713,0.8125,0.11352109909057617,0.19199705123901367,0.625,0.625
1,6,110,0.5997883081436157,0.84375,0.12840962409973145,0.20848464965820312,0.625,0.625
1,6,111,0.5076425075531006,0.859375,0.1092073917388916,0.1861248016357422,0.625,0.625
1,6,112,0.4282642900943756,0.828125,0.1440887451171875,0.22154664993286133,0.625,0.625
1,6,113,0.20189476013183594,0.90625,0.1115720272064209,0.19769501686096191,0.625,0.625
1,6,114,0.49436676502227783,0.8125,0.13280534744262695,0.21013259887695312,0.625,0.625
1,6,115,0.4627712368965149,0.84375,0.10801434516906738,0.18791532516479492,0.625,0.625
1,6,116,0.517187774181366,0.78125,0.13643407821655273,0.21511602401733398,0.625,0.625
1,6,117,0.50412917137146,0.84375,0.10555458068847656,0.18370294570922852,0.625,0.625
1,6,118,0.5393810272216797,0.796875,0.14084315299987793,0.22147154808044434,0.625,0.625
1,6,119,0.5317891836166382,0.8125,0.12434887886047363,0.20318841934204102,0.625,0.625
1,6,120,0.20780205726623535,0.921875,0.13887834548950195,0.2182772159576416,0.625,0.625
1,6,121,0.4561788737773895,0.84375,0.10362124443054199,0.1845567226409912,0.625,0.625
1,6,122,0.4518963694572449,0.859375,0.14243364334106445,0.2269911766052246,0.625,0.625
1,6,123,0.43274468183517456,0.875,0.11615419387817383,0.20562982559204102,0.625,0.625
1,6,124,0.492961585521698,0.828125,0.12323832511901855,0.21108770370483398,0.625,0.625
1,6,125,0.6477159261703491,0.8125,0.10249567031860352,0.17809605598449707,0.625,0.625
1,6,126,0.2933299243450165,0.890625,0.14127898216247559,0.22863531112670898,0.625,0.625
1,6,127,0.42875516414642334,0.828125,0.11284232139587402,0.20104336738586426,0.625,0.625
1,6,128,0.37558239698410034,0.828125,0.1390247344970703,0.23018646240234375,0.625,0.625
1,6,129,0.3446957767009735,0.828125,0.11582350730895996,0.1957557201385498,0.625,0.625
1,6,130,0.4017270803451538,0.890625,0.15011906623840332,0.2377758026123047,0.625,0.625
1,6,131,0.3067384958267212,0.875,0.11061286926269531,0.19428038597106934,0.625,0.625
1,6,132,0.25077933073043823,0.9375,0.15342998504638672,0.23877358436584473,0.625,0.625
1,6,133,0.2651250958442688,0.953125,0.11541008949279785,0.20123958587646484,0.625,0.625
1,6,134,0.41545724868774414,0.8125,0.14348793029785156,0.23032498359680176,0.625,0.625
1,6,135,0.2650158107280731,0.90625,0.12231612205505371,0.20596718788146973,0.625,0.625
1,6,136,0.5986859202384949,0.765625,0.13802146911621094,0.21902894973754883,0.625,0.625
1,6,137,0.5436630249023438,0.8125,0.10696887969970703,0.18673157691955566,0.625,0.625
1,6,138,0.33030396699905396,0.890625,0.1568605899810791,0.24011564254760742,0.625,0.625
1,6,139,0.6356197595596313,0.8125,0.10549473762512207,0.18855690956115723,0.625,0.625
1,6,140,0.46825966238975525,0.78125,0.14461350440979004,0.23150277137756348,0.625,0.625
1,6,141,0.5210578441619873,0.765625,0.1347806453704834,0.21671128273010254,0.625,0.625
1,6,142,0.3224869966506958,0.890625,0.10519766807556152,0.2006819248199463,0.625,0.625
1,6,143,0.302019327878952,0.90625,0.13499116897583008,0.219618558883667,0.625,0.625
1,6,144,0.39991673827171326,0.875,0.09960460662841797,0.17957186698913574,0.625,0.625
1,6,145,0.4941556453704834,0.78125,0.13339447975158691,0.21306991577148438,0.625,0.625
1,6,146,0.352559894323349,0.859375,0.10739016532897949,0.1879432201385498,0.625,0.625
1,6,147,0.4800765812397003,0.828125,0.13114142417907715,0.21155428886413574,0.625,0.625
1,6,148,0.3530252277851105,0.875,0.10191869735717773,0.1784992218017578,0.625,0.625
1,6,149,0.28194788098335266,0.859375,0.13867759704589844,0.22056102752685547,0.625,0.625
1,6,150,0.2463415563106537,0.953125,0.11205148696899414,0.1912848949432373,0.625,0.625
1,6,151,0.47474798560142517,0.859375,0.1272571086883545,0.21091270446777344,0.625,0.625
1,6,152,0.34458765387535095,0.875,0.12131762504577637,0.20920777320861816,0.625,0.625
1,6,153,0.36208969354629517,0.859375,0.13691926002502441,0.2162022590637207,0.625,0.625
1,6,154,0.7217073440551758,0.8125,0.11579775810241699,0.19453191757202148,0.625,0.625
1,6,155,0.5433139204978943,0.78125,0.13516974449157715,0.2135603427886963,0.625,0.625
1,6,156,0.6194260120391846,0.78125,0.10602569580078125,0.18828058242797852,0.625,0.625
1,6,157,0.3597292900085449,0.875,0.13431668281555176,0.21448612213134766,0.625,0.625
1,6,158,0.4202660620212555,0.796875,0.10859823226928711,0.1899425983428955,0.625,0.625
1,6,159,0.4975520968437195,0.796875,0.13045620918273926,0.20614290237426758,0.625,0.625
1,6,160,0.4547938108444214,0.84375,0.1112055778503418,0.18838834762573242,0.625,0.625
1,6,161,0.5280599594116211,0.8125,0.13477325439453125,0.22328400611877441,0.625,0.625
1,6,162,0.23634329438209534,0.9375,0.12447476387023926,0.2154998779296875,0.625,0.625
1,6,163,0.704805850982666,0.78125,0.15755438804626465,0.23939204216003418,0.625,0.625
1,6,164,0.5361573696136475,0.828125,0.1205282211303711,0.21283769607543945,0.625,0.625
1,6,165,0.26858294010162354,0.921875,0.12431693077087402,0.20476531982421875,0.625,0.625
1,6,166,0.5982304811477661,0.8125,0.11592411994934082,0.19491982460021973,0.625,0.625
1,6,167,0.3643878400325775,0.875,0.14810895919799805,0.2292943000793457,0.625,0.625
1,6,168,0.6433067321777344,0.796875,0.11576247215270996,0.19887161254882812,0.625,0.625
1,6,169,0.4842981696128845,0.78125,0.16321682929992676,0.2457435131072998,0.625,0.625
1,6,170,0.6817886233329773,0.765625,0.12153768539428711,0.20618104934692383,0.625,0.625
1,6,171,0.3448982238769531,0.84375,0.12864136695861816,0.20738434791564941,0.625,0.625
1,6,172,0.4994766414165497,0.8125,0.11012434959411621,0.2023448944091797,0.625,0.625
1,6,173,0.6284410953521729,0.78125,0.14112424850463867,0.2270066738128662,0.625,0.625
1,6,174,0.3350185453891754,0.84375,0.12736749649047852,0.22026848793029785,0.625,0.625
1,6,175,0.5222387313842773,0.8125,0.1727430820465088,0.26862168312072754,0.625,0.625
1,6,176,0.4475378394126892,0.8125,0.12522268295288086,0.24802398681640625,0.625,0.625
1,6,177,0.30011385679244995,0.875,0.1343994140625,0.2378990650177002,0.625,0.625
1,6,178,0.5213395357131958,0.859375,0.12537503242492676,0.2209460735321045,0.625,0.625
1,6,179,0.5477488040924072,0.765625,0.15630793571472168,0.24959278106689453,0.625,0.625
1,6,180,0.4220409393310547,0.875,0.10895967483520508,0.1915602684020996,0.625,0.625
1,6,181,0.5038564205169678,0.828125,0.14094877243041992,0.22144508361816406,0.625,0.625
1,6,182,0.4274962246417999,0.875,0.13334345817565918,0.21509575843811035,0.625,0.625
1,6,183,0.34263160824775696,0.875,0.13094544410705566,0.22077202796936035,0.625,0.625
1,6,184,0.5269268155097961,0.859375,0.1098334789276123,0.18863177299499512,0.625,0.625
1,6,185,0.717430055141449,0.71875,0.15146875381469727,0.22914886474609375,0.625,0.625
1,6,186,0.4979822635650635,0.796875,0.1275942325592041,0.20528054237365723,0.625,0.625
1,6,187,0.5089219808578491,0.828125,0.14485526084899902,0.22231125831604004,0.625,0.625
1,6,188,0.273541659116745,0.9375,0.14675116539001465,0.22503948211669922,0.625,0.625
1,6,189,0.5973793268203735,0.8125,0.13850736618041992,0.21890497207641602,0.625,0.625
1,6,190,0.4373861253261566,0.828125,0.10953831672668457,0.18912172317504883,0.625,0.625
1,6,191,0.41510123014450073,0.890625,0.16268610954284668,0.2611403465270996,0.625,0.625
1,6,192,0.5210754871368408,0.8125,0.09211945533752441,0.19876646995544434,0.625,0.625
1,6,193,0.4871863126754761,0.8125,0.14484477043151855,0.22915959358215332,0.625,0.625
1,6,194,0.6217089295387268,0.828125,0.11069941520690918,0.20441675186157227,0.625,0.625
1,6,195,0.5297125577926636,0.78125,0.13748550415039062,0.21774744987487793,0.625,0.625
1,6,196,0.41464370489120483,0.859375,0.10389971733093262,0.1937558650970459,0.625,0.625
1,6,197,0.43779194355010986,0.859375,0.13440442085266113,0.22268438339233398,0.625,0.625
1,6,198,0.36509236693382263,0.90625,0.12169981002807617,0.2171158790588379,0.625,0.625
1,6,199,0.44468051195144653,0.84375,0.14753365516662598,0.23830795288085938,0.625,0.625
1,6,200,0.6062353253364563,0.796875,0.12282228469848633,0.2073829174041748,0.625,0.625
1,6,201,0.3312298059463501,0.859375,0.13283705711364746,0.2132115364074707,0.625,0.625
1,6,202,0.4257631301879883,0.859375,0.17195653915405273,0.26917243003845215,0.625,0.625
1,6,203,0.563406765460968,0.796875,0.13670659065246582,0.23213839530944824,0.625,0.625
1,6,204,0.5261541604995728,0.828125,0.14663362503051758,0.23145508766174316,0.625,0.625
1,6,205,0.38522034883499146,0.84375,0.11966300010681152,0.2151777744293213,0.625,0.625
1,6,206,0.4212523400783539,0.828125,0.1270291805267334,0.21319985389709473,0.625,0.625
1,6,207,0.5926388502120972,0.78125,0.10609126091003418,0.1848130226135254,0.625,0.625
1,6,208,0.4248347282409668,0.875,0.13803625106811523,0.22034978866577148,0.625,0.625
1,6,209,0.5948182940483093,0.796875,0.1074531078338623,0.1873016357421875,0.625,0.625
1,6,210,0.532415509223938,0.84375,0.13883757591247559,0.2335042953491211,0.625,0.625
1,6,211,0.3964816629886627,0.859375,0.12590312957763672,0.21616911888122559,0.625,0.625
1,6,212,0.5200112462043762,0.859375,0.1434931755065918,0.23393750190734863,0.625,0.625
1,6,213,0.6447830200195312,0.78125,0.11438107490539551,0.2025763988494873,0.625,0.625
1,6,214,0.4383714199066162,0.8125,0.1548924446105957,0.23743414878845215,0.625,0.625
1,6,215,0.4894600808620453,0.765625,0.11870193481445312,0.1980912685394287,0.625,0.625
1,6,216,0.30419212579727173,0.890625,0.13938307762145996,0.2229311466217041,0.625,0.625
1,6,217,0.408283531665802,0.828125,0.13520455360412598,0.22837257385253906,0.625,0.625
1,6,218,0.23545998334884644,0.90625,0.15383529663085938,0.2571837902069092,0.625,0.625
1,6,219,0.37298303842544556,0.875,0.13596177101135254,0.23810744285583496,0.625,0.625
1,6,220,0.4979568123817444,0.859375,0.14859843254089355,0.2344956398010254,0.625,0.625
1,6,221,0.5872088670730591,0.8125,0.11911368370056152,0.21060442924499512,0.625,0.625
1,6,222,0.25786101818084717,0.875,0.14575576782226562,0.22983407974243164,0.625,0.625
1,6,223,0.24277076125144958,0.890625,0.10379409790039062,0.1824321746826172,0.625,0.625
1,6,224,0.623066246509552,0.765625,0.13711285591125488,0.21872162818908691,0.625,0.625
1,6,225,0.4023834466934204,0.859375,0.10554909706115723,0.1831800937652588,0.625,0.625
1,6,226,0.3458992540836334,0.875,0.1366591453552246,0.22006916999816895,0.625,0.625
1,6,227,0.44560492038726807,0.8125,0.10770249366760254,0.18936800956726074,0.625,0.625
1,6,228,0.4045611619949341,0.8125,0.1431260108947754,0.22211098670959473,0.625,0.625
1,6,229,0.30904364585876465,0.875,0.10503935813903809,0.1908576488494873,0.625,0.625
1,6,230,0.39149972796440125,0.875,0.12255597114562988,0.204484224319458,0.625,0.625
1,6,231,0.6440783143043518,0.796875,0.11067557334899902,0.18729496002197266,0.625,0.625
1,6,232,0.6865876913070679,0.75,0.14076828956604004,0.22025203704833984,0.625,0.625
1,6,233,0.4522605836391449,0.859375,0.11399459838867188,0.19441699981689453,0.625,0.625
1,6,234,0.3244534730911255,0.90625,0.12994050979614258,0.20754051208496094,0.625,0.625
1,6,235,0.42933449149131775,0.828125,0.10459208488464355,0.1855790615081787,0.625,0.625
1,6,236,0.40604090690612793,0.859375,0.1478261947631836,0.2235097885131836,0.625,0.625
1,6,237,0.4758443832397461,0.8125,0.10115313529968262,0.1820518970489502,0.625,0.625
1,6,238,0.29125767946243286,0.875,0.1367475986480713,0.21826577186584473,0.625,0.625
1,6,239,0.5465853810310364,0.8125,0.10701751708984375,0.19074392318725586,0.625,0.625
1,6,240,0.4230014681816101,0.84375,0.13144564628601074,0.2094426155090332,0.625,0.625
1,6,241,0.4281364679336548,0.84375,0.10179424285888672,0.18349862098693848,0.625,0.625
1,6,242,0.7413100004196167,0.734375,0.13326764106750488,0.21633529663085938,0.625,0.625
1,6,243,0.4427855312824249,0.859375,0.1103367805480957,0.19126653671264648,0.625,0.625
1,6,244,0.30404549837112427,0.890625,0.1262648105621338,0.20542263984680176,0.625,0.625
1,6,245,0.401888370513916,0.890625,0.10254716873168945,0.18764948844909668,0.625,0.625
1,6,246,0.36714279651641846,0.875,0.15159296989440918,0.23212599754333496,0.625,0.625
1,6,247,0.417635977268219,0.828125,0.10539841651916504,0.18412303924560547,0.625,0.625
1,6,248,0.20016051828861237,0.921875,0.13468217849731445,0.2157139778137207,0.625,0.625
1,6,249,0.28273746371269226,0.890625,0.1031649112701416,0.18238067626953125,0.625,0.625
1,6,250,0.5441399812698364,0.859375,0.1264345645904541,0.2040116786956787,0.625,0.625
1,6,251,0.5252358913421631,0.796875,0.10955572128295898,0.1887989044189453,0.625,0.625
1,6,252,0.3978763222694397,0.890625,0.12631487846374512,0.20516514778137207,0.625,0.625
1,6,253,0.4673880934715271,0.78125,0.11500334739685059,0.19445490837097168,0.625,0.625
1,6,254,0.6377037167549133,0.71875,0.14914369583129883,0.2291126251220703,0.625,0.625
1,6,255,0.4402223229408264,0.859375,0.1080636978149414,0.1874854564666748,0.625,0.625
1,6,256,0.4453268051147461,0.84375,0.12899208068847656,0.21822023391723633,0.625,0.625
1,6,257,0.30504053831100464,0.890625,0.10516977310180664,0.18376660346984863,0.625,0.625
1,6,258,0.48085930943489075,0.84375,0.14492011070251465,0.23871135711669922,0.625,0.625
1,6,259,0.3660804331302643,0.890625,0.11766338348388672,0.20008468627929688,0.625,0.625
1,7,0,0.29790687561035156,0.875,0.12094593048095703,0.21089720726013184,0.625,0.625
1,7,1,0.18718627095222473,0.9375,0.10298705101013184,0.18254780769348145,0.625,0.625
1,7,2,0.15142123401165009,0.953125,0.1428983211517334,0.22146964073181152,0.625,0.625
1,7,3,0.23364710807800293,0.9375,0.12498164176940918,0.20514464378356934,0.625,0.625
1,7,4,0.3828861713409424,0.859375,0.15467071533203125,0.24502849578857422,0.625,0.625
1,7,5,0.3048265874385834,0.90625,0.10648632049560547,0.1916518211364746,0.625,0.625
1,7,6,0.20264019072055817,0.953125,0.14559483528137207,0.22388815879821777,0.625,0.625
1,7,7,0.30523067712783813,0.90625,0.11051487922668457,0.21306204795837402,0.625,0.625
1,7,8,0.20118851959705353,0.9375,0.1476149559020996,0.23177671432495117,0.625,0.625
1,7,9,0.26446837186813354,0.90625,0.10767102241516113,0.19580340385437012,0.625,0.625
1,7,10,0.44896817207336426,0.828125,0.14278507232666016,0.22166824340820312,0.625,0.625
1,7,11,0.4642649292945862,0.828125,0.11194491386413574,0.19714736938476562,0.625,0.625
1,7,12,0.23205506801605225,0.953125,0.14192986488342285,0.2274327278137207,0.625,0.625
1,7,13,0.2998686134815216,0.875,0.10622453689575195,0.19514870643615723,0.625,0.625
1,7,14,0.44057825207710266,0.84375,0.1346449851989746,0.21646380424499512,0.625,0.625
1,7,15,0.40434110164642334,0.84375,0.10190343856811523,0.18283319473266602,0.625,0.625
1,7,16,0.17881730198860168,0.9375,0.12650465965270996,0.20882201194763184,0.625,0.625
1,7,17,0.30981338024139404,0.921875,0.10505342483520508,0.19171357154846191,0.625,0.625
1,7,18,0.31505200266838074,0.84375,0.12500715255737305,0.20762300491333008,0.625,0.625
1,7,19,0.29372668266296387,0.890625,0.13747882843017578,0.2206859588623047,0.625,0.625
1,7,20,0.3210827112197876,0.921875,0.10976815223693848,0.18869709968566895,0.625,0.625
1,7,21,0.26670020818710327,0.921875,0.1369776725769043,0.21703147888183594,0.625,0.625
1,7,22,0.26462098956108093,0.921875,0.10695600509643555,0.19618773460388184,0.625,0.625
1,7,23,0.21749147772789001,0.9375,0.1406843662261963,0.21958398818969727,0.625,0.625
1,7,24,0.2747093439102173,0.890625,0.10913467407226562,0.18865084648132324,0.625,0.625
1,7,25,0.33369848132133484,0.875,0.12480831146240234,0.2042837142944336,0.625,0.625
1,7,26,0.3000297248363495,0.890625,0.11100196838378906,0.190537691116333,0.625,0.625
1,7,27,0.31826087832450867,0.859375,0.15574073791503906,0.2367396354675293,0.625,0.625
1,7,28,0.2531112730503082,0.90625,0.11516857147216797,0.2090010643005371,0.625,0.625
1,7,29,0.21244411170482635,0.90625,0.12331342697143555,0.20375347137451172,0.625,0.625
1,7,30,0.2875685691833496,0.90625,0.10072922706604004,0.19133353233337402,0.625,0.625
1,7,31,0.20798899233341217,0.921875,0.13435840606689453,0.21433544158935547,0.625,0.625
1,7,32,0.19112496078014374,0.953125,0.11833429336547852,0.19752955436706543,0.625,0.625
1,7,33,0.37702444195747375,0.859375,0.14659690856933594,0.22199559211730957,0.625,0.625
1,7,34,0.21272872388362885,0.90625,0.11063957214355469,0.19129014015197754,0.625,0.625
1,7,35,0.19948245584964752,0.953125,0.13199830055236816,0.21274900436401367,0.625,0.625
1,7,36,0.3323782682418823,0.875,0.1020052433013916,0.1845703125,0.625,0.625
1,7,37,0.49209877848625183,0.875,0.14128780364990234,0.21742486953735352,0.625,0.625
1,7,38,0.4126586616039276,0.859375,0.10295248031616211,0.18302702903747559,0.625,0.625
1,7,39,0.4208255410194397,0.84375,0.13951468467712402,0.2163093090057373,0.625,0.625
1,7,40,0.28807333111763,0.90625,0.10831594467163086,0.18886709213256836,0.625,0.625
1,7,41,0.25623175501823425,0.921875,0.1507108211517334,0.2311849594116211,0.625,0.625
1,7,42,0.20827019214630127,0.9375,0.11110663414001465,0.19061923027038574,0.625,0.625
1,7,43,0.3550403118133545,0.890625,0.1352696418762207,0.2118549346923828,0.625,0.625
1,7,44,0.2855739891529083,0.875,0.10392642021179199,0.1812577247619629,0.625,0.625
1,7,45,0.4094141721725464,0.84375,0.14097189903259277,0.2198796272277832,0.625,0.625
1,7,46,0.328434556722641,0.90625,0.10752725601196289,0.18921613693237305,0.625,0.625
1,7,47,0.237370103597641,0.90625,0.1454470157623291,0.22314906120300293,0.625,0.625
1,7,48,0.2825285792350769,0.890625,0.11314606666564941,0.1968822479248047,0.625,0.625
1,7,49,0.33574771881103516,0.9375,0.12131762504577637,0.20035624504089355,0.625,0.625
1,7,50,0.4791454076766968,0.84375,0.1175527572631836,0.19804811477661133,0.625,0.625
1,7,51,0.22596561908721924,0.921875,0.13605880737304688,0.21527576446533203,0.625,0.625
1,7,52,0.2019965946674347,0.953125,0.10292387008666992,0.18497228622436523,0.625,0.625
1,7,53,0.40523940324783325,0.8125,0.1478102207183838,0.22624683380126953,0.625,0.625
1,7,54,0.2850651741027832,0.90625,0.10792779922485352,0.18557119369506836,0.625,0.625
1,7,55,0.38141191005706787,0.796875,0.1387178897857666,0.21502447128295898,0.625,0.625
1,7,56,0.3712344169616699,0.9375,0.11506032943725586,0.1952667236328125,0.625,0.625
1,7,57,0.3573897182941437,0.859375,0.14570355415344238,0.2277536392211914,0.625,0.625
1,7,58,0.4643380045890808,0.828125,0.11525321006774902,0.19421982765197754,0.625,0.625
1,7,59,0.30898696184158325,0.875,0.1405189037322998,0.22078895568847656,0.625,0.625
1,7,60,0.24082471430301666,0.9375,0.10692811012268066,0.18595504760742188,0.625,0.625
1,7,61,0.2726620137691498,0.875,0.12882256507873535,0.210158109664917,0.625,0.625
1,7,62,0.16678163409233093,0.9375,0.13843798637390137,0.22038483619689941,0.625,0.625
1,7,63,0.24670574069023132,0.921875,0.13276910781860352,0.21100926399230957,0.625,0.625
1,7,64,0.2196694314479828,0.921875,0.09819865226745605,0.1841127872467041,0.625,0.625
1,7,65,0.3443934917449951,0.875,0.1547384262084961,0.2331218719482422,0.625,0.625
1,7,66,0.18580293655395508,0.96875,0.10614347457885742,0.1851806640625,0.625,0.625
1,7,67,0.2401903122663498,0.890625,0.13722467422485352,0.22527194023132324,0.625,0.625
1,7,68,0.40591877698898315,0.890625,0.1278080940246582,0.20729947090148926,0.625,0.625
1,7,69,0.36458122730255127,0.859375,0.1114647388458252,0.19295406341552734,0.625,0.625
1,7,70,0.2960894703865051,0.890625,0.13498377799987793,0.21482634544372559,0.625,0.625
1,7,71,0.26420730352401733,0.90625,0.1065528392791748,0.18312907218933105,0.625,0.625
1,7,72,0.20886240899562836,0.9375,0.1340937614440918,0.2190260887145996,0.625,0.625
1,7,73,0.2918558120727539,0.890625,0.10840392112731934,0.1940746307373047,0.625,0.625
1,7,74,0.2198559045791626,0.921875,0.12420344352722168,0.20149970054626465,0.625,0.625
1,7,75,0.1173236295580864,0.953125,0.10837697982788086,0.18474531173706055,0.625,0.625
1,7,76,0.2464463710784912,0.9375,0.13859033584594727,0.21949052810668945,0.625,0.625
1,7,77,0.20937135815620422,0.9375,0.1052389144897461,0.18964505195617676,0.625,0.625
1,7,78,0.317101389169693,0.859375,0.1386415958404541,0.21826648712158203,0.625,0.625
1,7,79,0.37755733728408813,0.890625,0.12115311622619629,0.20296549797058105,0.625,0.625
1,7,80,0.26068687438964844,0.90625,0.13663768768310547,0.2183976173400879,0.625,0.625
1,7,81,0.3458627760410309,0.890625,0.1125030517578125,0.19131827354431152,0.625,0.625
1,7,82,0.5463026762008667,0.8125,0.13123631477355957,0.21716761589050293,0.625,0.625
1,7,83,0.34884220361709595,0.890625,0.1297769546508789,0.20838546752929688,0.625,0.625
1,7,84,0.2899003326892853,0.890625,0.1411280632019043,0.22191929817199707,0.625,0.625
1,7,85,0.26203203201293945,0.859375,0.11179661750793457,0.19496536254882812,0.625,0.625
1,7,86,0.21531113982200623,0.90625,0.15688252449035645,0.23969602584838867,0.625,0.625
1,7,87,0.29943910241127014,0.875,0.1115570068359375,0.1977696418762207,0.625,0.625
1,7,88,0.15493860840797424,0.96875,0.12887072563171387,0.2069845199584961,0.625,0.625
1,7,89,0.3496629595756531,0.859375,0.11949634552001953,0.2009134292602539,0.625,0.625
1,7,90,0.15896525979042053,0.9375,0.12334942817687988,0.20043134689331055,0.625,0.625
1,7,91,0.3661741018295288,0.875,0.1244351863861084,0.20565032958984375,0.625,0.625
1,7,92,0.17537382245063782,0.953125,0.12558579444885254,0.20417165756225586,0.625,0.625
1,7,93,0.40163910388946533,0.859375,0.10441207885742188,0.19212937355041504,0.625,0.625
1,7,94,0.35183629393577576,0.828125,0.12773942947387695,0.20501708984375,0.625,0.625
1,7,95,0.35768216848373413,0.875,0.10860180854797363,0.20334219932556152,0.625,0.625
1,7,96,0.2534463107585907,0.90625,0.1139371395111084,0.191972017288208,0.625,0.625
1,7,97,0.43391984701156616,0.796875,0.10979533195495605,0.1934981346130371,0.625,0.625
1,7,98,0.4942132234573364,0.828125,0.1273043155670166,0.20778727531433105,0.625,0.625
1,7,99,0.31071609258651733,0.828125,0.11224102973937988,0.1901240348815918,0.625,0.625
1,7,100,0.21209251880645752,0.90625,0.14888262748718262,0.2262434959411621,0.625,0.625
1,7,101,0.44350191950798035,0.859375,0.10744881629943848,0.188584566116333,0.625,0.625
1,7,102,0.219521626830101,0.921875,0.1355586051940918,0.21485638618469238,0.625,0.625
1,7,103,0.32329612970352173,0.890625,0.10753583908081055,0.19101572036743164,0.625,0.625
1,7,104,0.2838560938835144,0.890625,0.15185046195983887,0.23212313652038574,0.625,0.625
1,7,105,0.3915969133377075,0.859375,0.10475659370422363,0.18588662147521973,0.625,0.625
1,7,106,0.24199233949184418,0.9375,0.13314056396484375,0.2256479263305664,0.625,0.625
1,7,107,0.48070746660232544,0.84375,0.13359594345092773,0.22002363204956055,0.625,0.625
1,7,108,0.2661784291267395,0.921875,0.0989997386932373,0.18012070655822754,0.625,0.625
1,7,109,0.3128111958503723,0.90625,0.14521121978759766,0.22708392143249512,0.625,0.625
1,7,110,0.3868623971939087,0.875,0.14279747009277344,0.22111988067626953,0.625,0.625
1,7,111,0.3092614412307739,0.890625,0.10717010498046875,0.18735051155090332,0.625,0.625
1,7,112,0.08781176805496216,0.96875,0.15426135063171387,0.2324824333190918,0.625,0.625
1,7,113,0.28596776723861694,0.875,0.11002922058105469,0.19246792793273926,0.625,0.625
1,7,114,0.3335024416446686,0.859375,0.14378142356872559,0.22361493110656738,0.625,0.625
1,7,115,0.3971792161464691,0.890625,0.12404942512512207,0.21145153045654297,0.625,0.625
1,7,116,0.24450843036174774,0.9375,0.13223481178283691,0.2145378589630127,0.625,0.625
1,7,117,0.2500382661819458,0.890625,0.10590767860412598,0.2019193172454834,0.625,0.625
1,7,118,0.37819960713386536,0.859375,0.11945796012878418,0.19868016242980957,0.625,0.625
1,7,119,0.21043062210083008,0.9375,0.10581755638122559,0.19219756126403809,0.625,0.625
1,7,120,0.18033194541931152,0.9375,0.12715625762939453,0.2059032917022705,0.625,0.625
1,7,121,0.22330418229103088,0.921875,0.10953998565673828,0.1899409294128418,0.625,0.625
1,7,122,0.42667579650878906,0.84375,0.12734508514404297,0.20923709869384766,0.625,0.625
1,7,123,0.4762786626815796,0.875,0.10513973236083984,0.19567632675170898,0.625,0.625
1,7,124,0.24506375193595886,0.859375,0.11823654174804688,0.20128250122070312,0.625,0.625
1,7,125,0.20808100700378418,0.921875,0.11041879653930664,0.19231867790222168,0.625,0.625
1,7,126,0.27847349643707275,0.890625,0.13735628128051758,0.23012828826904297,0.625,0.625
1,7,127,0.3011019229888916,0.90625,0.11320877075195312,0.20120644569396973,0.625,0.625
1,7,128,0.24464912712574005,0.921875,0.12488436698913574,0.20667576789855957,0.625,0.625
1,7,129,0.2164083868265152,0.921875,0.1037907600402832,0.18167376518249512,0.625,0.625
1,7,130,0.2933471202850342,0.9375,0.13444066047668457,0.21875953674316406,0.625,0.625
1,7,131,0.26682212948799133,0.890625,0.11729264259338379,0.19815802574157715,0.625,0.625
1,7,132,0.2746701240539551,0.890625,0.14519667625427246,0.2241678237915039,0.625,0.625
1,7,133,0.2738535702228546,0.90625,0.10477948188781738,0.18497371673583984,0.625,0.625
1,7,134,0.338929682970047,0.859375,0.14772653579711914,0.23079919815063477,0.625,0.625
1,7,135,0.5350452661514282,0.84375,0.11400079727172852,0.20021867752075195,0.625,0.625
1,7,136,0.31482455134391785,0.859375,0.1298999786376953,0.21179962158203125,0.625,0.625
1,7,137,0.3734436631202698,0.890625,0.10632014274597168,0.18747925758361816,0.625,0.625
1,7,138,0.44369393587112427,0.828125,0.13821005821228027,0.2199234962463379,0.625,0.625
1,7,139,0.40914201736450195,0.859375,0.10607051849365234,0.19093799591064453,0.625,0.625
1,7,140,0.3280085325241089,0.859375,0.13857364654541016,0.22578954696655273,0.625,0.625
1,7,141,0.35205546021461487,0.90625,0.10655426979064941,0.18562865257263184,0.625,0.625
1,7,142,0.40647369623184204,0.8125,0.12895894050598145,0.20711231231689453,0.625,0.625
1,7,143,0.39973077178001404,0.828125,0.10177135467529297,0.18143773078918457,0.625,0.625
1,7,144,0.476050466299057,0.828125,0.14019417762756348,0.21728873252868652,0.625,0.625
1,7,145,0.3647797703742981,0.875,0.10748553276062012,0.18531155586242676,0.625,0.625
1,7,146,0.23771736025810242,0.9375,0.13135623931884766,0.21434760093688965,0.625,0.625
1,7,147,0.20320886373519897,0.921875,0.10212993621826172,0.1887986660003662,0.625,0.625
1,7,148,0.25158068537712097,0.890625,0.1553211212158203,0.23821616172790527,0.625,0.625
1,7,149,0.46405279636383057,0.828125,0.10561847686767578,0.18578720092773438,0.625,0.625
1,7,150,0.5530649423599243,0.796875,0.12540364265441895,0.2090904712677002,0.625,0.625
1,7,151,0.41392195224761963,0.859375,0.11063385009765625,0.1949458122253418,0.625,0.625
1,7,152,0.36111459136009216,0.84375,0.12831974029541016,0.20527863502502441,0.625,0.625
1,7,153,0.21088838577270508,0.90625,0.11123251914978027,0.194749116897583,0.625,0.625
1,7,154,0.37447595596313477,0.859375,0.11855864524841309,0.20055627822875977,0.625,0.625
1,7,155,0.35621047019958496,0.875,0.10950303077697754,0.1873178482055664,0.625,0.625
1,7,156,0.43059542775154114,0.828125,0.13730549812316895,0.2244269847869873,0.625,0.625
1,7,157,0.39739537239074707,0.859375,0.11272573471069336,0.19601798057556152,0.625,0.625
1,7,158,0.4283234775066376,0.8125,0.1367053985595703,0.21650218963623047,0.625,0.625
1,7,159,0.4800557494163513,0.828125,0.11135339736938477,0.18728065490722656,0.625,0.625
1,7,160,0.47746145725250244,0.78125,0.14548134803771973,0.22236394882202148,0.625,0.625
1,7,161,0.3882143795490265,0.890625,0.11066150665283203,0.19668126106262207,0.625,0.625
1,7,162,0.44835877418518066,0.875,0.13640737533569336,0.21514058113098145,0.625,0.625
1,7,163,0.3078076243400574,0.875,0.10732626914978027,0.18713855743408203,0.625,0.625
1,7,164,0.4312329888343811,0.90625,0.14859318733215332,0.24060940742492676,0.625,0.625
1,7,165,0.3893251121044159,0.875,0.11418509483337402,0.19929933547973633,0.625,0.625
1,7,166,0.42993173003196716,0.859375,0.1619737148284912,0.24929046630859375,0.625,0.625
1,7,167,0.2721070349216461,0.921875,0.11876416206359863,0.20882558822631836,0.625,0.625
1,7,168,0.47577643394470215,0.875,0.1282660961151123,0.20807552337646484,0.625,0.625
1,7,169,0.5714322328567505,0.828125,0.11397147178649902,0.19533634185791016,0.625,0.625
1,7,170,0.21203169226646423,0.921875,0.12915515899658203,0.2135026454925537,0.625,0.625
1,7,171,0.4866293966770172,0.859375,0.1134340763092041,0.19286656379699707,0.625,0.625
1,7,172,0.3326941132545471,0.890625,0.14357662200927734,0.2223491668701172,0.625,0.625
1,7,173,0.22483055293560028,0.921875,0.10338449478149414,0.1829829216003418,0.625,0.625
1,7,174,0.2657102942466736,0.921875,0.14103937149047852,0.21963715553283691,0.625,0.625
1,7,175,0.5622450113296509,0.796875,0.10782265663146973,0.18845009803771973,0.625,0.625
1,7,176,0.3475635051727295,0.859375,0.1279771327972412,0.21488094329833984,0.625,0.625
1,7,177,0.40687572956085205,0.875,0.13055634498596191,0.21165180206298828,0.625,0.625
1,7,178,0.3681313097476959,0.875,0.1042182445526123,0.18300175666809082,0.625,0.625
1,7,179,0.755322277545929,0.734375,0.13096237182617188,0.20998120307922363,0.625,0.625
1,7,180,0.4748634994029999,0.828125,0.11211991310119629,0.19393467903137207,0.625,0.625
1,7,181,0.34537214040756226,0.890625,0.13800287246704102,0.22126531600952148,0.625,0.625
1,7,182,0.3229060769081116,0.84375,0.1017305850982666,0.18210124969482422,0.625,0.625
1,7,183,0.23557621240615845,0.90625,0.13429474830627441,0.21596264839172363,0.625,0.625
1,7,184,0.31427156925201416,0.90625,0.1038672924041748,0.18040776252746582,0.625,0.625
1,7,185,0.4256790578365326,0.796875,0.15672826766967773,0.23627138137817383,0.625,0.625
1,7,186,0.2880275845527649,0.90625,0.10768985748291016,0.19663095474243164,0.625,0.625
1,7,187,0.4049583077430725,0.875,0.13311338424682617,0.2149665355682373,0.625,0.625
1,7,188,0.3264053463935852,0.859375,0.12412285804748535,0.20328021049499512,0.625,0.625
1,7,189,0.5133016705513,0.828125,0.1295332908630371,0.2078845500946045,0.625,0.625
1,7,190,0.4133203327655792,0.84375,0.10492396354675293,0.18303227424621582,0.625,0.625
1,7,191,0.37026479840278625,0.875,0.12985849380493164,0.21390676498413086,0.625,0.625
1,7,192,0.22424888610839844,0.90625,0.13630914688110352,0.22473502159118652,0.625,0.625
1,7,193,0.3386506140232086,0.890625,0.11503720283508301,0.19738245010375977,0.625,0.625
1,7,194,0.3877919316291809,0.921875,0.10249543190002441,0.1858077049255371,0.625,0.625
1,7,195,0.4915592074394226,0.796875,0.12323856353759766,0.2009882926940918,0.625,0.625
1,7,196,0.3432602286338806,0.859375,0.12447762489318848,0.20609569549560547,0.625,0.625
1,7,197,0.31885457038879395,0.921875,0.131134033203125,0.21124267578125,0.625,0.625
1,7,198,0.3533443510532379,0.859375,0.10310602188110352,0.18027472496032715,0.625,0.625
1,7,199,0.38982871174812317,0.875,0.13737821578979492,0.22048020362854004,0.625,0.625
1,7,200,0.4220677316188812,0.796875,0.11009597778320312,0.18981337547302246,0.625,0.625
1,7,201,0.4025340676307678,0.859375,0.13614892959594727,0.21375107765197754,0.625,0.625
1,7,202,0.5566381812095642,0.796875,0.10303115844726562,0.18304753303527832,0.625,0.625
1,7,203,0.4285258650779724,0.875,0.14119410514831543,0.22371387481689453,0.625,0.625
1,7,204,0.625126838684082,0.828125,0.10975956916809082,0.18832659721374512,0.625,0.625
1,7,205,0.4167326092720032,0.8125,0.13907122611999512,0.222076416015625,0.625,0.625
1,7,206,0.36522388458251953,0.90625,0.12201595306396484,0.20715999603271484,0.625,0.625
1,7,207,0.5181066393852234,0.875,0.13380670547485352,0.2192368507385254,0.625,0.625
1,7,208,0.3644518256187439,0.859375,0.13032937049865723,0.21445393562316895,0.625,0.625
1,7,209,0.38927409052848816,0.875,0.12310171127319336,0.2053086757659912,0.625,0.625
1,7,210,0.5067591667175293,0.796875,0.11911296844482422,0.20073771476745605,0.625,0.625
1,7,211,0.4427493214607239,0.859375,0.12923216819763184,0.20580720901489258,0.625,0.625
1,7,212,0.4537426829338074,0.765625,0.12912869453430176,0.21553373336791992,0.625,0.625
1,7,213,0.45026683807373047,0.859375,0.14468741416931152,0.22815155982971191,0.625,0.625
1,7,214,0.5615465641021729,0.8125,0.1134192943572998,0.19832277297973633,0.625,0.625
1,7,215,0.3992106318473816,0.875,0.12185215950012207,0.20242905616760254,0.625,0.625
1,7,216,0.5647861361503601,0.84375,0.10898923873901367,0.1915137767791748,0.625,0.625
1,7,217,0.5154056549072266,0.84375,0.1350877285003662,0.2257087230682373,0.625,0.625
1,7,218,0.44196075201034546,0.84375,0.10714864730834961,0.1862354278564453,0.625,0.625
1,7,219,0.3362998068332672,0.890625,0.1431713104248047,0.2268233299255371,0.625,0.625
1,7,220,0.5746228694915771,0.828125,0.10249686241149902,0.18994951248168945,0.625,0.625
1,7,221,0.38717740774154663,0.859375,0.1410825252532959,0.22322893142700195,0.625,0.625
1,7,222,0.32276320457458496,0.875,0.1290149688720703,0.2096843719482422,0.625,0.625
1,7,223,0.3687216639518738,0.84375,0.1330862045288086,0.2161884307861328,0.625,0.625
1,7,224,0.29939407110214233,0.890625,0.11397123336791992,0.20019316673278809,0.625,0.625
1,7,225,0.23654191195964813,0.921875,0.12146925926208496,0.21511292457580566,0.625,0.625
1,7,226,0.28362953662872314,0.890625,0.11633110046386719,0.20207548141479492,0.625,0.625
1,7,227,0.5768133997917175,0.671875,0.13334894180297852,0.22006464004516602,0.625,0.625
1,7,228,0.2451687604188919,0.890625,0.10789608955383301,0.19818592071533203,0.625,0.625
1,7,229,0.3101831078529358,0.90625,0.12288498878479004,0.20685696601867676,0.625,0.625
1,7,230,0.407561331987381,0.84375,0.12474846839904785,0.21744346618652344,0.625,0.625
1,7,231,0.43639281392097473,0.84375,0.1336956024169922,0.21979212760925293,0.625,0.625
1,7,232,0.4483988881111145,0.859375,0.11817741394042969,0.2055521011352539,0.625,0.625
1,7,233,0.33034688234329224,0.890625,0.13216686248779297,0.21013832092285156,0.625,0.625
1,7,234,0.3621123731136322,0.890625,0.10657358169555664,0.18436169624328613,0.625,0.625
1,7,235,0.34324783086776733,0.859375,0.14877533912658691,0.24428439140319824,0.625,0.625
1,7,236,0.3089456260204315,0.890625,0.10705947875976562,0.19195556640625,0.625,0.625
1,7,237,0.46591120958328247,0.78125,0.1328432559967041,0.21527338027954102,0.625,0.625
1,7,238,0.6088131666183472,0.78125,0.10632801055908203,0.18253803253173828,0.625,0.625
1,7,239,0.4823727309703827,0.84375,0.14864850044250488,0.22944116592407227,0.625,0.625
1,7,240,0.2922579050064087,0.921875,0.10704588890075684,0.1854381561279297,0.625,0.625
1,7,241,0.5269690752029419,0.8125,0.13445353507995605,0.21285772323608398,0.625,0.625
1,7,242,0.4981808066368103,0.78125,0.10912537574768066,0.18705081939697266,0.625,0.625
1,7,243,0.3496653735637665,0.859375,0.13428735733032227,0.2138688564300537,0.625,0.625
1,7,244,0.5842990875244141,0.84375,0.10905814170837402,0.19300460815429688,0.625,0.625
1,7,245,0.31895604729652405,0.890625,0.1400148868560791,0.22361254692077637,0.625,0.625
1,7,246,0.4472598135471344,0.859375,0.11050891876220703,0.19707655906677246,0.625,0.625
1,7,247,0.21093279123306274,0.953125,0.13298487663269043,0.21428918838500977,0.625,0.625
1,7,248,0.24991527199745178,0.90625,0.10825228691101074,0.1878201961517334,0.625,0.625
1,7,249,0.30518898367881775,0.875,0.12862515449523926,0.21613645553588867,0.625,0.625
1,7,250,0.4962437152862549,0.765625,0.11517572402954102,0.2235105037689209,0.625,0.625
1,7,251,0.21067070960998535,0.9375,0.12070584297180176,0.203047513961792,0.625,0.625
1,7,252,0.2677021622657776,0.9375,0.1139984130859375,0.19829678535461426,0.625,0.625
1,7,253,0.41482019424438477,0.84375,0.13303184509277344,0.21235871315002441,0.625,0.625
1,7,254,0.5022088885307312,0.859375,0.10662317276000977,0.19658350944519043,0.625,0.625
1,7,255,0.36914578080177307,0.84375,0.1394197940826416,0.22396326065063477,0.625,0.625
1,7,256,0.3943220376968384,0.890625,0.11562466621398926,0.19835829734802246,0.625,0.625
1,7,257,0.35819604992866516,0.875,0.12833046913146973,0.2058112621307373,0.625,0.625
1,7,258,0.2537044882774353,0.890625,0.10736966133117676,0.18978047370910645,0.625,0.625
1,7,259,0.24416330456733704,0.90625,0.13252711296081543,0.21306705474853516,0.625,0.625
1,8,0,0.25682055950164795,0.921875,0.12359881401062012,0.20918965339660645,0.625,0.625
1,8,1,0.41846764087677,0.8125,0.10401225090026855,0.20072436332702637,0.625,0.625
1,8,2,0.21396076679229736,0.953125,0.1237940788269043,0.20074033737182617,0.625,0.625
1,8,3,0.2997230291366577,0.921875,0.10268044471740723,0.18114757537841797,0.625,0.625
1,8,4,0.21031606197357178,0.96875,0.14583444595336914,0.23212862014770508,0.625,0.625
1,8,5,0.30289167165756226,0.890625,0.10575008392333984,0.1932682991027832,0.625,0.625
1,8,6,0.19008582830429077,0.90625,0.1353442668914795,0.21179461479187012,0.625,0.625
1,8,7,0.3418150246143341,0.921875,0.11720418930053711,0.20032811164855957,0.625,0.625
1,8,8,0.28994232416152954,0.875,0.13615703582763672,0.2140347957611084,0.625,0.625
1,8,9,0.3245493173599243,0.890625,0.13084006309509277,0.21260571479797363,0.625,0.625
1,8,10,0.3428645730018616,0.875,0.12651729583740234,0.2085866928100586,0.625,0.625
1,8,11,0.19401758909225464,0.921875,0.14471960067749023,0.22629618644714355,0.625,0.625
1,8,12,0.2479633092880249,0.921875,0.11078882217407227,0.19729948043823242,0.625,0.625
1,8,13,0.2661402225494385,0.875,0.13236212730407715,0.21416354179382324,0.625,0.625
1,8,14,0.1647249460220337,0.9375,0.11481022834777832,0.19850683212280273,0.625,0.625
1,8,15,0.2507931590080261,0.921875,0.13867807388305664,0.23199009895324707,0.625,0.625
1,8,16,0.21485716104507446,0.9375,0.10846066474914551,0.18767309188842773,0.625,0.625
1,8,17,0.28260278701782227,0.921875,0.1515514850616455,0.23132777214050293,0.625,0.625
1,8,18,0.13168981671333313,0.984375,0.10613512992858887,0.1891796588897705,0.625,0.625
1,8,19,0.2076592594385147,0.9375,0.1437981128692627,0.22244024276733398,0.625,0.625
1,8,20,0.3520049452781677,0.859375,0.1087045669555664,0.1939535140991211,0.625,0.625
1,8,21,0.15020382404327393,0.953125,0.12534308433532715,0.20654702186584473,0.625,0.625
1,8,22,0.23032137751579285,0.90625,0.10496973991394043,0.1839900016784668,0.625,0.625
1,8,23,0.2749975919723511,0.9375,0.14101004600524902,0.22063541412353516,0.625,0.625
1,8,24,0.19042691588401794,0.9375,0.12089991569519043,0.20429062843322754,0.625,0.625
1,8,25,0.19508621096611023,0.9375,0.11815547943115234,0.2005155086517334,0.625,0.625
1,8,26,0.24812199175357819,0.90625,0.09920883178710938,0.19031047821044922,0.625,0.625
1,8,27,0.2954917550086975,0.921875,0.13695549964904785,0.21551823616027832,0.625,0.625
1,8,28,0.12481048703193665,0.96875,0.10620427131652832,0.20346307754516602,0.625,0.625
1,8,29,0.27886196970939636,0.875,0.1371452808380127,0.22537946701049805,0.625,0.625
1,8,30,0.24760887026786804,0.90625,0.10063695907592773,0.18347382545471191,0.625,0.625
1,8,31,0.21086940169334412,0.90625,0.13375258445739746,0.21380281448364258,0.625,0.625
1,8,32,0.09761039167642593,0.953125,0.1101374626159668,0.1913769245147705,0.625,0.625
1,8,33,0.3160293698310852,0.859375,0.13428926467895508,0.21263599395751953,0.625,0.625
1,8,34,0.21132853627204895,0.921875,0.12181520462036133,0.2092893123626709,0.625,0.625
1,8,35,0.32071417570114136,0.84375,0.09993529319763184,0.19425034523010254,0.625,0.625
1,8,36,0.17367646098136902,0.953125,0.12738537788391113,0.20410633087158203,0.625,0.625
1,8,37,0.2447352409362793,0.90625,0.12461423873901367,0.20268011093139648,0.625,0.625
1,8,38,0.2643983066082001,0.921875,0.15246105194091797,0.23251557350158691,0.625,0.625
1,8,39,0.27563104033470154,0.859375,0.10090923309326172,0.1853175163269043,0.625,0.625
1,8,40,0.19268698990345,0.921875,0.12819361686706543,0.21532487869262695,0.625,0.625
1,8,41,0.2716786861419678,0.875,0.10822463035583496,0.1926424503326416,0.625,0.625
1,8,42,0.22475489974021912,0.890625,0.15589642524719238,0.24172282218933105,0.625,0.625
1,8,43,0.28797680139541626,0.90625,0.1393747329711914,0.22951316833496094,0.625,0.625
1,8,44,0.18172946572303772,0.9375,0.13164281845092773,0.2216181755065918,0.625,0.625
1,8,45,0.21127928793430328,0.90625,0.1254258155822754,0.20668888092041016,0.625,0.625
1,8,46,0.2329220175743103,0.921875,0.13990545272827148,0.22180843353271484,0.625,0.625
1,8,47,0.09397447109222412,0.984375,0.11696076393127441,0.20286989212036133,0.625,0.625
1,8,48,0.1865808069705963,0.953125,0.144484281539917,0.2332906723022461,0.625,0.625
1,8,49,0.16019608080387115,0.96875,0.11002135276794434,0.20267486572265625,0.625,0.625
1,8,50,0.3150785565376282,0.875,0.14171242713928223,0.22350788116455078,0.625,0.625
1,8,51,0.1450882852077484,0.953125,0.1085822582244873,0.19208884239196777,0.625,0.625
1,8,52,0.23257564008235931,0.90625,0.13303637504577637,0.21152830123901367,0.625,0.625
1,8,53,0.16443680226802826,0.90625,0.10315227508544922,0.19069862365722656,0.625,0.625
1,8,54,0.11817935109138489,0.96875,0.13547515869140625,0.2172403335571289,0.625,0.625
1,8,55,0.1153380274772644,0.984375,0.12552809715270996,0.20095109939575195,0.625,0.625
1,8,56,0.3760107159614563,0.890625,0.11005568504333496,0.18753552436828613,0.625,0.625
1,8,57,0.20204870402812958,0.921875,0.15186047554016113,0.24039578437805176,0.625,0.625
1,8,58,0.20750151574611664,0.953125,0.09653019905090332,0.19077825546264648,0.625,0.625
1,8,59,0.13405582308769226,0.953125,0.14095187187194824,0.21891570091247559,0.625,0.625
1,8,60,0.1672746241092682,0.921875,0.12462019920349121,0.20288300514221191,0.625,0.625
1,8,61,0.3307141661643982,0.875,0.14124512672424316,0.22839069366455078,0.625,0.625
1,8,62,0.14293082058429718,0.96875,0.12793540954589844,0.21839499473571777,0.625,0.625
1,8,63,0.19621877372264862,0.90625,0.1493675708770752,0.23474383354187012,0.625,0.625
1,8,64,0.3100145161151886,0.921875,0.10132932662963867,0.18010306358337402,0.625,0.625
1,8,65,0.3631107211112976,0.890625,0.13551783561706543,0.2132556438446045,0.625,0.625
1,8,66,0.14786943793296814,0.96875,0.1052255630493164,0.184661865234375,0.625,0.625
1,8,67,0.3726462125778198,0.84375,0.13045001029968262,0.21319580078125,0.625,0.625
1,8,68,0.17573821544647217,0.9375,0.1422264575958252,0.2274458408355713,0.625,0.625
1,8,69,0.2149255871772766,0.90625,0.10690569877624512,0.18980002403259277,0.625,0.625
1,8,70,0.28263747692108154,0.90625,0.1568281650543213,0.23882651329040527,0.625,0.625
1,8,71,0.24060827493667603,0.90625,0.1030580997467041,0.19353699684143066,0.625,0.625
1,8,72,0.26540321111679077,0.921875,0.1295607089996338,0.21350693702697754,0.625,0.625
1,8,73,0.28063610196113586,0.875,0.11474084854125977,0.19554448127746582,0.625,0.625
1,8,74,0.23563918471336365,0.890625,0.13184452056884766,0.20953154563903809,0.625,0.625
1,8,75,0.1633455753326416,0.9375,0.10707235336303711,0.19323158264160156,0.625,0.625
1,8,76,0.1718888133764267,0.953125,0.15349054336547852,0.23220205307006836,0.625,0.625
1,8,77,0.17521613836288452,0.921875,0.10215210914611816,0.18075037002563477,0.625,0.625
1,8,78,0.29709649085998535,0.921875,0.13934850692749023,0.22700023651123047,0.625,0.625
1,8,79,0.28484880924224854,0.90625,0.11327099800109863,0.19346404075622559,0.625,0.625
1,8,80,0.1688530445098877,0.921875,0.13782763481140137,0.21797871589660645,0.625,0.625
1,8,81,0.36534827947616577,0.875,0.11060214042663574,0.18902039527893066,0.625,0.625
1,8,82,0.26104944944381714,0.921875,0.13112401962280273,0.22085189819335938,0.625,0.625
1,8,83,0.2695924937725067,0.921875,0.10211372375488281,0.18091058731079102,0.625,0.625
1,8,84,0.24938231706619263,0.921875,0.1465468406677246,0.2299187183380127,0.625,0.625
1,8,85,0.2583051025867462,0.90625,0.10404419898986816,0.18477988243103027,0.625,0.625
1,8,86,0.2892395257949829,0.921875,0.14393043518066406,0.2240300178527832,0.625,0.625
1,8,87,0.2798495292663574,0.890625,0.10653066635131836,0.18637418746948242,0.625,0.625
1,8,88,0.2036615014076233,0.921875,0.12392711639404297,0.20884227752685547,0.625,0.625
1,8,89,0.254832923412323,0.90625,0.10240912437438965,0.18053412437438965,0.625,0.625
1,8,90,0.36794525384902954,0.859375,0.14383316040039062,0.22446417808532715,0.625,0.625
1,8,91,0.29122090339660645,0.921875,0.11597657203674316,0.19421696662902832,0.625,0.625
1,8,92,0.3567425012588501,0.890625,0.14600419998168945,0.22576618194580078,0.625,0.625
1,8,93,0.30599460005760193,0.890625,0.10606145858764648,0.183380126953125,0.625,0.625
1,8,94,0.29637569189071655,0.828125,0.11637568473815918,0.21605277061462402,0.625,0.625
1,8,95,0.3584985136985779,0.859375,0.14520025253295898,0.23191523551940918,0.625,0.625
1,8,96,0.30613774061203003,0.90625,0.10575509071350098,0.18877434730529785,0.625,0.625
1,8,97,0.22426292300224304,0.90625,0.1323540210723877,0.21754765510559082,0.625,0.625
1,8,98,0.23707301914691925,0.90625,0.10102343559265137,0.18500208854675293,0.625,0.625
1,8,99,0.32170531153678894,0.84375,0.13451313972473145,0.21883320808410645,0.625,0.625
1,8,100,0.2610698938369751,0.890625,0.11212944984436035,0.20178008079528809,0.625,0.625
1,8,101,0.33464717864990234,0.859375,0.1128084659576416,0.19418597221374512,0.625,0.625
1,8,102,0.15774774551391602,0.9375,0.14991378784179688,0.23334407806396484,0.625,0.625
1,8,103,0.18527093529701233,0.921875,0.10912632942199707,0.1890263557434082,0.625,0.625
1,8,104,0.3086560070514679,0.921875,0.13621783256530762,0.21607732772827148,0.625,0.625
1,8,105,0.3535063862800598,0.890625,0.12055635452270508,0.20279717445373535,0.625,0.625
1,8,106,0.17154181003570557,0.9375,0.12970757484436035,0.20680665969848633,0.625,0.625
1,8,107,0.31085002422332764,0.9375,0.10888886451721191,0.18800044059753418,0.625,0.625
1,8,108,0.2323099672794342,0.9375,0.13586902618408203,0.21834468841552734,0.625,0.625
1,8,109,0.26506415009498596,0.90625,0.10564327239990234,0.18707776069641113,0.625,0.625
1,8,110,0.2627516984939575,0.90625,0.12498950958251953,0.2094879150390625,0.625,0.625
1,8,111,0.2578628957271576,0.859375,0.11780333518981934,0.20375895500183105,0.625,0.625
1,8,112,0.26364076137542725,0.875,0.10813689231872559,0.18948602676391602,0.625,0.625
1,8,113,0.1809522807598114,0.921875,0.13413119316101074,0.21515607833862305,0.625,0.625
1,8,114,0.24799686670303345,0.9375,0.10969734191894531,0.19649195671081543,0.625,0.625
1,8,115,0.4653807282447815,0.84375,0.13987088203430176,0.22039437294006348,0.625,0.625
1,8,116,0.2785964906215668,0.90625,0.12336850166320801,0.20693206787109375,0.625,0.625
1,8,117,0.1859007477760315,0.921875,0.13188433647155762,0.20959138870239258,0.625,0.625
1,8,118,0.32298043370246887,0.875,0.10931205749511719,0.19825005531311035,0.625,0.625
1,8,119,0.2959578037261963,0.890625,0.13381743431091309,0.2138514518737793,0.625,0.625
1,8,120,0.18010824918746948,0.9375,0.10053777694702148,0.1879866123199463,0.625,0.625
1,8,121,0.39086273312568665,0.859375,0.14009952545166016,0.2225334644317627,0.625,0.625
1,8,122,0.43457210063934326,0.84375,0.10753011703491211,0.18666815757751465,0.625,0.625
1,8,123,0.27160969376564026,0.9375,0.1328742504119873,0.2153151035308838,0.625,0.625
1,8,124,0.32527387142181396,0.890625,0.11055374145507812,0.197784423828125,0.625,0.625
1,8,125,0.2286129593849182,0.921875,0.13830280303955078,0.2165071964263916,0.625,0.625
1,8,126,0.3521614372730255,0.859375,0.10792231559753418,0.19233441352844238,0.625,0.625
1,8,127,0.2189137488603592,0.90625,0.13316011428833008,0.2150709629058838,0.625,0.625
1,8,128,0.2743273973464966,0.9375,0.10943460464477539,0.18841075897216797,0.625,0.625
1,8,129,0.31880196928977966,0.859375,0.14072418212890625,0.21683073043823242,0.625,0.625
1,8,130,0.2667471170425415,0.875,0.10540652275085449,0.1854398250579834,0.625,0.625
1,8,131,0.2024407684803009,0.90625,0.15394163131713867,0.2371225357055664,0.625,0.625
1,8,132,0.21317839622497559,0.953125,0.10865306854248047,0.19198036193847656,0.625,0.625
1,8,133,0.29167675971984863,0.890625,0.13276267051696777,0.2131061553955078,0.625,0.625
1,8,134,0.1784312129020691,0.953125,0.10116720199584961,0.18300151824951172,0.625,0.625
1,8,135,0.21774975955486298,0.921875,0.12990355491638184,0.21643853187561035,0.625,0.625
1,8,136,0.27543875575065613,0.890625,0.10505294799804688,0.18924713134765625,0.625,0.625
1,8,137,0.22626322507858276,0.90625,0.1336376667022705,0.21098804473876953,0.625,0.625
1,8,138,0.22971372306346893,0.90625,0.10544919967651367,0.18413305282592773,0.625,0.625
1,8,139,0.28459006547927856,0.90625,0.1325228214263916,0.21211791038513184,0.625,0.625
1,8,140,0.2507399320602417,0.875,0.10979413986206055,0.19327616691589355,0.625,0.625
1,8,141,0.30542516708374023,0.890625,0.13740086555480957,0.21693086624145508,0.625,0.625
1,8,142,0.2114078253507614,0.90625,0.1235952377319336,0.20346713066101074,0.625,0.625
1,8,143,0.14414653182029724,0.96875,0.1478559970855713,0.22615408897399902,0.625,0.625
1,8,144,0.2435711920261383,0.890625,0.11426901817321777,0.19746041297912598,0.625,0.625
1,8,145,0.18833154439926147,0.953125,0.13666915893554688,0.21723198890686035,0.625,0.625
1,8,146,0.166886106133461,0.953125,0.10532689094543457,0.1853797435760498,0.625,0.625
1,8,147,0.23291268944740295,0.875,0.14568090438842773,0.22160124778747559,0.625,0.625
1,8,148,0.41826963424682617,0.78125,0.10400819778442383,0.18252062797546387,0.625,0.625
1,8,149,0.21010540425777435,0.90625,0.12825798988342285,0.2110757827758789,0.625,0.625
1,8,150,0.421123743057251,0.890625,0.1090085506439209,0.20182490348815918,0.625,0.625
1,8,151,0.4837197959423065,0.8125,0.1283247470855713,0.21029281616210938,0.625,0.625
1,8,152,0.26190775632858276,0.921875,0.10579872131347656,0.18446803092956543,0.625,0.625
1,8,153,0.14213594794273376,0.953125,0.13370633125305176,0.21387839317321777,0.625,0.625
1,8,154,0.343473345041275,0.84375,0.10317230224609375,0.18278837203979492,0.625,0.625
1,8,155,0.23642177879810333,0.9375,0.1327369213104248,0.21419620513916016,0.625,0.625
1,8,156,0.4287596344947815,0.90625,0.11451363563537598,0.19312644004821777,0.625,0.625
1,8,157,0.2001436948776245,0.921875,0.13220477104187012,0.2109973430633545,0.625,0.625
1,8,158,0.39107874035835266,0.859375,0.10391378402709961,0.18219900131225586,0.625,0.625
1,8,159,0.4991956353187561,0.84375,0.14958667755126953,0.23935151100158691,0.625,0.625
1,8,160,0.14147993922233582,0.9375,0.12447237968444824,0.2114849090576172,0.625,0.625
1,8,161,0.25323906540870667,0.890625,0.09427022933959961,0.18341636657714844,0.625,0.625
1,8,162,0.267272025346756,0.875,0.14294648170471191,0.22291994094848633,0.625,0.625
1,8,163,0.27658042311668396,0.90625,0.1064605712890625,0.19124889373779297,0.625,0.625
1,8,164,0.31636300683021545,0.890625,0.136077880859375,0.21282529830932617,0.625,0.625
1,8,165,0.2461431920528412,0.90625,0.09466385841369629,0.18142914772033691,0.625,0.625
1,8,166,0.1557893604040146,0.9375,0.1380777359008789,0.22775912284851074,0.625,0.625
1,8,167,0.43845686316490173,0.875,0.09528160095214844,0.19044852256774902,0.625,0.625
1,8,168,0.33127206563949585,0.84375,0.14627528190612793,0.23064279556274414,0.625,0.625
1,8,169,0.14226983487606049,0.953125,0.1050715446472168,0.19632625579833984,0.625,0.625
1,8,170,0.289608359336853,0.890625,0.11780333518981934,0.2031569480895996,0.625,0.625
1,8,171,0.3778902590274811,0.859375,0.1042473316192627,0.18692779541015625,0.625,0.625
1,8,172,0.25545185804367065,0.859375,0.13838911056518555,0.21899867057800293,0.625,0.625
1,8,173,0.3231860399246216,0.90625,0.10347843170166016,0.18457961082458496,0.625,0.625
1,8,174,0.3308177888393402,0.84375,0.13396596908569336,0.21355891227722168,0.625,0.625
1,8,175,0.19911891222000122,0.921875,0.10478091239929199,0.19247746467590332,0.625,0.625
1,8,176,0.2815872132778168,0.890625,0.13333630561828613,0.21223878860473633,0.625,0.625
1,8,177,0.3160461187362671,0.890625,0.10382819175720215,0.18489980697631836,0.625,0.625
1,8,178,0.33773282170295715,0.90625,0.13703036308288574,0.22195982933044434,0.625,0.625
1,8,179,0.1756424903869629,0.953125,0.10765814781188965,0.19104361534118652,0.625,0.625
1,8,180,0.23394517600536346,0.921875,0.13314461708068848,0.22696805000305176,0.625,0.625
1,8,181,0.4045889377593994,0.890625,0.11420726776123047,0.1924126148223877,0.625,0.625
1,8,182,0.3621279299259186,0.84375,0.10747981071472168,0.19215011596679688,0.625,0.625
1,8,183,0.25999540090560913,0.890625,0.14130926132202148,0.22097110748291016,0.625,0.625
1,8,184,0.6430371403694153,0.796875,0.10876798629760742,0.19597125053405762,0.625,0.625
1,8,185,0.23246218264102936,0.90625,0.1337890625,0.21574115753173828,0.625,0.625
1,8,186,0.2484901398420334,0.890625,0.1016852855682373,0.18676233291625977,0.625,0.625
1,8,187,0.2983536124229431,0.890625,0.1289675235748291,0.20868229866027832,0.625,0.625
1,8,188,0.3331024646759033,0.890625,0.1364459991455078,0.21514010429382324,0.625,0.625
1,8,189,0.352751761674881,0.890625,0.1501603126525879,0.22907376289367676,0.625,0.625
1,8,190,0.24302473664283752,0.9375,0.10845732688903809,0.18828058242797852,0.625,0.625
1,8,191,0.3342103958129883,0.890625,0.15126824378967285,0.23438405990600586,0.625,0.625
1,8,192,0.23909474909305573,0.890625,0.11730098724365234,0.19932079315185547,0.625,0.625
1,8,193,0.21672947704792023,0.890625,0.15410232543945312,0.23615241050720215,0.625,0.625
1,8,194,0.4295961558818817,0.859375,0.09668421745300293,0.1866748332977295,0.625,0.625
1,8,195,0.35863813757896423,0.875,0.13111186027526855,0.21299242973327637,0.625,0.625
1,8,196,0.32895731925964355,0.890625,0.10983681678771973,0.18705439567565918,0.625,0.625
1,8,197,0.49285900592803955,0.828125,0.14003753662109375,0.21734857559204102,0.625,0.625
1,8,198,0.4743315279483795,0.84375,0.10783720016479492,0.19118642807006836,0.625,0.625
1,8,199,0.31858187913894653,0.859375,0.14951562881469727,0.23630738258361816,0.625,0.625
1,8,200,0.22112715244293213,0.953125,0.10774946212768555,0.18945932388305664,0.625,0.625
1,8,201,0.419066846370697,0.875,0.12511205673217773,0.2122666835784912,0.625,0.625
1,8,202,0.27523353695869446,0.90625,0.11600208282470703,0.1954803466796875,0.625,0.625
1,8,203,0.37681710720062256,0.84375,0.13069725036621094,0.2113347053527832,0.625,0.625
1,8,204,0.1787869930267334,0.90625,0.11025857925415039,0.18927478790283203,0.625,0.625
1,8,205,0.34611982107162476,0.859375,0.13845348358154297,0.21893739700317383,0.625,0.625
1,8,206,0.4684253931045532,0.78125,0.10693979263305664,0.18787717819213867,0.625,0.625
1,8,207,0.21436721086502075,0.96875,0.12537407875061035,0.2079765796661377,0.625,0.625
1,8,208,0.33437851071357727,0.859375,0.1135396957397461,0.19644522666931152,0.625,0.625
1,8,209,0.3670552670955658,0.890625,0.14703583717346191,0.22469472885131836,0.625,0.625
1,8,210,0.2198384702205658,0.90625,0.10959625244140625,0.1864166259765625,0.625,0.625
1,8,211,0.24671992659568787,0.9375,0.13854551315307617,0.22958970069885254,0.625,0.625
1,8,212,0.18607911467552185,0.921875,0.11081385612487793,0.19259357452392578,0.625,0.625
1,8,213,0.37987756729125977,0.859375,0.11504268646240234,0.1952521800994873,0.625,0.625
1,8,214,0.3262360095977783,0.859375,0.1413273811340332,0.22312164306640625,0.625,0.625
1,8,215,0.2013435661792755,0.921875,0.10154271125793457,0.18271613121032715,0.625,0.625
1,8,216,0.39015328884124756,0.875,0.13100385665893555,0.2105259895324707,0.625,0.625
1,8,217,0.40967243909835815,0.890625,0.1016075611114502,0.18410706520080566,0.625,0.625
1,8,218,0.3848649859428406,0.859375,0.13388538360595703,0.21741557121276855,0.625,0.625
1,8,219,0.34881001710891724,0.921875,0.10603046417236328,0.1934511661529541,0.625,0.625
1,8,220,0.20158693194389343,0.921875,0.13004398345947266,0.20905208587646484,0.625,0.625
1,8,221,0.48065587878227234,0.859375,0.11659741401672363,0.19772839546203613,0.625,0.625
1,8,222,0.252804160118103,0.921875,0.13207364082336426,0.21304702758789062,0.625,0.625
1,8,223,0.410112202167511,0.828125,0.11498498916625977,0.19347119331359863,0.625,0.625
1,8,224,0.5102330446243286,0.765625,0.13727617263793945,0.21588706970214844,0.625,0.625
1,8,225,0.3236289620399475,0.90625,0.11049270629882812,0.19598793983459473,0.625,0.625
1,8,226,0.26282432675361633,0.890625,0.13820314407348633,0.21572422981262207,0.625,0.625
1,8,227,0.35031557083129883,0.890625,0.1040346622467041,0.18350577354431152,0.625,0.625
1,8,228,0.4091101288795471,0.84375,0.12701797485351562,0.20351409912109375,0.625,0.625
1,8,229,0.3906942903995514,0.84375,0.11702156066894531,0.1973719596862793,0.625,0.625
1,8,230,0.3659586012363434,0.890625,0.12424206733703613,0.2062993049621582,0.625,0.625
1,8,231,0.4770440459251404,0.84375,0.10335612297058105,0.18418359756469727,0.625,0.625
1,8,232,0.36763322353363037,0.890625,0.13715624809265137,0.21707677841186523,0.625,0.625
1,8,233,0.27278029918670654,0.875,0.10808825492858887,0.18765878677368164,0.625,0.625
1,8,234,0.45299726724624634,0.84375,0.14175987243652344,0.22697734832763672,0.625,0.625
1,8,235,0.29474055767059326,0.890625,0.10627031326293945,0.18602538108825684,0.625,0.625
1,8,236,0.48947978019714355,0.875,0.12996339797973633,0.2090287208557129,0.625,0.625
1,8,237,0.4019714593887329,0.828125,0.10589814186096191,0.1911172866821289,0.625,0.625
1,8,238,0.4622023403644562,0.84375,0.12056899070739746,0.20111680030822754,0.625,0.625
1,8,239,0.49724292755126953,0.828125,0.11315774917602539,0.1934061050415039,0.625,0.625
1,8,240,0.2710183262825012,0.921875,0.13495254516601562,0.22162747383117676,0.625,0.625
1,8,241,0.31856560707092285,0.921875,0.11035776138305664,0.19675064086914062,0.625,0.625
1,8,242,0.47213485836982727,0.796875,0.136338472366333,0.21783828735351562,0.625,0.625
1,8,243,0.3565449118614197,0.828125,0.11156940460205078,0.1904923915863037,0.625,0.625
1,8,244,0.32355260848999023,0.875,0.13059592247009277,0.208465576171875,0.625,0.625
1,8,245,0.3624464273452759,0.859375,0.1044456958770752,0.18437862396240234,0.625,0.625
1,8,246,0.3849056363105774,0.828125,0.14183759689331055,0.21921229362487793,0.625,0.625
1,8,247,0.2714664936065674,0.90625,0.11630010604858398,0.19537711143493652,0.625,0.625
1,8,248,0.4686262309551239,0.84375,0.1246178150177002,0.2054133415222168,0.625,0.625
1,8,249,0.4742288291454315,0.828125,0.12088918685913086,0.20355892181396484,0.625,0.625
1,8,250,0.3176119327545166,0.828125,0.13686394691467285,0.22052812576293945,0.625,0.625
1,8,251,0.27134037017822266,0.90625,0.10338068008422852,0.18576788902282715,0.625,0.625
1,8,252,0.3332761228084564,0.875,0.1328139305114746,0.22189593315124512,0.625,0.625
1,8,253,0.376609742641449,0.859375,0.10760855674743652,0.18582653999328613,0.625,0.625
1,8,254,0.21383781731128693,0.921875,0.13739657402038574,0.21653175354003906,0.625,0.625
1,8,255,0.41216158866882324,0.875,0.10370039939880371,0.18360090255737305,0.625,0.625
1,8,256,0.19071316719055176,0.9375,0.14883685111999512,0.2278733253479004,0.625,0.625
1,8,257,0.4118160605430603,0.859375,0.11551213264465332,0.19611334800720215,0.625,0.625
1,8,258,0.44938451051712036,0.859375,0.1390821933746338,0.217881441116333,0.625,0.625
1,8,259,0.19714999198913574,0.921875,0.10619163513183594,0.18467307090759277,0.625,0.625
1,9,0,0.13960447907447815,0.953125,0.08404779434204102,0.17744040489196777,0.625,0.625
1,9,1,0.17087432742118835,0.921875,0.10455870628356934,0.18541359901428223,0.625,0.625
1,9,2,0.19582056999206543,0.9375,0.10576915740966797,0.1864607334136963,0.625,0.625
1,9,3,0.24148836731910706,0.921875,0.13009142875671387,0.21740484237670898,0.625,0.625
1,9,4,0.29595041275024414,0.921875,0.12404322624206543,0.21454954147338867,0.625,0.625
1,9,5,0.19022569060325623,0.921875,0.1284041404724121,0.21005630493164062,0.625,0.625
1,9,6,0.09174048900604248,0.96875,0.12259936332702637,0.20190644264221191,0.625,0.625
1,9,7,0.19780978560447693,0.921875,0.13004159927368164,0.20827293395996094,0.625,0.625
1,9,8,0.2502926290035248,0.953125,0.13289499282836914,0.21478819847106934,0.625,0.625
1,9,9,0.2565769553184509,0.890625,0.10353612899780273,0.18270277976989746,0.625,0.625
1,9,10,0.20469921827316284,0.9375,0.13406157493591309,0.2148897647857666,0.625,0.625
1,9,11,0.25061362981796265,0.890625,0.1109926700592041,0.19327807426452637,0.625,0.625
1,9,12,0.3002117872238159,0.90625,0.1340939998626709,0.21882152557373047,0.625,0.625
1,9,13,0.2231299877166748,0.921875,0.11600780487060547,0.19697904586791992,0.625,0.625
1,9,14,0.2284085750579834,0.921875,0.13222217559814453,0.21007561683654785,0.625,0.625
1,9,15,0.1638995110988617,0.953125,0.10862374305725098,0.1856389045715332,0.625,0.625
1,9,16,0.12358961999416351,0.953125,0.1370394229888916,0.21703767776489258,0.625,0.625
1,9,17,0.10392199456691742,1.0,0.1083681583404541,0.18648600578308105,0.625,0.625
1,9,18,0.2324897050857544,0.921875,0.12823772430419922,0.20872759819030762,0.625,0.625
1,9,19,0.148505300283432,0.96875,0.1022634506225586,0.19506573677062988,0.625,0.625
1,9,20,0.2098255157470703,0.90625,0.12841796875,0.20668745040893555,0.625,0.625
1,9,21,0.21768377721309662,0.921875,0.10241532325744629,0.18157410621643066,0.625,0.625
1,9,22,0.17546239495277405,0.921875,0.13264751434326172,0.21491670608520508,0.625,0.625
1,9,23,0.1591678261756897,0.953125,0.09892559051513672,0.18382000923156738,0.625,0.625
1,9,24,0.21830302476882935,0.9375,0.13885760307312012,0.21904635429382324,0.625,0.625
1,9,25,0.2147158682346344,0.890625,0.10407900810241699,0.19341158866882324,0.625,0.625
1,9,26,0.1325518637895584,0.953125,0.12712883949279785,0.21221280097961426,0.625,0.625
1,9,27,0.20112231373786926,0.921875,0.11641693115234375,0.19571280479431152,0.625,0.625
1,9,28,0.12878639996051788,0.96875,0.13168811798095703,0.21711492538452148,0.625,0.625
1,9,29,0.13048166036605835,0.984375,0.0988922119140625,0.20053863525390625,0.625,0.625
1,9,30,0.1593114584684372,0.953125,0.1362934112548828,0.21690726280212402,0.625,0.625
1,9,31,0.2065056413412094,0.921875,0.11173748970031738,0.1965196132659912,0.625,0.625
1,9,32,0.20124882459640503,0.96875,0.12692952156066895,0.2065441608428955,0.625,0.625
1,9,33,0.211031973361969,0.9375,0.14272642135620117,0.22092795372009277,0.625,0.625
1,9,34,0.2988068461418152,0.890625,0.10489726066589355,0.18749713897705078,0.625,0.625
1,9,35,0.13841375708580017,0.96875,0.12983202934265137,0.20697832107543945,0.625,0.625
1,9,36,0.13880248367786407,0.953125,0.11063885688781738,0.19215917587280273,0.625,0.625
1,9,37,0.17152345180511475,0.9375,0.1421833038330078,0.22278642654418945,0.625,0.625
1,9,38,0.1523088663816452,0.9375,0.11858415603637695,0.2068004608154297,0.625,0.625
1,9,39,0.20169256627559662,0.90625,0.13291501998901367,0.21686816215515137,0.625,0.625
1,9,40,0.18732106685638428,0.9375,0.13729000091552734,0.22469615936279297,0.625,0.625
1,9,41,0.27788805961608887,0.875,0.13461565971374512,0.21460771560668945,0.625,0.625
1,9,42,0.18372522294521332,0.953125,0.10494589805603027,0.18294239044189453,0.625,0.625
1,9,43,0.1459512710571289,0.953125,0.1425027847290039,0.22543597221374512,0.625,0.625
1,9,44,0.19369225203990936,0.921875,0.10373044013977051,0.18675541877746582,0.625,0.625
1,9,45,0.3950607180595398,0.90625,0.13721370697021484,0.21514892578125,0.625,0.625
1,9,46,0.13248448073863983,0.953125,0.1104423999786377,0.19197463989257812,0.625,0.625
1,9,47,0.26948273181915283,0.890625,0.13194060325622559,0.21198320388793945,0.625,0.625
1,9,48,0.17467370629310608,0.953125,0.09718465805053711,0.1880817413330078,0.625,0.625
1,9,49,0.28364160656929016,0.90625,0.13084721565246582,0.21608686447143555,0.625,0.625
1,9,50,0.12010766565799713,0.984375,0.10294175148010254,0.18511366844177246,0.625,0.625
1,9,51,0.14573059976100922,0.953125,0.13546347618103027,0.21690678596496582,0.625,0.625
1,9,52,0.2228897362947464,0.921875,0.10555791854858398,0.18362998962402344,0.625,0.625
1,9,53,0.16140702366828918,0.9375,0.14257502555847168,0.223494291305542,0.625,0.625
1,9,54,0.23321367800235748,0.90625,0.10555529594421387,0.18615341186523438,0.625,0.625
1,9,55,0.13001248240470886,0.96875,0.13377618789672852,0.21229290962219238,0.625,0.625
1,9,56,0.13742893934249878,0.96875,0.11620020866394043,0.19659662246704102,0.625,0.625
1,9,57,0.3416832685470581,0.875,0.13807415962219238,0.2153480052947998,0.625,0.625
1,9,58,0.12930691242218018,0.953125,0.11059689521789551,0.19430851936340332,0.625,0.625
1,9,59,0.2695178985595703,0.90625,0.13332128524780273,0.21079730987548828,0.625,0.625
1,9,60,0.3013049066066742,0.9375,0.10089731216430664,0.18715596199035645,0.625,0.625
1,9,61,0.13805457949638367,0.9375,0.12805390357971191,0.2081918716430664,0.625,0.625
1,9,62,0.1270582377910614,0.96875,0.10454845428466797,0.1861271858215332,0.625,0.625
1,9,63,0.20753149688243866,0.921875,0.132598876953125,0.2108914852142334,0.625,0.625
1,9,64,0.2763840854167938,0.90625,0.10509395599365234,0.1831352710723877,0.625,0.625
1,9,65,0.15473252534866333,0.9375,0.13327479362487793,0.21380996704101562,0.625,0.625
1,9,66,0.20842251181602478,0.9375,0.10380029678344727,0.18981266021728516,0.625,0.625
1,9,67,0.21318991482257843,0.921875,0.12712907791137695,0.21496224403381348,0.625,0.625
1,9,68,0.09634348005056381,0.984375,0.09736013412475586,0.18649530410766602,0.625,0.625
1,9,69,0.13509199023246765,0.96875,0.13791346549987793,0.21936440467834473,0.625,0.625
1,9,70,0.20039381086826324,0.921875,0.10919761657714844,0.19017601013183594,0.625,0.625
1,9,71,0.32817545533180237,0.890625,0.12774109840393066,0.20693206787109375,0.625,0.625
1,9,72,0.18407122790813446,0.921875,0.10444426536560059,0.18871068954467773,0.625,0.625
1,9,73,0.3429785370826721,0.875,0.1265244483947754,0.20285534858703613,0.625,0.625
1,9,74,0.2103002518415451,0.90625,0.11505484580993652,0.19658470153808594,0.625,0.625
1,9,75,0.3183894455432892,0.875,0.13581418991088867,0.2152843475341797,0.625,0.625
1,9,76,0.17096424102783203,0.921875,0.11479473114013672,0.1927952766418457,0.625,0.625
1,9,77,0.2079041451215744,0.921875,0.14258408546447754,0.22627592086791992,0.625,0.625
1,9,78,0.12572945654392242,0.953125,0.11574769020080566,0.2057030200958252,0.625,0.625
1,9,79,0.08930280804634094,0.96875,0.1222841739654541,0.20328307151794434,0.625,0.625
1,9,80,0.27658843994140625,0.90625,0.10595393180847168,0.19667887687683105,0.625,0.625
1,9,81,0.18243996798992157,0.9375,0.16198992729187012,0.25170302391052246,0.625,0.625
1,9,82,0.09038198739290237,0.96875,0.09119534492492676,0.1822187900543213,0.625,0.625
1,9,83,0.13932719826698303,0.953125,0.12969183921813965,0.21116113662719727,0.625,0.625
1,9,84,0.12375947833061218,0.953125,0.11481070518493652,0.1909184455871582,0.625,0.625
1,9,85,0.28818249702453613,0.890625,0.1273183822631836,0.21282625198364258,0.625,0.625
1,9,86,0.2378116399049759,0.90625,0.10500025749206543,0.18611860275268555,0.625,0.625
1,9,87,0.1744050681591034,0.953125,0.1350090503692627,0.21473193168640137,0.625,0.625
1,9,88,0.2060471922159195,0.90625,0.10933351516723633,0.18994498252868652,0.625,0.625
1,9,89,0.3250286877155304,0.890625,0.14290761947631836,0.22194385528564453,0.625,0.625
1,9,90,0.2186678946018219,0.921875,0.10435032844543457,0.18332290649414062,0.625,0.625
1,9,91,0.3308606445789337,0.890625,0.12891817092895508,0.20749735832214355,0.625,0.625
1,9,92,0.20735514163970947,0.921875,0.10576701164245605,0.18430805206298828,0.625,0.625
1,9,93,0.2139872908592224,0.921875,0.14434194564819336,0.22538328170776367,0.625,0.625
1,9,94,0.16168341040611267,0.9375,0.10675811767578125,0.18625569343566895,0.625,0.625
1,9,95,0.181501105427742,0.9375,0.13224291801452637,0.2167961597442627,0.625,0.625
1,9,96,0.28310030698776245,0.890625,0.11363911628723145,0.19520831108093262,0.625,0.625
1,9,97,0.06738388538360596,1.0,0.14132070541381836,0.2213451862335205,0.625,0.625
1,9,98,0.17048679292201996,0.9375,0.09321117401123047,0.18026399612426758,0.625,0.625
1,9,99,0.20466403663158417,0.90625,0.14785051345825195,0.2305278778076172,0.625,0.625
1,9,100,0.14174199104309082,0.9375,0.10544896125793457,0.18655991554260254,0.625,0.625
1,9,101,0.19835728406906128,0.921875,0.12893176078796387,0.21167731285095215,0.625,0.625
1,9,102,0.10998328030109406,0.953125,0.10416674613952637,0.18329763412475586,0.625,0.625
1,9,103,0.1260387897491455,0.953125,0.1333615779876709,0.21581172943115234,0.625,0.625
1,9,104,0.15084892511367798,0.953125,0.14786314964294434,0.223616361618042,0.625,0.625
1,9,105,0.20467139780521393,0.9375,0.10235285758972168,0.18022751808166504,0.625,0.625
1,9,106,0.2477158159017563,0.921875,0.13042259216308594,0.20914077758789062,0.625,0.625
1,9,107,0.3557465970516205,0.84375,0.11253523826599121,0.19004583358764648,0.625,0.625
1,9,108,0.22376790642738342,0.921875,0.13940906524658203,0.21663546562194824,0.625,0.625
1,9,109,0.21034741401672363,0.921875,0.10756564140319824,0.192413330078125,0.625,0.625
1,9,110,0.24124692380428314,0.953125,0.1261751651763916,0.21086525917053223,0.625,0.625
1,9,111,0.23469606041908264,0.953125,0.09787511825561523,0.1832563877105713,0.625,0.625
1,9,112,0.3367346227169037,0.90625,0.14415931701660156,0.2291567325592041,0.625,0.625
1,9,113,0.3039722442626953,0.859375,0.10370302200317383,0.18326735496520996,0.625,0.625
1,9,114,0.2996033728122711,0.90625,0.13153839111328125,0.20904016494750977,0.625,0.625
1,9,115,0.2480640709400177,0.921875,0.10191082954406738,0.1860976219177246,0.625,0.625
1,9,116,0.15696798264980316,0.953125,0.1479334831237793,0.2275681495666504,0.625,0.625
1,9,117,0.15549921989440918,0.921875,0.11540079116821289,0.20014190673828125,0.625,0.625
1,9,118,0.2323375642299652,0.921875,0.15225982666015625,0.23766732215881348,0.625,0.625
1,9,119,0.17692232131958008,0.9375,0.11038041114807129,0.19234824180603027,0.625,0.625
1,9,120,0.2819601595401764,0.890625,0.1405036449432373,0.22039508819580078,0.625,0.625
1,9,121,0.24375274777412415,0.90625,0.11644172668457031,0.19583368301391602,0.625,0.625
1,9,122,0.2504969835281372,0.9375,0.1310889720916748,0.21118497848510742,0.625,0.625
1,9,123,0.08637484908103943,0.984375,0.12033820152282715,0.21271800994873047,0.625,0.625
1,9,124,0.2217741757631302,0.921875,0.12206697463989258,0.20972609519958496,0.625,0.625
1,9,125,0.34789249300956726,0.90625,0.10258269309997559,0.1840839385986328,0.625,0.625
1,9,126,0.31908857822418213,0.921875,0.12369108200073242,0.20580363273620605,0.625,0.625
1,9,127,0.27828627824783325,0.90625,0.1259765625,0.20590996742248535,0.625,0.625
1,9,128,0.10470801591873169,0.984375,0.12565088272094727,0.20575594902038574,0.625,0.625
1,9,129,0.17197519540786743,0.9375,0.10330677032470703,0.19022679328918457,0.625,0.625
1,9,130,0.25151681900024414,0.921875,0.14053082466125488,0.22788739204406738,0.625,0.625
1,9,131,0.172642320394516,0.921875,0.1162106990814209,0.20442748069763184,0.625,0.625
1,9,132,0.30471497774124146,0.890625,0.13819622993469238,0.21914100646972656,0.625,0.625
1,9,133,0.2025737464427948,0.921875,0.10887312889099121,0.18920016288757324,0.625,0.625
1,9,134,0.23316690325737,0.921875,0.13863468170166016,0.21523404121398926,0.625,0.625
1,9,135,0.345551073551178,0.828125,0.10145163536071777,0.1876218318939209,0.625,0.625
1,9,136,0.14565885066986084,0.921875,0.12904691696166992,0.20917248725891113,0.625,0.625
1,9,137,0.24402286112308502,0.90625,0.10706925392150879,0.19111919403076172,0.625,0.625
1,9,138,0.2142646312713623,0.90625,0.14612317085266113,0.22722601890563965,0.625,0.625
1,9,139,0.13332350552082062,0.96875,0.09597015380859375,0.18793249130249023,0.625,0.625
1,9,140,0.2676202654838562,0.890625,0.13342714309692383,0.21494126319885254,0.625,0.625
1,9,141,0.2195143848657608,0.90625,0.10732245445251465,0.1887826919555664,0.625,0.625
1,9,142,0.36987969279289246,0.890625,0.14930033683776855,0.2260282039642334,0.625,0.625
1,9,143,0.2542135715484619,0.890625,0.10710430145263672,0.18737506866455078,0.625,0.625
1,9,144,0.20684729516506195,0.921875,0.13634252548217773,0.2212507724761963,0.625,0.625
1,9,145,0.18052977323532104,0.890625,0.12499022483825684,0.20431065559387207,0.625,0.625
1,9,146,0.33254474401474,0.875,0.1065824031829834,0.18860459327697754,0.625,0.625
1,9,147,0.24134743213653564,0.875,0.15543055534362793,0.23912525177001953,0.625,0.625
1,9,148,0.22390691936016083,0.90625,0.11643528938293457,0.1994800567626953,0.625,0.625
1,9,149,0.21385979652404785,0.9375,0.14850401878356934,0.22568368911743164,0.625,0.625
1,9,150,0.2908403277397156,0.890625,0.1157996654510498,0.20558953285217285,0.625,0.625
1,9,151,0.14397266507148743,0.921875,0.13336563110351562,0.21471571922302246,0.625,0.625
1,9,152,0.2632901668548584,0.890625,0.11629319190979004,0.19390082359313965,0.625,0.625
1,9,153,0.15548086166381836,0.9375,0.13342618942260742,0.21796894073486328,0.625,0.625
1,9,154,0.3755829930305481,0.859375,0.10260391235351562,0.18839788436889648,0.625,0.625
1,9,155,0.20746956765651703,0.921875,0.12830328941345215,0.2070169448852539,0.625,0.625
1,9,156,0.14760422706604004,0.96875,0.09571480751037598,0.18388748168945312,0.625,0.625
1,9,157,0.22835251688957214,0.953125,0.13588881492614746,0.21265101432800293,0.625,0.625
1,9,158,0.13950055837631226,0.9375,0.10236191749572754,0.18485569953918457,0.625,0.625
1,9,159,0.370417058467865,0.828125,0.12572574615478516,0.2096400260925293,0.625,0.625
1,9,160,0.24410976469516754,0.90625,0.10735940933227539,0.18464040756225586,0.625,0.625
1,9,161,0.24420499801635742,0.921875,0.13444733619689941,0.21960878372192383,0.625,0.625
1,9,162,0.27977460622787476,0.875,0.11294960975646973,0.1995694637298584,0.625,0.625
1,9,163,0.291347861289978,0.875,0.12862586975097656,0.20618629455566406,0.625,0.625
1,9,164,0.15228182077407837,0.953125,0.10514473915100098,0.19397878646850586,0.625,0.625
1,9,165,0.1603344976902008,0.96875,0.12083077430725098,0.20565414428710938,0.625,0.625
1,9,166,0.15450350940227509,0.9375,0.10631299018859863,0.18841004371643066,0.625,0.625
1,9,167,0.17868657410144806,0.9375,0.1287848949432373,0.20471477508544922,0.625,0.625
1,9,168,0.20377345383167267,0.90625,0.10724210739135742,0.19446229934692383,0.625,0.625
1,9,169,0.27051833271980286,0.875,0.14194869995117188,0.22306323051452637,0.625,0.625
1,9,170,0.3156554698944092,0.90625,0.10635137557983398,0.18648695945739746,0.625,0.625
1,9,171,0.35391688346862793,0.90625,0.12856674194335938,0.21028447151184082,0.625,0.625
1,9,172,0.43307894468307495,0.84375,0.11365866661071777,0.19601225852966309,0.625,0.625
1,9,173,0.2445191740989685,0.890625,0.1301102638244629,0.2113940715789795,0.625,0.625
1,9,174,0.29737353324890137,0.890625,0.10711956024169922,0.1865830421447754,0.625,0.625
1,9,175,0.21954244375228882,0.921875,0.1529388427734375,0.23049592971801758,0.625,0.625
1,9,176,0.184602752327919,0.90625,0.1089017391204834,0.19339227676391602,0.625,0.625
1,9,177,0.24983690679073334,0.890625,0.13476181030273438,0.21666884422302246,0.625,0.625
1,9,178,0.2984020709991455,0.875,0.10794973373413086,0.18799304962158203,0.625,0.625
1,9,179,0.34214159846305847,0.859375,0.13474416732788086,0.21659564971923828,0.625,0.625
1,9,180,0.27428993582725525,0.875,0.11103200912475586,0.19715547561645508,0.625,0.625
1,9,181,0.3080533444881439,0.90625,0.12616658210754395,0.20838117599487305,0.625,0.625
1,9,182,0.15463846921920776,0.96875,0.10345649719238281,0.19388103485107422,0.625,0.625
1,9,183,0.1387956291437149,0.953125,0.1290891170501709,0.20902466773986816,0.625,0.625
1,9,184,0.1905599683523178,0.921875,0.11003303527832031,0.186784029006958,0.625,0.625
1,9,185,0.24384456872940063,0.90625,0.13032269477844238,0.2075672149658203,0.625,0.625
1,9,186,0.2202848345041275,0.90625,0.1112663745880127,0.19259858131408691,0.625,0.625
1,9,187,0.3206350803375244,0.875,0.1286931037902832,0.21024179458618164,0.625,0.625
1,9,188,0.1758684515953064,0.9375,0.08857035636901855,0.17851805686950684,0.625,0.625
1,9,189,0.3011328876018524,0.875,0.1352405548095703,0.2162158489227295,0.625,0.625
1,9,190,0.2615198493003845,0.921875,0.11466550827026367,0.19800162315368652,0.625,0.625
1,9,191,0.14522582292556763,0.96875,0.13459491729736328,0.2151167392730713,0.625,0.625
1,9,192,0.20570950210094452,0.9375,0.10747694969177246,0.18739843368530273,0.625,0.625
1,9,193,0.27862197160720825,0.90625,0.1304919719696045,0.21341896057128906,0.625,0.625
1,9,194,0.4058268666267395,0.84375,0.12463951110839844,0.2103102207183838,0.625,0.625
1,9,195,0.20927764475345612,0.890625,0.12126564979553223,0.19974470138549805,0.625,0.625
1,9,196,0.23033581674098969,0.890625,0.11580181121826172,0.19320225715637207,0.625,0.625
1,9,197,0.2869780659675598,0.90625,0.14364838600158691,0.22498631477355957,0.625,0.625
1,9,198,0.1530919075012207,0.9375,0.0968787670135498,0.1827678680419922,0.625,0.625
1,9,199,0.34841641783714294,0.84375,0.13330912590026855,0.21219086647033691,0.625,0.625
1,9,200,0.1630937159061432,0.953125,0.10384321212768555,0.1804828643798828,0.625,0.625
1,9,201,0.1914496123790741,0.921875,0.12980961799621582,0.20920991897583008,0.625,0.625
1,9,202,0.2308228611946106,0.921875,0.1029198169708252,0.19434261322021484,0.625,0.625
1,9,203,0.21026331186294556,0.9375,0.12524986267089844,0.20343637466430664,0.625,0.625
1,9,204,0.2821885645389557,0.890625,0.10555171966552734,0.18284964561462402,0.625,0.625
1,9,205,0.20939786732196808,0.921875,0.12989473342895508,0.20859026908874512,0.625,0.625
1,9,206,0.39257052540779114,0.875,0.1085665225982666,0.18828821182250977,0.625,0.625
1,9,207,0.1706928014755249,0.953125,0.12576699256896973,0.2103133201599121,0.625,0.625
1,9,208,0.14846937358379364,0.953125,0.10900139808654785,0.1894237995147705,0.625,0.625
1,9,209,0.39897647500038147,0.890625,0.13834142684936523,0.21631717681884766,0.625,0.625
1,9,210,0.26691094040870667,0.953125,0.10842776298522949,0.1876668930053711,0.625,0.625
1,9,211,0.1965312957763672,0.921875,0.14018511772155762,0.21876049041748047,0.625,0.625
1,9,212,0.3000810742378235,0.90625,0.10346770286560059,0.18274402618408203,0.625,0.625
1,9,213,0.16197961568832397,0.953125,0.12363791465759277,0.20352911949157715,0.625,0.625
1,9,214,0.45790916681289673,0.828125,0.10330724716186523,0.18160080909729004,0.625,0.625
1,9,215,0.2085312455892563,0.921875,0.13532471656799316,0.21290898323059082,0.625,0.625
1,9,216,0.15267348289489746,0.9375,0.11127829551696777,0.18732929229736328,0.625,0.625
1,9,217,0.3113154470920563,0.875,0.1529068946838379,0.23048019409179688,0.625,0.625
1,9,218,0.4317643642425537,0.828125,0.10820794105529785,0.19263410568237305,0.625,0.625
1,9,219,0.21095775067806244,0.90625,0.13102006912231445,0.21211004257202148,0.625,0.625
1,9,220,0.1861787587404251,0.953125,0.10619068145751953,0.18437814712524414,0.625,0.625
1,9,221,0.3761637806892395,0.890625,0.1234281063079834,0.20891141891479492,0.625,0.625
1,9,222,0.171988382935524,0.921875,0.10282111167907715,0.18685412406921387,0.625,0.625
1,9,223,0.39276430010795593,0.828125,0.13440418243408203,0.21394991874694824,0.625,0.625
1,9,224,0.2696206271648407,0.890625,0.11716032028198242,0.20581698417663574,0.625,0.625
1,9,225,0.30708977580070496,0.921875,0.13182616233825684,0.21181893348693848,0.625,0.625
1,9,226,0.22903621196746826,0.875,0.1153421401977539,0.20217370986938477,0.625,0.625
1,9,227,0.37589749693870544,0.875,0.12934160232543945,0.2068941593170166,0.625,0.625
1,9,228,0.18084636330604553,0.9375,0.10559248924255371,0.18755173683166504,0.625,0.625
1,9,229,0.3963211178779602,0.859375,0.13698554039001465,0.21682262420654297,0.625,0.625
1,9,230,0.3269652724266052,0.890625,0.11008453369140625,0.18702363967895508,0.625,0.625
1,9,231,0.360287070274353,0.84375,0.1412346363067627,0.2223970890045166,0.625,0.625
1,9,232,0.24914400279521942,0.921875,0.1169290542602539,0.20333027839660645,0.625,0.625
1,9,233,0.358588844537735,0.84375,0.13695693016052246,0.21607208251953125,0.625,0.625
1,9,234,0.4733477830886841,0.859375,0.1036977767944336,0.18227243423461914,0.625,0.625
1,9,235,0.32923275232315063,0.890625,0.12843561172485352,0.2157304286956787,0.625,0.625
1,9,236,0.2998744547367096,0.890625,0.10480427742004395,0.1870126724243164,0.625,0.625
1,9,237,0.20097659528255463,0.953125,0.15126442909240723,0.2290034294128418,0.625,0.625
1,9,238,0.09227589517831802,0.96875,0.10735058784484863,0.18526721000671387,0.625,0.625
1,9,239,0.2860097885131836,0.875,0.1465590000152588,0.22403502464294434,0.625,0.625
1,9,240,0.41509050130844116,0.875,0.10368895530700684,0.18289518356323242,0.625,0.625
1,9,241,0.220108300447464,0.9375,0.1267404556274414,0.21454954147338867,0.625,0.625
1,9,242,0.359220027923584,0.90625,0.11178469657897949,0.19512581825256348,0.625,0.625
1,9,243,0.24685752391815186,0.90625,0.14525198936462402,0.22451996803283691,0.625,0.625
1,9,244,0.28016793727874756,0.875,0.1118612289428711,0.18924474716186523,0.625,0.625
1,9,245,0.39532724022865295,0.875,0.12602877616882324,0.20993423461914062,0.625,0.625
1,9,246,0.38471516966819763,0.875,0.1280345916748047,0.20814228057861328,0.625,0.625
1,9,247,0.37026655673980713,0.859375,0.1437973976135254,0.22318506240844727,0.625,0.625
1,9,248,0.36254286766052246,0.828125,0.11519312858581543,0.19777727127075195,0.625,0.625
1,9,249,0.1566450446844101,0.9375,0.1366713047027588,0.21398520469665527,0.625,0.625
1,9,250,0.36134642362594604,0.859375,0.10006403923034668,0.18975615501403809,0.625,0.625
1,9,251,0.3109934329986572,0.875,0.14284539222717285,0.2254638671875,0.625,0.625
1,9,252,0.3894588351249695,0.859375,0.10004830360412598,0.19091081619262695,0.625,0.625
1,9,253,0.48552095890045166,0.828125,0.13077521324157715,0.21454334259033203,0.625,0.625
1,9,254,0.418161541223526,0.828125,0.10334205627441406,0.1837620735168457,0.625,0.625
1,9,255,0.2754668593406677,0.90625,0.15200543403625488,0.23445963859558105,0.625,0.625
1,9,256,0.2926822304725647,0.90625,0.1088714599609375,0.1895430088043213,0.625,0.625
1,9,257,0.33983704447746277,0.859375,0.13468050956726074,0.2154242992401123,0.625,0.625
1,9,258,0.35871395468711853,0.90625,0.0955960750579834,0.18600130081176758,0.625,0.625
1,9,259,0.2914547622203827,0.9375,0.14324307441711426,0.2218630313873291,0.625,0.625
