client_id,epoch,batch,loss,acc,latencia,tempo_batch,bytes_tx,bytes_rx
2,0,0,3.2798101902008057,0.046875,0.44830822944641113,0.8539130687713623,0.625,0.625
2,0,1,2.4586386680603027,0.109375,0.13852548599243164,0.23116660118103027,0.625,0.625
2,0,2,2.4088242053985596,0.15625,0.18592596054077148,0.28185391426086426,0.625,0.625
2,0,3,2.4614710807800293,0.15625,0.1316056251525879,0.24041080474853516,0.625,0.625
2,0,4,2.2264246940612793,0.25,0.16579842567443848,0.25843310356140137,0.625,0.625
2,0,5,2.2826554775238037,0.171875,0.1474008560180664,0.23708105087280273,0.625,0.625
2,0,6,2.267482280731201,0.140625,0.12917661666870117,0.2390613555908203,0.625,0.625
2,0,7,1.8994604349136353,0.3125,0.16100192070007324,0.2485816478729248,0.625,0.625
2,0,8,2.126661539077759,0.203125,0.11628532409667969,0.21459078788757324,0.625,0.625
2,0,9,2.0539209842681885,0.171875,0.179337739944458,0.2737843990325928,0.625,0.625
2,0,10,1.9645984172821045,0.265625,0.1302812099456787,0.22419357299804688,0.625,0.625
2,0,11,1.9588017463684082,0.296875,0.1526806354522705,0.23394465446472168,0.625,0.625
2,0,12,1.808719277381897,0.375,0.11669731140136719,0.20018506050109863,0.625,0.625
2,0,13,1.8623515367507935,0.34375,0.17830920219421387,0.2655508518218994,0.625,0.625
2,0,14,1.6618950366973877,0.3125,0.12016534805297852,0.19934511184692383,0.625,0.625
2,0,15,1.7024602890014648,0.375,0.15384507179260254,0.23121333122253418,0.625,0.625
2,0,16,2.0140552520751953,0.28125,0.11793184280395508,0.20078682899475098,0.625,0.625
2,0,17,1.8192265033721924,0.328125,0.13608527183532715,0.2261955738067627,0.625,0.625
2,0,18,1.8758488893508911,0.3125,0.11351275444030762,0.20329666137695312,0.625,0.625
2,0,19,1.6931700706481934,0.375,0.1449134349822998,0.22324609756469727,0.625,0.625
2,0,20,1.9408458471298218,0.390625,0.11159896850585938,0.19515728950500488,0.625,0.625
2,0,21,1.587805986404419,0.3125,0.12616229057312012,0.21332383155822754,0.625,0.625
2,0,22,1.7850987911224365,0.3125,0.1266641616821289,0.2146902084350586,0.625,0.625
2,0,23,1.935065746307373,0.3125,0.15293240547180176,0.2509899139404297,0.625,0.625
2,0,24,1.7762775421142578,0.359375,0.12672901153564453,0.22812128067016602,0.625,0.625
2,0,25,2.0229387283325195,0.234375,0.15229058265686035,0.23864340782165527,0.625,0.625
2,0,26,1.9249885082244873,0.3125,0.10350489616394043,0.19293498992919922,0.625,0.625
2,0,27,1.5845258235931396,0.34375,0.15858840942382812,0.2439432144165039,0.625,0.625
2,0,28,1.5867949724197388,0.390625,0.1256253719329834,0.21480679512023926,0.625,0.625
2,0,29,1.7106938362121582,0.421875,0.15467023849487305,0.23990631103515625,0.625,0.625
2,0,30,1.7357923984527588,0.375,0.11449360847473145,0.20253419876098633,0.625,0.625
2,0,31,1.6486730575561523,0.265625,0.178802490234375,0.2851557731628418,0.625,0.625
2,0,32,1.6302707195281982,0.390625,0.12693500518798828,0.23395228385925293,0.625,0.625
2,0,33,1.6178014278411865,0.390625,0.13970947265625,0.23323917388916016,0.625,0.625
2,0,34,1.5719952583312988,0.390625,0.12613534927368164,0.21404099464416504,0.625,0.625
2,0,35,1.8119275569915771,0.421875,0.13733124732971191,0.22156977653503418,0.625,0.625
2,0,36,1.6159820556640625,0.390625,0.11808657646179199,0.20015835762023926,0.625,0.625
2,0,37,1.5684609413146973,0.359375,0.15231561660766602,0.2508113384246826,0.625,0.625
2,0,38,1.517103672027588,0.4375,0.12956595420837402,0.23674416542053223,0.625,0.625
2,0,39,1.8469939231872559,0.421875,0.13508200645446777,0.22096467018127441,0.625,0.625
2,0,40,1.3906645774841309,0.484375,0.11025881767272949,0.19731831550598145,0.625,0.625
2,0,41,1.5858664512634277,0.390625,0.1502375602722168,0.23389291763305664,0.625,0.625
2,0,42,1.5066204071044922,0.40625,0.10568356513977051,0.18703651428222656,0.625,0.625
2,0,43,1.5210654735565186,0.453125,0.15436744689941406,0.24062585830688477,0.625,0.625
2,0,44,1.6168951988220215,0.390625,0.1237325668334961,0.2130892276763916,0.625,0.625
2,0,45,1.7155020236968994,0.390625,0.1547532081604004,0.24837684631347656,0.625,0.625
2,0,46,1.6115922927856445,0.421875,0.13646316528320312,0.238051176071167,0.625,0.625
2,0,47,1.7863497734069824,0.359375,0.15031838417053223,0.24483370780944824,0.625,0.625
2,0,48,1.6954410076141357,0.390625,0.12004756927490234,0.2290942668914795,0.625,0.625
2,0,49,1.656414270401001,0.390625,0.12987470626831055,0.21229124069213867,0.625,0.625
2,0,50,1.7498372793197632,0.375,0.12311244010925293,0.21087145805358887,0.625,0.625
2,0,51,1.7321546077728271,0.328125,0.15531229972839355,0.24332427978515625,0.625,0.625
2,0,52,1.607552409172058,0.484375,0.12161445617675781,0.21518754959106445,0.625,0.625
2,0,53,1.4768738746643066,0.453125,0.2114877700805664,0.32956600189208984,0.625,0.625
2,0,54,1.5126879215240479,0.46875,0.17138314247131348,0.2930576801300049,0.625,0.625
2,0,55,1.6636433601379395,0.390625,0.20857620239257812,0.33022522926330566,0.625,0.625
2,0,56,1.4225643873214722,0.421875,0.16031503677368164,0.2739982604980469,0.625,0.625
2,0,57,1.4733922481536865,0.375,0.18863654136657715,0.28964900970458984,0.625,0.625
2,0,58,1.2223670482635498,0.5625,0.14231443405151367,0.23253631591796875,0.625,0.625
2,0,59,1.4714723825454712,0.484375,0.13963842391967773,0.21837186813354492,0.625,0.625
2,0,60,1.4370441436767578,0.515625,0.1495227813720703,0.25443220138549805,0.625,0.625
2,0,61,1.7067632675170898,0.453125,0.2023775577545166,0.32784128189086914,0.625,0.625
2,0,62,1.567777395248413,0.421875,0.15439796447753906,0.27179431915283203,0.625,0.625
2,0,63,1.5363779067993164,0.421875,0.11419510841369629,0.19555425643920898,0.625,0.625
2,0,64,1.7596205472946167,0.421875,0.1363365650177002,0.2294907569885254,0.625,0.625
2,0,65,1.670667290687561,0.421875,0.10787701606750488,0.19514942169189453,0.625,0.625
2,0,66,1.3902032375335693,0.484375,0.17437982559204102,0.2690911293029785,0.625,0.625
2,0,67,1.5194860696792603,0.421875,0.11201119422912598,0.1981947422027588,0.625,0.625
2,0,68,1.4184472560882568,0.5,0.15992498397827148,0.24451208114624023,0.625,0.625
2,0,69,1.3317091464996338,0.5,0.1310417652130127,0.23043012619018555,0.625,0.625
2,0,70,1.627271056175232,0.40625,0.17120599746704102,0.2567474842071533,0.625,0.625
2,0,71,1.6157832145690918,0.453125,0.11364936828613281,0.19996404647827148,0.625,0.625
2,0,72,1.276244044303894,0.59375,0.12366390228271484,0.2077960968017578,0.625,0.625
2,0,73,1.6271436214447021,0.421875,0.11248445510864258,0.19247055053710938,0.625,0.625
2,0,74,1.733193039894104,0.4375,0.15705060958862305,0.2401738166809082,0.625,0.625
2,0,75,1.5826455354690552,0.4375,0.12882137298583984,0.22088241577148438,0.625,0.625
2,0,76,1.65376615524292,0.5,0.1343834400177002,0.22320175170898438,0.625,0.625
2,0,77,1.6144323348999023,0.390625,0.13070034980773926,0.21782135963439941,0.625,0.625
2,0,78,1.313025951385498,0.53125,0.14035534858703613,0.2221367359161377,0.625,0.625
2,0,79,1.3264195919036865,0.53125,0.14678192138671875,0.2540109157562256,0.625,0.625
2,0,80,1.707169771194458,0.234375,0.14806056022644043,0.23389744758605957,0.625,0.625
2,0,81,1.4631390571594238,0.453125,0.11427998542785645,0.20477700233459473,0.625,0.625
2,0,82,1.3001788854599,0.515625,0.1743013858795166,0.26496362686157227,0.625,0.625
2,0,83,1.783424735069275,0.359375,0.12813854217529297,0.21406841278076172,0.625,0.625
2,0,84,1.4685847759246826,0.40625,0.1431431770324707,0.22771120071411133,0.625,0.625
2,0,85,1.335534930229187,0.515625,0.13756680488586426,0.23534512519836426,0.625,0.625
2,0,86,1.5436534881591797,0.4375,0.1739358901977539,0.27808165550231934,0.625,0.625
2,0,87,1.7396631240844727,0.421875,0.12432527542114258,0.21859288215637207,0.625,0.625
2,0,88,1.6173968315124512,0.453125,0.17893457412719727,0.2894399166107178,0.625,0.625
2,0,89,1.3555868864059448,0.59375,0.14836668968200684,0.2873654365539551,0.625,0.625
2,0,90,1.5042061805725098,0.40625,0.1416313648223877,0.24401259422302246,0.625,0.625
2,0,91,1.348973274230957,0.5,0.10933375358581543,0.19284486770629883,0.625,0.625
2,0,92,1.5993409156799316,0.453125,0.12760162353515625,0.22318243980407715,0.625,0.625
2,0,93,1.580371379852295,0.453125,0.1443643569946289,0.23514604568481445,0.625,0.625
2,0,94,1.3713710308074951,0.484375,0.14422106742858887,0.22542095184326172,0.625,0.625
2,0,95,1.4862934350967407,0.4375,0.11796188354492188,0.20165228843688965,0.625,0.625
2,0,96,1.545600175857544,0.46875,0.15160417556762695,0.23317861557006836,0.625,0.625
2,0,97,1.3346621990203857,0.5,0.10367226600646973,0.18241190910339355,0.625,0.625
2,0,98,1.2221379280090332,0.59375,0.13425922393798828,0.20894432067871094,0.625,0.625
2,0,99,1.6354531049728394,0.453125,0.10482621192932129,0.18157219886779785,0.625,0.625
2,0,100,1.4977445602416992,0.453125,0.13007879257202148,0.20992636680603027,0.625,0.625
2,0,101,1.379546046257019,0.484375,0.10289645195007324,0.1856701374053955,0.625,0.625
2,0,102,1.5827620029449463,0.390625,0.14361882209777832,0.22271299362182617,0.625,0.625
2,0,103,1.5179524421691895,0.390625,0.12779879570007324,0.20244836807250977,0.625,0.625
2,0,104,1.4443011283874512,0.515625,0.1458735466003418,0.23003339767456055,0.625,0.625
2,0,105,1.4677910804748535,0.46875,0.12154293060302734,0.2016589641571045,0.625,0.625
2,0,106,1.574195146560669,0.421875,0.1413109302520752,0.21781301498413086,0.625,0.625
2,0,107,1.7306501865386963,0.359375,0.11023902893066406,0.18728232383728027,0.625,0.625
2,0,108,1.2990800142288208,0.515625,0.1357274055480957,0.21547341346740723,0.625,0.625
2,0,109,1.377240538597107,0.46875,0.11160707473754883,0.19723010063171387,0.625,0.625
2,0,110,1.3478691577911377,0.53125,0.13226318359375,0.21735811233520508,0.625,0.625
2,0,111,1.3772878646850586,0.515625,0.10491585731506348,0.19640612602233887,0.625,0.625
2,0,112,1.484168529510498,0.515625,0.11979198455810547,0.19700074195861816,0.625,0.625
2,0,113,1.4773164987564087,0.453125,0.11615538597106934,0.1975400447845459,0.625,0.625
2,0,114,1.1914491653442383,0.5625,0.14093923568725586,0.21431899070739746,0.625,0.625
2,0,115,1.501392126083374,0.5,0.11011981964111328,0.1890108585357666,0.625,0.625
2,0,116,1.3728305101394653,0.4375,0.14262795448303223,0.21897315979003906,0.625,0.625
2,0,117,1.3201313018798828,0.515625,0.12494897842407227,0.20210862159729004,0.625,0.625
2,0,118,1.3991366624832153,0.453125,0.13782596588134766,0.21697735786437988,0.625,0.625
2,0,119,1.31765615940094,0.546875,0.11095166206359863,0.1955716609954834,0.625,0.625
2,0,120,1.6032676696777344,0.453125,0.12639236450195312,0.20699095726013184,0.625,0.625
2,0,121,1.2049078941345215,0.5625,0.11538481712341309,0.19469189643859863,0.625,0.625
2,0,122,1.4858577251434326,0.4375,0.13065028190612793,0.2098848819732666,0.625,0.625
2,0,123,1.1963412761688232,0.546875,0.10635638236999512,0.19325995445251465,0.625,0.625
2,0,124,1.345253825187683,0.53125,0.13941431045532227,0.22186017036437988,0.625,0.625
2,0,125,1.6852786540985107,0.390625,0.10652780532836914,0.2015683650970459,0.625,0.625
2,0,126,1.3921334743499756,0.546875,0.10708165168762207,0.18894720077514648,0.625,0.625
2,0,127,1.3766388893127441,0.546875,0.14311432838439941,0.23335742950439453,0.625,0.625
2,0,128,1.486232042312622,0.4375,0.11567831039428711,0.21361207962036133,0.625,0.625
2,0,129,1.1785666942596436,0.609375,0.14994430541992188,0.23541569709777832,0.625,0.625
2,0,130,1.2290606498718262,0.546875,0.12707209587097168,0.20545554161071777,0.625,0.625
2,0,131,1.4572125673294067,0.515625,0.13422870635986328,0.22037100791931152,0.625,0.625
2,0,132,1.3902170658111572,0.5,0.1020212173461914,0.19759368896484375,0.625,0.625
2,0,133,1.4366843700408936,0.515625,0.12097477912902832,0.2019491195678711,0.625,0.625
2,0,134,1.3241558074951172,0.5625,0.09966325759887695,0.18267154693603516,0.625,0.625
2,0,135,1.4248168468475342,0.421875,0.1318349838256836,0.2100822925567627,0.625,0.625
2,0,136,1.588693618774414,0.453125,0.11068058013916016,0.19556331634521484,0.625,0.625
2,0,137,1.6007373332977295,0.421875,0.13428711891174316,0.21178960800170898,0.625,0.625
2,0,138,1.254564642906189,0.46875,0.14110922813415527,0.22939753532409668,0.625,0.625
2,0,139,1.413777470588684,0.453125,0.11285686492919922,0.19316506385803223,0.625,0.625
2,0,140,1.153279423713684,0.5,0.10560107231140137,0.19025778770446777,0.625,0.625
2,0,141,1.426032543182373,0.46875,0.13207459449768066,0.2138509750366211,0.625,0.625
2,0,142,1.5113978385925293,0.453125,0.12105512619018555,0.19868683815002441,0.625,0.625
2,0,143,1.22818922996521,0.59375,0.15902090072631836,0.23892903327941895,0.625,0.625
2,0,144,1.1844820976257324,0.59375,0.1084587574005127,0.18473505973815918,0.625,0.625
2,0,145,1.2278521060943604,0.5625,0.12460756301879883,0.20554399490356445,0.625,0.625
2,0,146,1.0971614122390747,0.671875,0.10572147369384766,0.18552255630493164,0.625,0.625
2,0,147,1.3765168190002441,0.484375,0.13259077072143555,0.20877408981323242,0.625,0.625
2,0,148,1.3822405338287354,0.484375,0.11873221397399902,0.19550395011901855,0.625,0.625
2,0,149,1.4325183629989624,0.46875,0.13556337356567383,0.21879148483276367,0.625,0.625
2,0,150,1.2453218698501587,0.53125,0.11252880096435547,0.19387078285217285,0.625,0.625
2,0,151,1.6103358268737793,0.4375,0.10645365715026855,0.1877148151397705,0.625,0.625
2,0,152,1.253495216369629,0.46875,0.13070297241210938,0.2101740837097168,0.625,0.625
2,0,153,1.5562701225280762,0.484375,0.10595130920410156,0.18267250061035156,0.625,0.625
2,0,154,1.377410888671875,0.5625,0.13738632202148438,0.21342110633850098,0.625,0.625
2,0,155,1.4957295656204224,0.40625,0.10724472999572754,0.1820967197418213,0.625,0.625
2,0,156,1.424938440322876,0.515625,0.1444847583770752,0.2259359359741211,0.625,0.625
2,0,157,1.2390902042388916,0.53125,0.09087204933166504,0.18149995803833008,0.625,0.625
2,0,158,1.4510935544967651,0.4375,0.13701248168945312,0.21490263938903809,0.625,0.625
2,0,159,1.367532730102539,0.53125,0.11094474792480469,0.18793845176696777,0.625,0.625
2,0,160,1.4249823093414307,0.46875,0.1319577693939209,0.21110796928405762,0.625,0.625
2,0,161,1.5385768413543701,0.4375,0.10216784477233887,0.18345952033996582,0.625,0.625
2,0,162,1.1852856874465942,0.578125,0.13804364204406738,0.21686267852783203,0.625,0.625
2,0,163,1.5612455606460571,0.359375,0.10556364059448242,0.18193817138671875,0.625,0.625
2,0,164,1.2538039684295654,0.578125,0.14672565460205078,0.22512459754943848,0.625,0.625
2,0,165,1.2834666967391968,0.5,0.10390353202819824,0.182417631149292,0.625,0.625
2,0,166,1.45591139793396,0.484375,0.15102124214172363,0.23198246955871582,0.625,0.625
2,0,167,1.389089822769165,0.484375,0.10597491264343262,0.1826925277709961,0.625,0.625
2,0,168,1.100879430770874,0.609375,0.13053655624389648,0.21073532104492188,0.625,0.625
2,0,169,1.1435719728469849,0.53125,0.11687421798706055,0.19631266593933105,0.625,0.625
2,0,170,1.2017042636871338,0.5625,0.14311957359313965,0.21884775161743164,0.625,0.625
2,0,171,1.3768606185913086,0.5625,0.10601282119750977,0.18408846855163574,0.625,0.625
2,0,172,1.1178576946258545,0.640625,0.13060379028320312,0.22276711463928223,0.625,0.625
2,0,173,1.2913185358047485,0.515625,0.1047675609588623,0.18561816215515137,0.625,0.625
2,0,174,1.3918635845184326,0.421875,0.11841750144958496,0.2014925479888916,0.625,0.625
2,0,175,1.4112820625305176,0.4375,0.13972163200378418,0.21769237518310547,0.625,0.625
2,0,176,1.4356948137283325,0.453125,0.10370969772338867,0.1803290843963623,0.625,0.625
2,0,177,1.406738519668579,0.546875,0.14203166961669922,0.22045254707336426,0.625,0.625
2,0,178,1.203547716140747,0.53125,0.10634946823120117,0.1825547218322754,0.625,0.625
2,0,179,1.4307441711425781,0.5,0.13397502899169922,0.2162320613861084,0.625,0.625
2,0,180,1.5456300973892212,0.484375,0.10126495361328125,0.18144440650939941,0.625,0.625
2,0,181,1.5582821369171143,0.40625,0.12857556343078613,0.20522475242614746,0.625,0.625
2,0,182,1.3936235904693604,0.515625,0.10778689384460449,0.18535065650939941,0.625,0.625
2,0,183,1.416511058807373,0.5625,0.13496160507202148,0.21228456497192383,0.625,0.625
2,0,184,1.3866682052612305,0.546875,0.10236954689025879,0.17657780647277832,0.625,0.625
2,0,185,1.2558057308197021,0.609375,0.1378779411315918,0.22334957122802734,0.625,0.625
2,0,186,1.2820827960968018,0.578125,0.10366511344909668,0.1847994327545166,0.625,0.625
2,0,187,1.3993427753448486,0.484375,0.14253616333007812,0.22102832794189453,0.625,0.625
2,0,188,1.1484882831573486,0.5625,0.10126852989196777,0.17762041091918945,0.625,0.625
2,0,189,1.2505847215652466,0.578125,0.14479875564575195,0.22577357292175293,0.625,0.625
2,0,190,1.1764211654663086,0.546875,0.10414886474609375,0.17989659309387207,0.625,0.625
2,0,191,1.3823400735855103,0.515625,0.1498565673828125,0.22757720947265625,0.625,0.625
2,0,192,1.1022319793701172,0.625,0.12764930725097656,0.20503997802734375,0.625,0.625
2,0,193,1.4752018451690674,0.53125,0.10589981079101562,0.18558788299560547,0.625,0.625
2,0,194,1.1789778470993042,0.515625,0.1323075294494629,0.20876026153564453,0.625,0.625
2,0,195,1.2786284685134888,0.59375,0.10949873924255371,0.18684887886047363,0.625,0.625
2,0,196,1.1447049379348755,0.625,0.13487982749938965,0.21263384819030762,0.625,0.625
2,0,197,1.4606136083602905,0.484375,0.10061001777648926,0.17755603790283203,0.625,0.625
2,0,198,1.1571028232574463,0.625,0.1339552402496338,0.21659040451049805,0.625,0.625
2,0,199,1.1992030143737793,0.59375,0.10386180877685547,0.18459486961364746,0.625,0.625
2,0,200,1.2427494525909424,0.5,0.12914681434631348,0.20943593978881836,0.625,0.625
2,0,201,1.1593213081359863,0.609375,0.1072092056274414,0.18726730346679688,0.625,0.625
2,0,202,1.3994593620300293,0.484375,0.14098477363586426,0.21599674224853516,0.625,0.625
2,0,203,1.113688349723816,0.609375,0.10147762298583984,0.17818641662597656,0.625,0.625
2,0,204,1.067873477935791,0.640625,0.13106417655944824,0.20856308937072754,0.625,0.625
2,0,205,1.131369709968567,0.546875,0.10627245903015137,0.18099260330200195,0.625,0.625
2,0,206,1.4465261697769165,0.5,0.12791085243225098,0.20996332168579102,0.625,0.625
2,0,207,1.2786664962768555,0.515625,0.10782384872436523,0.18311047554016113,0.625,0.625
2,0,208,1.47067129611969,0.515625,0.13045024871826172,0.20905232429504395,0.625,0.625
2,0,209,1.4370579719543457,0.484375,0.10937929153442383,0.19055724143981934,0.625,0.625
2,0,210,1.2559255361557007,0.53125,0.13236451148986816,0.2072615623474121,0.625,0.625
2,0,211,1.537231206893921,0.515625,0.10375833511352539,0.18310785293579102,0.625,0.625
2,0,212,1.1629626750946045,0.59375,0.1283104419708252,0.20584654808044434,0.625,0.625
2,0,213,1.408144474029541,0.515625,0.10509610176086426,0.17961502075195312,0.625,0.625
2,0,214,1.1536887884140015,0.59375,0.13012218475341797,0.2058100700378418,0.625,0.625
2,0,215,1.3371460437774658,0.578125,0.10146117210388184,0.1812448501586914,0.625,0.625
2,0,216,1.0974336862564087,0.625,0.15079927444458008,0.2274312973022461,0.625,0.625
2,0,217,1.2637662887573242,0.484375,0.12028765678405762,0.20320367813110352,0.625,0.625
2,0,218,1.3714981079101562,0.546875,0.12702369689941406,0.2057819366455078,0.625,0.625
2,0,219,1.2249877452850342,0.546875,0.10286903381347656,0.18305540084838867,0.625,0.625
2,0,220,1.2358702421188354,0.59375,0.14036870002746582,0.21805644035339355,0.625,0.625
2,0,221,1.227835774421692,0.609375,0.08441424369812012,0.17983436584472656,0.625,0.625
2,0,222,1.211259365081787,0.609375,0.13428092002868652,0.21219873428344727,0.625,0.625
2,0,223,1.136568546295166,0.46875,0.10632562637329102,0.18642139434814453,0.625,0.625
2,0,224,1.1988329887390137,0.484375,0.13511204719543457,0.21333599090576172,0.625,0.625
2,0,225,1.4132304191589355,0.484375,0.11959648132324219,0.20219016075134277,0.625,0.625
2,0,226,1.1843990087509155,0.5625,0.13925552368164062,0.21735930442810059,0.625,0.625
2,0,227,1.2530763149261475,0.53125,0.10646343231201172,0.18421483039855957,0.625,0.625
2,0,228,1.3982369899749756,0.546875,0.13396477699279785,0.20949816703796387,0.625,0.625
2,0,229,1.142648458480835,0.578125,0.10642623901367188,0.18291640281677246,0.625,0.625
2,0,230,0.9513461589813232,0.71875,0.13963031768798828,0.22860264778137207,0.625,0.625
2,0,231,1.3037121295928955,0.5625,0.10762977600097656,0.19148659706115723,0.625,0.625
2,0,232,1.3040547370910645,0.515625,0.1307075023651123,0.20898914337158203,0.625,0.625
2,0,233,1.155921220779419,0.65625,0.1101686954498291,0.18713951110839844,0.625,0.625
2,0,234,1.063750982284546,0.5625,0.13567638397216797,0.21186590194702148,0.625,0.625
2,0,235,1.3319902420043945,0.578125,0.10239887237548828,0.19324016571044922,0.625,0.625
2,0,236,1.3129185438156128,0.53125,0.12091708183288574,0.1986093521118164,0.625,0.625
2,0,237,1.3051424026489258,0.484375,0.09959721565246582,0.17725205421447754,0.625,0.625
2,0,238,1.1295115947723389,0.671875,0.14795231819152832,0.22670459747314453,0.625,0.625
2,0,239,1.2776391506195068,0.484375,0.1165781021118164,0.19776582717895508,0.625,0.625
2,0,240,1.1272445917129517,0.609375,0.14537382125854492,0.2229766845703125,0.625,0.625
2,0,241,1.6763488054275513,0.421875,0.10864424705505371,0.20141100883483887,0.625,0.625
2,0,242,1.2081608772277832,0.5,0.12224483489990234,0.20403552055358887,0.625,0.625
2,0,243,1.0560939311981201,0.671875,0.11871719360351562,0.1957411766052246,0.625,0.625
2,0,244,1.1933784484863281,0.5625,0.1281425952911377,0.20361328125,0.625,0.625
2,0,245,1.2062675952911377,0.5625,0.11432456970214844,0.19070887565612793,0.625,0.625
2,0,246,1.263353943824768,0.5625,0.1559302806854248,0.27944326400756836,0.625,0.625
2,0,247,1.0035295486450195,0.625,0.1045694351196289,0.1871654987335205,0.625,0.625
2,0,248,1.02290678024292,0.578125,0.13903307914733887,0.21851539611816406,0.625,0.625
2,0,249,1.1605405807495117,0.609375,0.1183769702911377,0.19464635848999023,0.625,0.625
2,0,250,1.1272016763687134,0.59375,0.1385951042175293,0.22504353523254395,0.625,0.625
2,0,251,1.2061333656311035,0.609375,0.10702943801879883,0.18677854537963867,0.625,0.625
2,0,252,1.1430082321166992,0.5625,0.1285085678100586,0.2100236415863037,0.625,0.625
2,0,253,1.1553066968917847,0.640625,0.1054234504699707,0.19603228569030762,0.625,0.625
2,0,254,1.4082844257354736,0.53125,0.10779094696044922,0.19010472297668457,0.625,0.625
2,0,255,1.0589247941970825,0.671875,0.10554957389831543,0.18340110778808594,0.625,0.625
2,0,256,1.1368834972381592,0.59375,0.13691425323486328,0.2129054069519043,0.625,0.625
2,0,257,0.9532995223999023,0.640625,0.10719490051269531,0.18226933479309082,0.625,0.625
2,0,258,1.4233684539794922,0.5,0.15062355995178223,0.23137855529785156,0.625,0.625
2,0,259,1.3829362392425537,0.46875,0.10490274429321289,0.1773209571838379,0.625,0.625
2,1,0,1.012918472290039,0.625,0.07142114639282227,0.15957403182983398,0.625,0.625
2,1,1,1.0097861289978027,0.609375,0.10370683670043945,0.18045878410339355,0.625,0.625
2,1,2,1.329192042350769,0.5,0.12245965003967285,0.19954299926757812,0.625,0.625
2,1,3,1.145218849182129,0.640625,0.1360311508178711,0.22195100784301758,0.625,0.625
2,1,4,1.010739803314209,0.59375,0.10891389846801758,0.20017790794372559,0.625,0.625
2,1,5,1.119372844696045,0.5625,0.12794828414916992,0.21497726440429688,0.625,0.625
2,1,6,1.2164866924285889,0.625,0.10040974617004395,0.1891336441040039,0.625,0.625
2,1,7,0.935731053352356,0.6875,0.12590765953063965,0.20789384841918945,0.625,0.625
2,1,8,0.8642311096191406,0.65625,0.09931182861328125,0.17793655395507812,0.625,0.625
2,1,9,1.3242309093475342,0.515625,0.14363741874694824,0.21980571746826172,0.625,0.625
2,1,10,1.163620114326477,0.53125,0.10586404800415039,0.18639254570007324,0.625,0.625
2,1,11,1.2909088134765625,0.515625,0.12599658966064453,0.2015070915222168,0.625,0.625
2,1,12,1.0865343809127808,0.578125,0.10277605056762695,0.17836999893188477,0.625,0.625
2,1,13,1.150640845298767,0.546875,0.14374637603759766,0.2209758758544922,0.625,0.625
2,1,14,1.4816229343414307,0.4375,0.10196518898010254,0.18284988403320312,0.625,0.625
2,1,15,0.8830468058586121,0.671875,0.13570809364318848,0.2177143096923828,0.625,0.625
2,1,16,1.0882025957107544,0.609375,0.10021305084228516,0.17971515655517578,0.625,0.625
2,1,17,0.9340923428535461,0.65625,0.1450023651123047,0.22220730781555176,0.625,0.625
2,1,18,1.0036300420761108,0.71875,0.10537219047546387,0.18265938758850098,0.625,0.625
2,1,19,1.1544618606567383,0.59375,0.1264209747314453,0.20262384414672852,0.625,0.625
2,1,20,1.0277330875396729,0.65625,0.11320662498474121,0.18910002708435059,0.625,0.625
2,1,21,1.0477027893066406,0.609375,0.13467192649841309,0.21746087074279785,0.625,0.625
2,1,22,1.1131476163864136,0.625,0.10372781753540039,0.18062186241149902,0.625,0.625
2,1,23,1.0786728858947754,0.625,0.12848806381225586,0.21197104454040527,0.625,0.625
2,1,24,1.0316100120544434,0.609375,0.10406303405761719,0.1817612648010254,0.625,0.625
2,1,25,1.2038486003875732,0.53125,0.12802720069885254,0.20620512962341309,0.625,0.625
2,1,26,0.9183156490325928,0.6875,0.10430359840393066,0.1819162368774414,0.625,0.625
2,1,27,1.0002692937850952,0.65625,0.1337282657623291,0.20957112312316895,0.625,0.625
2,1,28,0.9667832255363464,0.703125,0.10436320304870605,0.18090319633483887,0.625,0.625
2,1,29,1.2550854682922363,0.609375,0.140519380569458,0.2291419506072998,0.625,0.625
2,1,30,1.266261100769043,0.546875,0.11759257316589355,0.20038175582885742,0.625,0.625
2,1,31,1.184662938117981,0.546875,0.13553738594055176,0.2163236141204834,0.625,0.625
2,1,32,0.9891548752784729,0.6875,0.10710668563842773,0.18409466743469238,0.625,0.625
2,1,33,0.9900301098823547,0.609375,0.16687440872192383,0.2533853054046631,0.625,0.625
2,1,34,1.1288063526153564,0.65625,0.1074833869934082,0.1857924461364746,0.625,0.625
2,1,35,1.2361533641815186,0.53125,0.12056565284729004,0.1972334384918213,0.625,0.625
2,1,36,0.9950240850448608,0.5625,0.13361096382141113,0.21462273597717285,0.625,0.625
2,1,37,1.0639348030090332,0.671875,0.10405421257019043,0.1792459487915039,0.625,0.625
2,1,38,0.8884890675544739,0.703125,0.1382296085357666,0.21576833724975586,0.625,0.625
2,1,39,1.1796746253967285,0.546875,0.1017310619354248,0.1822807788848877,0.625,0.625
2,1,40,0.9535291790962219,0.65625,0.13638687133789062,0.2171776294708252,0.625,0.625
2,1,41,0.9778934121131897,0.671875,0.11054396629333496,0.1940610408782959,0.625,0.625
2,1,42,0.8258521556854248,0.734375,0.1258082389831543,0.2024235725402832,0.625,0.625
2,1,43,1.246045470237732,0.609375,0.1089944839477539,0.18747663497924805,0.625,0.625
2,1,44,1.2481694221496582,0.53125,0.12528586387634277,0.20280122756958008,0.625,0.625
2,1,45,1.0016446113586426,0.578125,0.11428451538085938,0.19051170349121094,0.625,0.625
2,1,46,0.9270623922348022,0.671875,0.13860416412353516,0.2152385711669922,0.625,0.625
2,1,47,0.9267202615737915,0.71875,0.10459589958190918,0.18197250366210938,0.625,0.625
2,1,48,1.10873281955719,0.671875,0.13989734649658203,0.2161848545074463,0.625,0.625
2,1,49,1.2316721677780151,0.5625,0.1087789535522461,0.18446969985961914,0.625,0.625
2,1,50,0.9640743136405945,0.65625,0.12616944313049316,0.20399045944213867,0.625,0.625
2,1,51,1.308542013168335,0.578125,0.10438966751098633,0.18409276008605957,0.625,0.625
2,1,52,1.0076375007629395,0.609375,0.12445282936096191,0.20365428924560547,0.625,0.625
2,1,53,1.285275936126709,0.53125,0.11282730102539062,0.18988251686096191,0.625,0.625
2,1,54,1.028093934059143,0.6875,0.1336197853088379,0.20924162864685059,0.625,0.625
2,1,55,0.8088321089744568,0.703125,0.13013195991516113,0.20892071723937988,0.625,0.625
2,1,56,1.2941720485687256,0.578125,0.1077430248260498,0.18353056907653809,0.625,0.625
2,1,57,0.8952971696853638,0.640625,0.12907648086547852,0.21277713775634766,0.625,0.625
2,1,58,1.3796788454055786,0.53125,0.1156759262084961,0.20097613334655762,0.625,0.625
2,1,59,0.9164790511131287,0.640625,0.14928102493286133,0.22380328178405762,0.625,0.625
2,1,60,1.1703449487686157,0.578125,0.10312652587890625,0.17780494689941406,0.625,0.625
2,1,61,1.1950147151947021,0.578125,0.13490772247314453,0.21646451950073242,0.625,0.625
2,1,62,1.2544357776641846,0.625,0.10269379615783691,0.18032479286193848,0.625,0.625
2,1,63,1.3579506874084473,0.5,0.14862632751464844,0.22409391403198242,0.625,0.625
2,1,64,1.2432186603546143,0.53125,0.09404706954956055,0.1814436912536621,0.625,0.625
2,1,65,1.3618347644805908,0.546875,0.15140247344970703,0.22806024551391602,0.625,0.625
2,1,66,1.0721516609191895,0.625,0.09857964515686035,0.18243169784545898,0.625,0.625
2,1,67,1.337996006011963,0.546875,0.13439607620239258,0.2177889347076416,0.625,0.625
2,1,68,0.8872436285018921,0.75,0.12798595428466797,0.20952749252319336,0.625,0.625
2,1,69,1.3290622234344482,0.578125,0.13492155075073242,0.20837688446044922,0.625,0.625
2,1,70,1.0364820957183838,0.671875,0.10382080078125,0.18004631996154785,0.625,0.625
2,1,71,1.2050939798355103,0.484375,0.14273786544799805,0.22064876556396484,0.625,0.625
2,1,72,1.0430046319961548,0.5625,0.10409259796142578,0.18109369277954102,0.625,0.625
2,1,73,1.2183380126953125,0.625,0.14548683166503906,0.21943259239196777,0.625,0.625
2,1,74,0.9778988361358643,0.671875,0.1072545051574707,0.18895936012268066,0.625,0.625
2,1,75,1.4284217357635498,0.546875,0.12434148788452148,0.20261454582214355,0.625,0.625
2,1,76,0.8593107461929321,0.734375,0.12160873413085938,0.19902515411376953,0.625,0.625
2,1,77,1.0799115896224976,0.625,0.13020086288452148,0.2187511920928955,0.625,0.625
2,1,78,0.9011988043785095,0.65625,0.10943031311035156,0.2086803913116455,0.625,0.625
2,1,79,1.0522102117538452,0.5625,0.11832642555236816,0.19369006156921387,0.625,0.625
2,1,80,0.9483116865158081,0.640625,0.12447142601013184,0.21306657791137695,0.625,0.625
2,1,81,1.0665650367736816,0.625,0.17117762565612793,0.255321741104126,0.625,0.625
2,1,82,1.0978894233703613,0.53125,0.13858795166015625,0.25679898262023926,0.625,0.625
2,1,83,0.9814061522483826,0.59375,0.18135499954223633,0.27367424964904785,0.625,0.625
2,1,84,1.2062820196151733,0.5625,0.09241509437561035,0.18356037139892578,0.625,0.625
2,1,85,1.5469226837158203,0.546875,0.17895841598510742,0.26538515090942383,0.625,0.625
2,1,86,1.615238070487976,0.5,0.1850900650024414,0.2684445381164551,0.625,0.625
2,1,87,1.2266426086425781,0.5625,0.10930299758911133,0.19732427597045898,0.625,0.625
2,1,88,1.307562232017517,0.515625,0.1301271915435791,0.20876502990722656,0.625,0.625
2,1,89,1.1880526542663574,0.546875,0.10483217239379883,0.1901843547821045,0.625,0.625
2,1,90,1.1738622188568115,0.578125,0.1455214023590088,0.22484874725341797,0.625,0.625
2,1,91,1.0181623697280884,0.71875,0.11258077621459961,0.18981480598449707,0.625,0.625
2,1,92,1.2875564098358154,0.609375,0.1262354850769043,0.20909643173217773,0.625,0.625
2,1,93,1.151470422744751,0.53125,0.12596392631530762,0.20989990234375,0.625,0.625
2,1,94,1.1223266124725342,0.59375,0.11532902717590332,0.19797086715698242,0.625,0.625
2,1,95,0.9040037393569946,0.640625,0.15056324005126953,0.229156494140625,0.625,0.625
2,1,96,1.2178459167480469,0.5,0.1208047866821289,0.19590330123901367,0.625,0.625
2,1,97,1.2696857452392578,0.5625,0.14744830131530762,0.22743821144104004,0.625,0.625
2,1,98,0.943881630897522,0.65625,0.10148930549621582,0.17714524269104004,0.625,0.625
2,1,99,0.9971028566360474,0.609375,0.138077974319458,0.21766352653503418,0.625,0.625
2,1,100,0.965776264667511,0.625,0.11317586898803711,0.1943507194519043,0.625,0.625
2,1,101,1.1422075033187866,0.609375,0.1487135887145996,0.23647856712341309,0.625,0.625
2,1,102,0.9626030921936035,0.703125,0.10796594619750977,0.18935608863830566,0.625,0.625
2,1,103,0.9502010941505432,0.671875,0.13473773002624512,0.21511530876159668,0.625,0.625
2,1,104,0.9666924476623535,0.703125,0.11405491828918457,0.2085878849029541,0.625,0.625
2,1,105,1.0312514305114746,0.578125,0.13312506675720215,0.21770572662353516,0.625,0.625
2,1,106,1.1660466194152832,0.609375,0.10638546943664551,0.1860036849975586,0.625,0.625
2,1,107,0.9309257864952087,0.6875,0.14141225814819336,0.22179770469665527,0.625,0.625
2,1,108,1.0112180709838867,0.671875,0.09661650657653809,0.18692350387573242,0.625,0.625
2,1,109,1.1552298069000244,0.609375,0.13351726531982422,0.22433757781982422,0.625,0.625
2,1,110,0.9708150625228882,0.625,0.12731075286865234,0.2051692008972168,0.625,0.625
2,1,111,1.4086487293243408,0.515625,0.14986729621887207,0.2288515567779541,0.625,0.625
2,1,112,1.2234745025634766,0.546875,0.10506963729858398,0.18657398223876953,0.625,0.625
2,1,113,0.8998924493789673,0.71875,0.14282488822937012,0.23797273635864258,0.625,0.625
2,1,114,0.9086287021636963,0.6875,0.1136317253112793,0.19347929954528809,0.625,0.625
2,1,115,1.0346437692642212,0.609375,0.14986300468444824,0.2282555103302002,0.625,0.625
2,1,116,1.1173510551452637,0.5625,0.10327386856079102,0.21412253379821777,0.625,0.625
2,1,117,0.9627822637557983,0.671875,0.11854314804077148,0.2021021842956543,0.625,0.625
2,1,118,0.8959412574768066,0.6875,0.11487174034118652,0.20354604721069336,0.625,0.625
2,1,119,1.244615077972412,0.5625,0.1460108757019043,0.22881722450256348,0.625,0.625
2,1,120,1.0791733264923096,0.59375,0.10686588287353516,0.19852375984191895,0.625,0.625
2,1,121,0.9263346791267395,0.71875,0.1346445083618164,0.21871423721313477,0.625,0.625
2,1,122,1.0742652416229248,0.546875,0.10674333572387695,0.1908411979675293,0.625,0.625
2,1,123,1.3097578287124634,0.515625,0.14111709594726562,0.22449135780334473,0.625,0.625
2,1,124,0.9496110677719116,0.625,0.10701847076416016,0.1898193359375,0.625,0.625
2,1,125,0.94148850440979,0.671875,0.15406179428100586,0.23478341102600098,0.625,0.625
2,1,126,1.000753402709961,0.5625,0.119171142578125,0.20071911811828613,0.625,0.625
2,1,127,0.9977169632911682,0.6875,0.14198946952819824,0.23334789276123047,0.625,0.625
2,1,128,0.8665037155151367,0.671875,0.13221430778503418,0.21989178657531738,0.625,0.625
2,1,129,1.2970325946807861,0.53125,0.14479303359985352,0.25005054473876953,0.625,0.625
2,1,130,0.9894806742668152,0.671875,0.1461958885192871,0.23041272163391113,0.625,0.625
2,1,131,1.0699526071548462,0.59375,0.10995340347290039,0.19423341751098633,0.625,0.625
2,1,132,1.1591343879699707,0.59375,0.13432860374450684,0.2139275074005127,0.625,0.625
2,1,133,0.9426106214523315,0.6875,0.1185617446899414,0.21440744400024414,0.625,0.625
2,1,134,1.2314388751983643,0.515625,0.13173961639404297,0.2110433578491211,0.625,0.625
2,1,135,0.8401985168457031,0.671875,0.121307373046875,0.21642565727233887,0.625,0.625
2,1,136,0.9399696588516235,0.640625,0.15226292610168457,0.25284409523010254,0.625,0.625
2,1,137,1.0280903577804565,0.609375,0.11699748039245605,0.19617629051208496,0.625,0.625
2,1,138,0.9038841128349304,0.65625,0.13583922386169434,0.21455669403076172,0.625,0.625
2,1,139,0.9041990041732788,0.640625,0.1376481056213379,0.21819233894348145,0.625,0.625
2,1,140,0.9947054386138916,0.625,0.1305863857269287,0.20572733879089355,0.625,0.625
2,1,141,0.9679461121559143,0.609375,0.10889959335327148,0.18775367736816406,0.625,0.625
2,1,142,1.0182673931121826,0.65625,0.15211963653564453,0.23739051818847656,0.625,0.625
2,1,143,0.9876009225845337,0.671875,0.11673212051391602,0.20470690727233887,0.625,0.625
2,1,144,1.0086926221847534,0.640625,0.1373908519744873,0.22222518920898438,0.625,0.625
2,1,145,1.2420856952667236,0.53125,0.12786006927490234,0.2084214687347412,0.625,0.625
2,1,146,1.158387303352356,0.671875,0.1458883285522461,0.23680496215820312,0.625,0.625
2,1,147,1.0780863761901855,0.640625,0.13118815422058105,0.20968079566955566,0.625,0.625
2,1,148,1.1624422073364258,0.578125,0.11094856262207031,0.19158029556274414,0.625,0.625
2,1,149,0.7429221868515015,0.734375,0.13979673385620117,0.22826242446899414,0.625,0.625
2,1,150,0.9726253747940063,0.65625,0.1286482810974121,0.21875500679016113,0.625,0.625
2,1,151,0.8466595411300659,0.671875,0.1716470718383789,0.27216458320617676,0.625,0.625
2,1,152,1.0573152303695679,0.703125,0.12576532363891602,0.23223423957824707,0.625,0.625
2,1,153,0.8895219564437866,0.640625,0.14580988883972168,0.23470544815063477,0.625,0.625
2,1,154,1.0592321157455444,0.65625,0.1228632926940918,0.20469093322753906,0.625,0.625
2,1,155,0.9052028059959412,0.6875,0.14824748039245605,0.23021578788757324,0.625,0.625
2,1,156,1.0045015811920166,0.6875,0.14063072204589844,0.2581520080566406,0.625,0.625
2,1,157,1.1434050798416138,0.578125,0.2592630386352539,0.3964717388153076,0.625,0.625
2,1,158,1.4385766983032227,0.46875,0.19858312606811523,0.32413434982299805,0.625,0.625
2,1,159,1.0821210145950317,0.703125,0.1716759204864502,0.2809586524963379,0.625,0.625
2,1,160,0.9421486258506775,0.625,0.11905789375305176,0.22883033752441406,0.625,0.625
2,1,161,1.1505497694015503,0.625,0.16590142250061035,0.25635480880737305,0.625,0.625
2,1,162,1.1273226737976074,0.578125,0.16178655624389648,0.2588787078857422,0.625,0.625
2,1,163,0.910845160484314,0.6875,0.15544772148132324,0.24604010581970215,0.625,0.625
2,1,164,1.0349644422531128,0.609375,0.13682985305786133,0.23654699325561523,0.625,0.625
2,1,165,1.124879240989685,0.625,0.17142343521118164,0.26882123947143555,0.625,0.625
2,1,166,0.9792696237564087,0.71875,0.17611312866210938,0.2960653305053711,0.625,0.625
2,1,167,1.117628812789917,0.65625,0.17571735382080078,0.27574753761291504,0.625,0.625
2,1,168,1.0544312000274658,0.734375,0.13186144828796387,0.24462556838989258,0.625,0.625
2,1,169,0.9662692546844482,0.65625,0.16268491744995117,0.2610766887664795,0.625,0.625
2,1,170,0.9348853826522827,0.59375,0.11429762840270996,0.21866559982299805,0.625,0.625
2,1,171,1.160189151763916,0.578125,0.16154980659484863,0.2643413543701172,0.625,0.625
2,1,172,1.266200065612793,0.578125,0.13230276107788086,0.22054171562194824,0.625,0.625
2,1,173,0.9335687160491943,0.671875,0.17531490325927734,0.2637510299682617,0.625,0.625
2,1,174,0.9534697532653809,0.671875,0.11194944381713867,0.19849467277526855,0.625,0.625
2,1,175,0.8001450896263123,0.703125,0.14911532402038574,0.24171710014343262,0.625,0.625
2,1,176,0.9118378758430481,0.734375,0.10492825508117676,0.18896889686584473,0.625,0.625
2,1,177,1.0394052267074585,0.609375,0.13942480087280273,0.22023868560791016,0.625,0.625
2,1,178,1.0682430267333984,0.625,0.11204266548156738,0.19422411918640137,0.625,0.625
2,1,179,0.9251652956008911,0.6875,0.17815256118774414,0.26181674003601074,0.625,0.625
2,1,180,0.8751386404037476,0.75,0.11652588844299316,0.2034313678741455,0.625,0.625
2,1,181,1.2327364683151245,0.59375,0.14345312118530273,0.23795413970947266,0.625,0.625
2,1,182,1.1373580694198608,0.625,0.11439299583435059,0.20038390159606934,0.625,0.625
2,1,183,0.9079593420028687,0.640625,0.13748645782470703,0.21622371673583984,0.625,0.625
2,1,184,1.0898067951202393,0.640625,0.13262557983398438,0.2097327709197998,0.625,0.625
2,1,185,1.0188144445419312,0.671875,0.14708447456359863,0.22848796844482422,0.625,0.625
2,1,186,1.1861090660095215,0.640625,0.10369753837585449,0.18130922317504883,0.625,0.625
2,1,187,1.1447186470031738,0.5625,0.12869024276733398,0.2161850929260254,0.625,0.625
2,1,188,0.9396464824676514,0.6875,0.1060943603515625,0.18710660934448242,0.625,0.625
2,1,189,0.8436896800994873,0.71875,0.14444613456726074,0.22919583320617676,0.625,0.625
2,1,190,1.0526604652404785,0.5625,0.11410760879516602,0.19742107391357422,0.625,0.625
2,1,191,1.1636159420013428,0.625,0.14891839027404785,0.2316434383392334,0.625,0.625
2,1,192,1.3885869979858398,0.5,0.10517406463623047,0.1825857162475586,0.625,0.625
2,1,193,0.9698870778083801,0.671875,0.13376140594482422,0.21365141868591309,0.625,0.625
2,1,194,1.1570940017700195,0.5625,0.12123942375183105,0.201063871383667,0.625,0.625
2,1,195,1.0962084531784058,0.5625,0.13622665405273438,0.2170391082763672,0.625,0.625
2,1,196,1.070469617843628,0.6875,0.11172819137573242,0.19429469108581543,0.625,0.625
2,1,197,1.0415480136871338,0.640625,0.13836264610290527,0.21844911575317383,0.625,0.625
2,1,198,1.0207855701446533,0.65625,0.10892987251281738,0.1899552345275879,0.625,0.625
2,1,199,0.977491557598114,0.65625,0.14664983749389648,0.22484326362609863,0.625,0.625
2,1,200,1.146688461303711,0.578125,0.10419034957885742,0.1883716583251953,0.625,0.625
2,1,201,0.8803707361221313,0.671875,0.13765263557434082,0.21389079093933105,0.625,0.625
2,1,202,1.1569117307662964,0.59375,0.10566353797912598,0.1899886131286621,0.625,0.625
2,1,203,0.9070669412612915,0.671875,0.13098502159118652,0.21461749076843262,0.625,0.625
2,1,204,1.120818018913269,0.59375,0.10787630081176758,0.18897271156311035,0.625,0.625
2,1,205,1.127425193786621,0.625,0.1463475227355957,0.22414231300354004,0.625,0.625
2,1,206,1.008833885192871,0.640625,0.10186553001403809,0.18748879432678223,0.625,0.625
2,1,207,0.8994584083557129,0.703125,0.12366509437561035,0.20627093315124512,0.625,0.625
2,1,208,0.9199433326721191,0.640625,0.10145831108093262,0.17905807495117188,0.625,0.625
2,1,209,0.8789482116699219,0.6875,0.1372072696685791,0.21892666816711426,0.625,0.625
2,1,210,0.7396124005317688,0.640625,0.11540842056274414,0.2024226188659668,0.625,0.625
2,1,211,1.1922636032104492,0.546875,0.13263964653015137,0.21262168884277344,0.625,0.625
2,1,212,0.8347746133804321,0.6875,0.10713577270507812,0.18317675590515137,0.625,0.625
2,1,213,0.9362320303916931,0.71875,0.13234210014343262,0.21235394477844238,0.625,0.625
2,1,214,0.7140913009643555,0.734375,0.11884593963623047,0.19795823097229004,0.625,0.625
2,1,215,0.8740406632423401,0.703125,0.12640094757080078,0.20748424530029297,0.625,0.625
2,1,216,0.9111080169677734,0.703125,0.11226463317871094,0.19202017784118652,0.625,0.625
2,1,217,1.0167138576507568,0.609375,0.16603302955627441,0.24540162086486816,0.625,0.625
2,1,218,0.8821935653686523,0.609375,0.10976052284240723,0.19916296005249023,0.625,0.625
2,1,219,1.221077561378479,0.640625,0.1456584930419922,0.24128293991088867,0.625,0.625
2,1,220,0.896621584892273,0.6875,0.14105844497680664,0.22340917587280273,0.625,0.625
2,1,221,1.0353111028671265,0.625,0.13253068923950195,0.21309804916381836,0.625,0.625
2,1,222,0.9498932361602783,0.703125,0.12135553359985352,0.2045290470123291,0.625,0.625
2,1,223,0.8942531943321228,0.6875,0.13211727142333984,0.2132413387298584,0.625,0.625
2,1,224,0.7767801284790039,0.765625,0.10715579986572266,0.18502330780029297,0.625,0.625
2,1,225,0.9498820900917053,0.625,0.14119315147399902,0.2209303379058838,0.625,0.625
2,1,226,1.015101432800293,0.6875,0.10625720024108887,0.18534636497497559,0.625,0.625
2,1,227,0.9499433040618896,0.703125,0.1408710479736328,0.22083473205566406,0.625,0.625
2,1,228,1.0489027500152588,0.671875,0.1061406135559082,0.18632221221923828,0.625,0.625
2,1,229,1.0118510723114014,0.71875,0.14957356452941895,0.22925996780395508,0.625,0.625
2,1,230,1.0435118675231934,0.609375,0.10898923873901367,0.19020318984985352,0.625,0.625
2,1,231,1.0576621294021606,0.671875,0.14325451850891113,0.2205665111541748,0.625,0.625
2,1,232,0.8284091949462891,0.703125,0.12788796424865723,0.20586538314819336,0.625,0.625
2,1,233,1.1184768676757812,0.609375,0.14245176315307617,0.22255277633666992,0.625,0.625
2,1,234,1.000669240951538,0.671875,0.12942099571228027,0.20709228515625,0.625,0.625
2,1,235,1.1271212100982666,0.578125,0.1366281509399414,0.21921920776367188,0.625,0.625
2,1,236,0.6611952781677246,0.71875,0.10708355903625488,0.2036590576171875,0.625,0.625
2,1,237,0.9901608824729919,0.65625,0.1250474452972412,0.20949816703796387,0.625,0.625
2,1,238,1.1843171119689941,0.65625,0.11188864707946777,0.1963496208190918,0.625,0.625
2,1,239,1.085750937461853,0.59375,0.13843393325805664,0.22587347030639648,0.625,0.625
2,1,240,0.8932796716690063,0.671875,0.1144709587097168,0.20022010803222656,0.625,0.625
2,1,241,0.77774578332901,0.765625,0.13893580436706543,0.23035526275634766,0.625,0.625
2,1,242,0.7621649503707886,0.734375,0.11947345733642578,0.20777606964111328,0.625,0.625
2,1,243,1.063784122467041,0.671875,0.12731242179870605,0.20873284339904785,0.625,0.625
2,1,244,1.2588046789169312,0.65625,0.10890698432922363,0.1898813247680664,0.625,0.625
2,1,245,0.9112021327018738,0.71875,0.13533949851989746,0.23011994361877441,0.625,0.625
2,1,246,1.1544370651245117,0.609375,0.10098481178283691,0.19024062156677246,0.625,0.625
2,1,247,0.8248884677886963,0.703125,0.14458537101745605,0.23235011100769043,0.625,0.625
2,1,248,1.0228025913238525,0.65625,0.11348938941955566,0.19201874732971191,0.625,0.625
2,1,249,1.1673119068145752,0.5625,0.1540987491607666,0.24029779434204102,0.625,0.625
2,1,250,1.0570892095565796,0.671875,0.10974431037902832,0.18859481811523438,0.625,0.625
2,1,251,0.7453836798667908,0.765625,0.13666987419128418,0.23234295845031738,0.625,0.625
2,1,252,1.1238425970077515,0.609375,0.11319351196289062,0.20381975173950195,0.625,0.625
2,1,253,0.9356030225753784,0.703125,0.15134072303771973,0.238325834274292,0.625,0.625
2,1,254,1.1374099254608154,0.578125,0.11741995811462402,0.19970440864562988,0.625,0.625
2,1,255,0.8253579139709473,0.71875,0.1363685131072998,0.21538209915161133,0.625,0.625
2,1,256,1.278639316558838,0.53125,0.10396671295166016,0.18827033042907715,0.625,0.625
2,1,257,1.1340196132659912,0.640625,0.14229655265808105,0.234602689743042,0.625,0.625
2,1,258,0.9840204119682312,0.625,0.10372138023376465,0.18361186981201172,0.625,0.625
2,1,259,1.0175532102584839,0.671875,0.1303567886352539,0.21043920516967773,0.625,0.625
2,2,0,0.7756434082984924,0.734375,0.12369322776794434,0.21764826774597168,0.625,0.625
2,2,1,0.7999606132507324,0.71875,0.13569140434265137,0.21176600456237793,0.625,0.625
2,2,2,0.9316866397857666,0.609375,0.14333510398864746,0.2253401279449463,0.625,0.625
2,2,3,0.8235355615615845,0.765625,0.1216592788696289,0.21474456787109375,0.625,0.625
2,2,4,0.7884855270385742,0.703125,0.13422608375549316,0.22198867797851562,0.625,0.625
2,2,5,0.8560483455657959,0.703125,0.14767003059387207,0.2407236099243164,0.625,0.625
2,2,6,0.8166626691818237,0.765625,0.09468817710876465,0.18692398071289062,0.625,0.625
2,2,7,0.9396531581878662,0.609375,0.14105010032653809,0.2256917953491211,0.625,0.625
2,2,8,0.6476932764053345,0.78125,0.10763144493103027,0.20331478118896484,0.625,0.625
2,2,9,0.7531536221504211,0.78125,0.12288880348205566,0.21219563484191895,0.625,0.625
2,2,10,0.8397091627120972,0.671875,0.15671944618225098,0.24348068237304688,0.625,0.625
2,2,11,0.9544662833213806,0.625,0.11772584915161133,0.2012495994567871,0.625,0.625
2,2,12,0.9845682382583618,0.6875,0.14041566848754883,0.22546696662902832,0.625,0.625
2,2,13,0.7796288728713989,0.78125,0.1249547004699707,0.21408510208129883,0.625,0.625
2,2,14,0.5638095140457153,0.828125,0.13168597221374512,0.21280121803283691,0.625,0.625
2,2,15,0.9614543914794922,0.671875,0.10486531257629395,0.18158340454101562,0.625,0.625
2,2,16,0.793470025062561,0.765625,0.13800573348999023,0.21735334396362305,0.625,0.625
2,2,17,0.8341274857521057,0.75,0.09987020492553711,0.18921923637390137,0.625,0.625
2,2,18,0.9542750120162964,0.671875,0.13063693046569824,0.2114546298980713,0.625,0.625
2,2,19,0.7883032560348511,0.734375,0.12334895133972168,0.20224905014038086,0.625,0.625
2,2,20,0.8107880353927612,0.71875,0.13281011581420898,0.21004033088684082,0.625,0.625
2,2,21,0.7899986505508423,0.71875,0.1020355224609375,0.1867961883544922,0.625,0.625
2,2,22,0.9403056502342224,0.609375,0.1389315128326416,0.21790647506713867,0.625,0.625
2,2,23,0.7302695512771606,0.6875,0.11898088455200195,0.20016026496887207,0.625,0.625
2,2,24,0.9641261100769043,0.71875,0.1504807472229004,0.23482060432434082,0.625,0.625
2,2,25,0.8205138444900513,0.671875,0.11271548271179199,0.19623422622680664,0.625,0.625
2,2,26,0.8441106677055359,0.6875,0.13103508949279785,0.2125701904296875,0.625,0.625
2,2,27,0.88304603099823,0.65625,0.12241530418395996,0.21740508079528809,0.625,0.625
2,2,28,0.9813409447669983,0.671875,0.1259908676147461,0.2131178379058838,0.625,0.625
2,2,29,0.9058067798614502,0.625,0.12932705879211426,0.20615601539611816,0.625,0.625
2,2,30,1.041479229927063,0.625,0.14522051811218262,0.22416472434997559,0.625,0.625
2,2,31,0.9098021984100342,0.703125,0.12628436088562012,0.21494436264038086,0.625,0.625
2,2,32,0.8702074885368347,0.71875,0.15378212928771973,0.23423409461975098,0.625,0.625
2,2,33,1.007968783378601,0.59375,0.11135053634643555,0.19606423377990723,0.625,0.625
2,2,34,0.8680258989334106,0.6875,0.1527388095855713,0.23130369186401367,0.625,0.625
2,2,35,0.6715792417526245,0.796875,0.10905170440673828,0.21250152587890625,0.625,0.625
2,2,36,0.8023602366447449,0.703125,0.10417747497558594,0.19844269752502441,0.625,0.625
2,2,37,0.9734330773353577,0.6875,0.14482641220092773,0.22651433944702148,0.625,0.625
2,2,38,0.8552980422973633,0.703125,0.11091494560241699,0.1900022029876709,0.625,0.625
2,2,39,0.7760191559791565,0.75,0.1393289566040039,0.21950602531433105,0.625,0.625
2,2,40,0.8999861478805542,0.625,0.10355639457702637,0.19496583938598633,0.625,0.625
2,2,41,0.808573842048645,0.671875,0.13305330276489258,0.21441364288330078,0.625,0.625
2,2,42,1.0890297889709473,0.609375,0.12532687187194824,0.20432329177856445,0.625,0.625
2,2,43,0.7767611742019653,0.703125,0.14567875862121582,0.22194361686706543,0.625,0.625
2,2,44,1.0003684759140015,0.65625,0.09717154502868652,0.18650341033935547,0.625,0.625
2,2,45,0.797910749912262,0.640625,0.1427302360534668,0.22411084175109863,0.625,0.625
2,2,46,0.9173346757888794,0.71875,0.11371064186096191,0.19604086875915527,0.625,0.625
2,2,47,0.7971162796020508,0.6875,0.16308832168579102,0.24309229850769043,0.625,0.625
2,2,48,0.6157857179641724,0.8125,0.13895082473754883,0.22066712379455566,0.625,0.625
2,2,49,0.9772579669952393,0.59375,0.11692023277282715,0.19780778884887695,0.625,0.625
2,2,50,1.016960859298706,0.640625,0.1342313289642334,0.21755695343017578,0.625,0.625
2,2,51,0.8134819269180298,0.71875,0.10920071601867676,0.19168949127197266,0.625,0.625
2,2,52,0.8969643712043762,0.71875,0.14003467559814453,0.22302699089050293,0.625,0.625
2,2,53,0.7951564788818359,0.75,0.1228785514831543,0.20594573020935059,0.625,0.625
2,2,54,1.0629340410232544,0.625,0.14405035972595215,0.22679638862609863,0.625,0.625
2,2,55,0.8654306530952454,0.734375,0.10651993751525879,0.1941239833831787,0.625,0.625
2,2,56,0.8683264255523682,0.671875,0.14105629920959473,0.22333192825317383,0.625,0.625
2,2,57,0.9189291000366211,0.78125,0.1056509017944336,0.19132208824157715,0.625,0.625
2,2,58,0.9957911372184753,0.65625,0.15631794929504395,0.23440313339233398,0.625,0.625
2,2,59,0.6875767707824707,0.796875,0.1047523021697998,0.1842348575592041,0.625,0.625
2,2,60,0.7625916004180908,0.703125,0.14475345611572266,0.22767210006713867,0.625,0.625
2,2,61,0.9661657810211182,0.640625,0.10958194732666016,0.1889936923980713,0.625,0.625
2,2,62,0.7876595258712769,0.71875,0.13604736328125,0.2353074550628662,0.625,0.625
2,2,63,0.9293095469474792,0.65625,0.11749911308288574,0.20527338981628418,0.625,0.625
2,2,64,0.8002487421035767,0.671875,0.13999605178833008,0.22327208518981934,0.625,0.625
2,2,65,1.0436689853668213,0.59375,0.13856911659240723,0.2185344696044922,0.625,0.625
2,2,66,0.805157482624054,0.71875,0.12407231330871582,0.21067285537719727,0.625,0.625
2,2,67,0.6100468039512634,0.78125,0.15369462966918945,0.24750208854675293,0.625,0.625
2,2,68,0.7028905153274536,0.75,0.11332416534423828,0.19803619384765625,0.625,0.625
2,2,69,0.8925799131393433,0.703125,0.13340973854064941,0.21642374992370605,0.625,0.625
2,2,70,0.8853814601898193,0.671875,0.1037595272064209,0.18787646293640137,0.625,0.625
2,2,71,0.9216734766960144,0.65625,0.14767956733703613,0.23110413551330566,0.625,0.625
2,2,72,0.9846395254135132,0.640625,0.10907268524169922,0.21035075187683105,0.625,0.625
2,2,73,0.9649639129638672,0.625,0.14353322982788086,0.23910975456237793,0.625,0.625
2,2,74,0.9332978129386902,0.734375,0.11775326728820801,0.20317840576171875,0.625,0.625
2,2,75,0.8748387098312378,0.671875,0.15655159950256348,0.24525666236877441,0.625,0.625
2,2,76,0.8220252990722656,0.6875,0.13147878646850586,0.2183675765991211,0.625,0.625
2,2,77,0.8773843050003052,0.75,0.13740086555480957,0.22355270385742188,0.625,0.625
2,2,78,0.8139804601669312,0.71875,0.15639996528625488,0.23488378524780273,0.625,0.625
2,2,79,0.8484402894973755,0.734375,0.1477506160736084,0.22794294357299805,0.625,0.625
2,2,80,0.9326044321060181,0.71875,0.16103029251098633,0.24796223640441895,0.625,0.625
2,2,81,0.8920822739601135,0.671875,0.13976502418518066,0.2268373966217041,0.625,0.625
2,2,82,0.9344457387924194,0.703125,0.15331506729125977,0.24077367782592773,0.625,0.625
2,2,83,0.8601564764976501,0.640625,0.10579037666320801,0.1888420581817627,0.625,0.625
2,2,84,0.6885339021682739,0.734375,0.13309764862060547,0.21175003051757812,0.625,0.625
2,2,85,0.7255598306655884,0.796875,0.10726332664489746,0.19076871871948242,0.625,0.625
2,2,86,0.9918509721755981,0.6875,0.14198827743530273,0.22722077369689941,0.625,0.625
2,2,87,0.6960186958312988,0.765625,0.1233220100402832,0.2041933536529541,0.625,0.625
2,2,88,0.8913702964782715,0.640625,0.1386275291442871,0.21347570419311523,0.625,0.625
2,2,89,1.0121325254440308,0.640625,0.10465764999389648,0.18197417259216309,0.625,0.625
2,2,90,0.8608848452568054,0.6875,0.12881875038146973,0.21210479736328125,0.625,0.625
2,2,91,0.8069143295288086,0.703125,0.10469603538513184,0.18130755424499512,0.625,0.625
2,2,92,0.7727594375610352,0.6875,0.13463473320007324,0.21142339706420898,0.625,0.625
2,2,93,1.0871355533599854,0.625,0.10356736183166504,0.1806654930114746,0.625,0.625
2,2,94,0.9886068105697632,0.578125,0.13109707832336426,0.20868730545043945,0.625,0.625
2,2,95,0.751713752746582,0.75,0.10267114639282227,0.17985248565673828,0.625,0.625
2,2,96,0.6975574493408203,0.734375,0.134674072265625,0.21146345138549805,0.625,0.625
2,2,97,0.9591493606567383,0.59375,0.10533022880554199,0.18788504600524902,0.625,0.625
2,2,98,0.8342068195343018,0.6875,0.14931440353393555,0.23190808296203613,0.625,0.625
2,2,99,0.9001379013061523,0.640625,0.1263904571533203,0.20644474029541016,0.625,0.625
2,2,100,1.107696771621704,0.59375,0.11676979064941406,0.1977710723876953,0.625,0.625
2,2,101,0.8993675112724304,0.6875,0.1442854404449463,0.226898193359375,0.625,0.625
2,2,102,0.848901629447937,0.765625,0.11362695693969727,0.19417691230773926,0.625,0.625
2,2,103,0.9847869277000427,0.671875,0.14351820945739746,0.2248220443725586,0.625,0.625
2,2,104,0.8635768890380859,0.703125,0.10659909248352051,0.1897268295288086,0.625,0.625
2,2,105,0.7788760662078857,0.78125,0.1292400360107422,0.2095649242401123,0.625,0.625
2,2,106,0.8105250597000122,0.75,0.11769247055053711,0.1954491138458252,0.625,0.625
2,2,107,0.9188988208770752,0.6875,0.139451265335083,0.22109413146972656,0.625,0.625
2,2,108,0.8882125616073608,0.65625,0.10587525367736816,0.19138216972351074,0.625,0.625
2,2,109,0.5750068426132202,0.828125,0.12987422943115234,0.21506643295288086,0.625,0.625
2,2,110,1.0707507133483887,0.640625,0.11022281646728516,0.19385910034179688,0.625,0.625
2,2,111,0.8612630367279053,0.765625,0.13472199440002441,0.21972370147705078,0.625,0.625
2,2,112,0.7381519675254822,0.734375,0.12076258659362793,0.19843268394470215,0.625,0.625
2,2,113,0.7500261068344116,0.6875,0.15120530128479004,0.22964048385620117,0.625,0.625
2,2,114,0.8697115778923035,0.625,0.11463093757629395,0.19241714477539062,0.625,0.625
2,2,115,0.8778716921806335,0.71875,0.13995718955993652,0.2206099033355713,0.625,0.625
2,2,116,0.7496278882026672,0.75,0.10666990280151367,0.1853044033050537,0.625,0.625
2,2,117,0.8441553711891174,0.71875,0.14719104766845703,0.22527122497558594,0.625,0.625
2,2,118,0.6795670390129089,0.796875,0.1167905330657959,0.19751286506652832,0.625,0.625
2,2,119,0.8092080354690552,0.6875,0.1426258087158203,0.2244255542755127,0.625,0.625
2,2,120,0.6305543184280396,0.8125,0.1130833625793457,0.1953258514404297,0.625,0.625
2,2,121,0.8003008961677551,0.734375,0.16230082511901855,0.24481201171875,0.625,0.625
2,2,122,0.847093939781189,0.65625,0.11646914482116699,0.19819378852844238,0.625,0.625
2,2,123,1.0818121433258057,0.71875,0.16714692115783691,0.24718308448791504,0.625,0.625
2,2,124,0.9531155228614807,0.65625,0.12534165382385254,0.21720647811889648,0.625,0.625
2,2,125,0.7460529208183289,0.8125,0.1291484832763672,0.21082711219787598,0.625,0.625
2,2,126,0.8620710372924805,0.671875,0.11632275581359863,0.20584917068481445,0.625,0.625
2,2,127,0.9341541528701782,0.65625,0.15375089645385742,0.23591375350952148,0.625,0.625
2,2,128,0.9989134073257446,0.703125,0.11754488945007324,0.2022402286529541,0.625,0.625
2,2,129,0.6875507831573486,0.765625,0.12308526039123535,0.2041635513305664,0.625,0.625
2,2,130,0.8653961420059204,0.6875,0.10603570938110352,0.19092154502868652,0.625,0.625
2,2,131,0.7941180467605591,0.65625,0.14190459251403809,0.22405672073364258,0.625,0.625
2,2,132,0.8913236856460571,0.59375,0.11102080345153809,0.2045137882232666,0.625,0.625
2,2,133,0.6802717447280884,0.765625,0.13323354721069336,0.2141883373260498,0.625,0.625
2,2,134,0.8459846377372742,0.71875,0.12176918983459473,0.20273876190185547,0.625,0.625
2,2,135,0.8133050203323364,0.75,0.15303897857666016,0.23308396339416504,0.625,0.625
2,2,136,0.8980241417884827,0.640625,0.11718606948852539,0.19946599006652832,0.625,0.625
2,2,137,0.7987576723098755,0.6875,0.13439607620239258,0.21775388717651367,0.625,0.625
2,2,138,0.8641577363014221,0.734375,0.10925912857055664,0.19883346557617188,0.625,0.625
2,2,139,0.760262131690979,0.6875,0.13221359252929688,0.218522310256958,0.625,0.625
2,2,140,0.8259021639823914,0.734375,0.11116266250610352,0.1903529167175293,0.625,0.625
2,2,141,0.8028983473777771,0.71875,0.13763427734375,0.22147583961486816,0.625,0.625
2,2,142,1.3129301071166992,0.5625,0.1256425380706787,0.2115635871887207,0.625,0.625
2,2,143,0.685884416103363,0.796875,0.11528611183166504,0.19677376747131348,0.625,0.625
2,2,144,0.7214930653572083,0.765625,0.13439559936523438,0.2194383144378662,0.625,0.625
2,2,145,0.7580128908157349,0.765625,0.12312173843383789,0.20133280754089355,0.625,0.625
2,2,146,0.8089205026626587,0.71875,0.13373970985412598,0.22100472450256348,0.625,0.625
2,2,147,0.9901264905929565,0.640625,0.10891413688659668,0.1909019947052002,0.625,0.625
2,2,148,0.7571446895599365,0.71875,0.13390851020812988,0.21625494956970215,0.625,0.625
2,2,149,0.896910548210144,0.625,0.10480976104736328,0.1898808479309082,0.625,0.625
2,2,150,0.8078750371932983,0.71875,0.14806556701660156,0.23901748657226562,0.625,0.625
2,2,151,0.8962969779968262,0.671875,0.12140679359436035,0.2205793857574463,0.625,0.625
2,2,152,0.9682380557060242,0.59375,0.11707162857055664,0.20009231567382812,0.625,0.625
2,2,153,0.8970111608505249,0.703125,0.11637234687805176,0.19580078125,0.625,0.625
2,2,154,0.9227221012115479,0.671875,0.13978314399719238,0.21699190139770508,0.625,0.625
2,2,155,0.8196910619735718,0.6875,0.12631797790527344,0.2198944091796875,0.625,0.625
2,2,156,0.8510081171989441,0.6875,0.12330317497253418,0.20189762115478516,0.625,0.625
2,2,157,0.8401730060577393,0.671875,0.10339617729187012,0.18143415451049805,0.625,0.625
2,2,158,0.7070406675338745,0.78125,0.14037060737609863,0.2220444679260254,0.625,0.625
2,2,159,0.9023106098175049,0.71875,0.10727620124816895,0.18551945686340332,0.625,0.625
2,2,160,0.7390581369400024,0.71875,0.13023710250854492,0.20822978019714355,0.625,0.625
2,2,161,0.9881780743598938,0.671875,0.1065528392791748,0.1835019588470459,0.625,0.625
2,2,162,0.9490188360214233,0.578125,0.13503599166870117,0.21510958671569824,0.625,0.625
2,2,163,0.9750818014144897,0.640625,0.10483026504516602,0.1819155216217041,0.625,0.625
2,2,164,0.579926609992981,0.765625,0.14075708389282227,0.21960902214050293,0.625,0.625
2,2,165,0.7918704748153687,0.765625,0.10468864440917969,0.184279203414917,0.625,0.625
2,2,166,0.9032226800918579,0.734375,0.14884662628173828,0.22849369049072266,0.625,0.625
2,2,167,0.8847393989562988,0.734375,0.1075592041015625,0.1864156723022461,0.625,0.625
2,2,168,0.8937047123908997,0.609375,0.13791370391845703,0.21985650062561035,0.625,0.625
2,2,169,0.6224395632743835,0.765625,0.10938382148742676,0.19331765174865723,0.625,0.625
2,2,170,0.9122670888900757,0.6875,0.1429424285888672,0.22458171844482422,0.625,0.625
2,2,171,0.7552399039268494,0.6875,0.11032819747924805,0.18949627876281738,0.625,0.625
2,2,172,0.9405116438865662,0.59375,0.13611769676208496,0.21558141708374023,0.625,0.625
2,2,173,0.8273589611053467,0.671875,0.12351274490356445,0.20613980293273926,0.625,0.625
2,2,174,0.7331809997558594,0.734375,0.13506436347961426,0.21649670600891113,0.625,0.625
2,2,175,0.9342472553253174,0.71875,0.11241483688354492,0.20367193222045898,0.625,0.625
2,2,176,0.8892444372177124,0.65625,0.14922666549682617,0.2378075122833252,0.625,0.625
2,2,177,0.6646234393119812,0.796875,0.10239481925964355,0.1804947853088379,0.625,0.625
2,2,178,0.9930986166000366,0.625,0.14543414115905762,0.22597908973693848,0.625,0.625
2,2,179,0.704903781414032,0.78125,0.1066884994506836,0.18665242195129395,0.625,0.625
2,2,180,0.7369303703308105,0.6875,0.1373295783996582,0.21860456466674805,0.625,0.625
2,2,181,0.7683451175689697,0.703125,0.10893845558166504,0.1906132698059082,0.625,0.625
2,2,182,0.8904190063476562,0.640625,0.13962244987487793,0.22542977333068848,0.625,0.625
2,2,183,1.065039873123169,0.625,0.11072897911071777,0.20187950134277344,0.625,0.625
2,2,184,0.9461420774459839,0.625,0.16242599487304688,0.24172592163085938,0.625,0.625
2,2,185,0.843267560005188,0.6875,0.10751795768737793,0.18734502792358398,0.625,0.625
2,2,186,1.0124796628952026,0.59375,0.1384592056274414,0.22141146659851074,0.625,0.625
2,2,187,0.979236364364624,0.6875,0.10609674453735352,0.18682217597961426,0.625,0.625
2,2,188,0.8999698162078857,0.6875,0.12468504905700684,0.21008801460266113,0.625,0.625
2,2,189,0.8622239828109741,0.640625,0.10732007026672363,0.18584418296813965,0.625,0.625
2,2,190,1.0010946989059448,0.59375,0.1277472972869873,0.20904207229614258,0.625,0.625
2,2,191,0.6861193776130676,0.78125,0.13227248191833496,0.22254061698913574,0.625,0.625
2,2,192,0.8569284677505493,0.703125,0.10094451904296875,0.18068718910217285,0.625,0.625
2,2,193,0.8959450721740723,0.6875,0.1407787799835205,0.22057056427001953,0.625,0.625
2,2,194,0.8987233638763428,0.71875,0.1076204776763916,0.1852874755859375,0.625,0.625
2,2,195,0.7618082165718079,0.765625,0.1268138885498047,0.20643258094787598,0.625,0.625
2,2,196,0.7448055744171143,0.703125,0.13836908340454102,0.2150723934173584,0.625,0.625
2,2,197,1.0391433238983154,0.640625,0.10741281509399414,0.18935585021972656,0.625,0.625
2,2,198,1.0921045541763306,0.6875,0.1349349021911621,0.21740198135375977,0.625,0.625
2,2,199,1.1242761611938477,0.59375,0.12283158302307129,0.2335813045501709,0.625,0.625
2,2,200,0.7950921654701233,0.65625,0.1287376880645752,0.21070313453674316,0.625,0.625
2,2,201,0.7420105934143066,0.78125,0.11341667175292969,0.1933460235595703,0.625,0.625
2,2,202,0.9168695211410522,0.671875,0.1237034797668457,0.20359230041503906,0.625,0.625
2,2,203,1.0912400484085083,0.640625,0.10174441337585449,0.18392324447631836,0.625,0.625
2,2,204,0.8033531904220581,0.6875,0.12319469451904297,0.20498037338256836,0.625,0.625
2,2,205,1.0432946681976318,0.640625,0.10469436645507812,0.1836402416229248,0.625,0.625
2,2,206,0.6927099227905273,0.734375,0.1415560245513916,0.22082972526550293,0.625,0.625
2,2,207,0.9479012489318848,0.625,0.10573816299438477,0.1844172477722168,0.625,0.625
2,2,208,0.8351302146911621,0.71875,0.15142440795898438,0.23211669921875,0.625,0.625
2,2,209,1.046340823173523,0.640625,0.1060028076171875,0.18326807022094727,0.625,0.625
2,2,210,0.9798910617828369,0.6875,0.12462782859802246,0.20066070556640625,0.625,0.625
2,2,211,0.9147793054580688,0.703125,0.14530372619628906,0.22355246543884277,0.625,0.625
2,2,212,1.157537579536438,0.5625,0.10383152961730957,0.18521428108215332,0.625,0.625
2,2,213,0.7857880592346191,0.71875,0.14538979530334473,0.2220923900604248,0.625,0.625
2,2,214,0.8797849416732788,0.71875,0.11179089546203613,0.19010305404663086,0.625,0.625
2,2,215,1.0146064758300781,0.671875,0.14685559272766113,0.23120498657226562,0.625,0.625
2,2,216,0.6584457159042358,0.765625,0.1266181468963623,0.20813941955566406,0.625,0.625
2,2,217,1.0579581260681152,0.65625,0.12521076202392578,0.2126779556274414,0.625,0.625
2,2,218,0.9982315301895142,0.671875,0.11585497856140137,0.195664644241333,0.625,0.625
2,2,219,0.6121492385864258,0.78125,0.13664579391479492,0.2186286449432373,0.625,0.625
2,2,220,0.5166432857513428,0.8125,0.10550308227539062,0.19475388526916504,0.625,0.625
2,2,221,0.7195382118225098,0.765625,0.12875795364379883,0.20669007301330566,0.625,0.625
2,2,222,0.5186260938644409,0.828125,0.11604928970336914,0.19739007949829102,0.625,0.625
2,2,223,0.9506872892379761,0.6875,0.1386275291442871,0.21605181694030762,0.625,0.625
2,2,224,0.8303710222244263,0.703125,0.13051605224609375,0.20957303047180176,0.625,0.625
2,2,225,0.9672595262527466,0.640625,0.1428849697113037,0.2283165454864502,0.625,0.625
2,2,226,0.8600020408630371,0.71875,0.12848234176635742,0.24762248992919922,0.625,0.625
2,2,227,1.0495747327804565,0.671875,0.14477300643920898,0.23047590255737305,0.625,0.625
2,2,228,0.7079569101333618,0.765625,0.11006736755371094,0.1914198398590088,0.625,0.625
2,2,229,0.6944175958633423,0.765625,0.13996243476867676,0.23241829872131348,0.625,0.625
2,2,230,0.7530288100242615,0.6875,0.10325145721435547,0.18385577201843262,0.625,0.625
2,2,231,0.9301520586013794,0.65625,0.13373947143554688,0.21437692642211914,0.625,0.625
2,2,232,0.7687954902648926,0.8125,0.10175871849060059,0.17845749855041504,0.625,0.625
2,2,233,0.9339100122451782,0.625,0.1375865936279297,0.2155909538269043,0.625,0.625
2,2,234,1.0470020771026611,0.640625,0.12708783149719238,0.20358037948608398,0.625,0.625
2,2,235,0.7544575333595276,0.703125,0.14051389694213867,0.22454619407653809,0.625,0.625
2,2,236,0.722307026386261,0.765625,0.1161041259765625,0.19623327255249023,0.625,0.625
2,2,237,0.886986494064331,0.75,0.14110302925109863,0.2196187973022461,0.625,0.625
2,2,238,1.0506951808929443,0.671875,0.12546634674072266,0.2041463851928711,0.625,0.625
2,2,239,0.8122713565826416,0.65625,0.14032673835754395,0.2221510410308838,0.625,0.625
2,2,240,0.8421261310577393,0.6875,0.10630345344543457,0.1983802318572998,0.625,0.625
2,2,241,0.6768901348114014,0.734375,0.13523268699645996,0.21611976623535156,0.625,0.625
2,2,242,0.9855766892433167,0.59375,0.10329818725585938,0.18647384643554688,0.625,0.625
2,2,243,0.702973484992981,0.75,0.14093947410583496,0.22221803665161133,0.625,0.625
2,2,244,0.8967611789703369,0.671875,0.10611200332641602,0.18554210662841797,0.625,0.625
2,2,245,0.9212609529495239,0.703125,0.14653468132019043,0.2308368682861328,0.625,0.625
2,2,246,0.9084447622299194,0.71875,0.1048276424407959,0.2041928768157959,0.625,0.625
2,2,247,0.8691152334213257,0.703125,0.13622450828552246,0.22160649299621582,0.625,0.625
2,2,248,0.7761482000350952,0.71875,0.12175750732421875,0.20319461822509766,0.625,0.625
2,2,249,0.9441414475440979,0.671875,0.13891196250915527,0.22330808639526367,0.625,0.625
2,2,250,1.020660638809204,0.65625,0.1018989086151123,0.19073987007141113,0.625,0.625
2,2,251,0.7865886092185974,0.703125,0.13538146018981934,0.21251964569091797,0.625,0.625
2,2,252,0.863713264465332,0.6875,0.1317124366760254,0.20932626724243164,0.625,0.625
2,2,253,0.6746228933334351,0.765625,0.13035106658935547,0.21237516403198242,0.625,0.625
2,2,254,0.6983952522277832,0.71875,0.14960694313049316,0.2331094741821289,0.625,0.625
2,2,255,0.7123353481292725,0.765625,0.10669684410095215,0.18852829933166504,0.625,0.625
2,2,256,0.5519866347312927,0.8125,0.14431381225585938,0.23411178588867188,0.625,0.625
2,2,257,0.8000141382217407,0.765625,0.10743165016174316,0.19488811492919922,0.625,0.625
2,2,258,0.8006981611251831,0.734375,0.14063358306884766,0.22455787658691406,0.625,0.625
2,2,259,0.707222580909729,0.765625,0.10220456123352051,0.1788022518157959,0.625,0.625
2,3,0,0.6773113012313843,0.734375,0.1300039291381836,0.21660423278808594,0.625,0.625
2,3,1,0.621933102607727,0.78125,0.12599587440490723,0.20860600471496582,0.625,0.625
2,3,2,0.7084007859230042,0.75,0.14257383346557617,0.22816896438598633,0.625,0.625
2,3,3,0.9597278237342834,0.6875,0.09646415710449219,0.18787074089050293,0.625,0.625
2,3,4,0.6105208396911621,0.734375,0.15776276588439941,0.24738335609436035,0.625,0.625
2,3,5,0.8354960680007935,0.640625,0.13575506210327148,0.21706867218017578,0.625,0.625
2,3,6,0.5515885353088379,0.8125,0.13640356063842773,0.21849656105041504,0.625,0.625
2,3,7,0.7219861149787903,0.765625,0.12640738487243652,0.20587372779846191,0.625,0.625
2,3,8,0.788648247718811,0.71875,0.14560770988464355,0.22455406188964844,0.625,0.625
2,3,9,0.631586492061615,0.765625,0.10967111587524414,0.18866324424743652,0.625,0.625
2,3,10,0.751244068145752,0.75,0.14931464195251465,0.22699642181396484,0.625,0.625
2,3,11,0.8099761605262756,0.75,0.12310600280761719,0.2039504051208496,0.625,0.625
2,3,12,0.44594135880470276,0.875,0.12423872947692871,0.20668911933898926,0.625,0.625
2,3,13,0.795782208442688,0.765625,0.10985827445983887,0.18976187705993652,0.625,0.625
2,3,14,0.6805833578109741,0.765625,0.13739418983459473,0.22187447547912598,0.625,0.625
2,3,15,0.7372148633003235,0.75,0.10960578918457031,0.19001150131225586,0.625,0.625
2,3,16,0.5236615538597107,0.8125,0.13444924354553223,0.21567273139953613,0.625,0.625
2,3,17,0.553286612033844,0.828125,0.12625622749328613,0.20823955535888672,0.625,0.625
2,3,18,0.7281188368797302,0.765625,0.14412760734558105,0.2326335906982422,0.625,0.625
2,3,19,0.7524624466896057,0.71875,0.10177206993103027,0.18117189407348633,0.625,0.625
2,3,20,0.8711018562316895,0.703125,0.13762450218200684,0.21996068954467773,0.625,0.625
2,3,21,0.6134679913520813,0.78125,0.15514111518859863,0.28472280502319336,0.625,0.625
2,3,22,0.954503059387207,0.6875,0.16775083541870117,0.27037835121154785,0.625,0.625
2,3,23,0.7885764837265015,0.75,0.12320232391357422,0.21344900131225586,0.625,0.625
2,3,24,0.7747266292572021,0.71875,0.1429610252380371,0.22367596626281738,0.625,0.625
2,3,25,0.5677131414413452,0.8125,0.16646289825439453,0.2662968635559082,0.625,0.625
2,3,26,0.7188069820404053,0.75,0.1588420867919922,0.24836134910583496,0.625,0.625
2,3,27,0.652383029460907,0.75,0.1338672637939453,0.22634172439575195,0.625,0.625
2,3,28,0.6183117628097534,0.765625,0.14344191551208496,0.2220296859741211,0.625,0.625
2,3,29,0.9928915500640869,0.640625,0.10663604736328125,0.18726634979248047,0.625,0.625
2,3,30,0.8257520794868469,0.734375,0.12244272232055664,0.1983931064605713,0.625,0.625
2,3,31,0.5515408515930176,0.828125,0.10450983047485352,0.1823275089263916,0.625,0.625
2,3,32,0.5275510549545288,0.78125,0.13314557075500488,0.2094745635986328,0.625,0.625
2,3,33,0.7124286890029907,0.734375,0.1103053092956543,0.18726325035095215,0.625,0.625
2,3,34,0.7459485530853271,0.765625,0.13880515098571777,0.2181541919708252,0.625,0.625
2,3,35,0.6914550065994263,0.734375,0.12285780906677246,0.20239543914794922,0.625,0.625
2,3,36,0.5863795280456543,0.765625,0.13133716583251953,0.20758700370788574,0.625,0.625
2,3,37,0.7888801097869873,0.71875,0.10135698318481445,0.1805713176727295,0.625,0.625
2,3,38,0.844388484954834,0.703125,0.12999939918518066,0.20850253105163574,0.625,0.625
2,3,39,0.44504451751708984,0.828125,0.1012275218963623,0.17887592315673828,0.625,0.625
2,3,40,0.6321857571601868,0.71875,0.12958264350891113,0.20516633987426758,0.625,0.625
2,3,41,0.8876418471336365,0.75,0.1054539680480957,0.185089111328125,0.625,0.625
2,3,42,0.5466127395629883,0.796875,0.13493895530700684,0.21056795120239258,0.625,0.625
2,3,43,0.8221068978309631,0.75,0.10338926315307617,0.18794488906860352,0.625,0.625
2,3,44,0.5531092882156372,0.796875,0.12479543685913086,0.20394659042358398,0.625,0.625
2,3,45,0.618800163269043,0.8125,0.10258078575134277,0.18100976943969727,0.625,0.625
2,3,46,0.6101619005203247,0.765625,0.1281270980834961,0.20618104934692383,0.625,0.625
2,3,47,0.5900872945785522,0.78125,0.12232708930969238,0.19886469841003418,0.625,0.625
2,3,48,0.7693378925323486,0.6875,0.1287839412689209,0.2077159881591797,0.625,0.625
2,3,49,0.6776201725006104,0.75,0.10629558563232422,0.19309639930725098,0.625,0.625
2,3,50,0.7050411701202393,0.75,0.13587188720703125,0.21897029876708984,0.625,0.625
2,3,51,0.7905755043029785,0.734375,0.14221787452697754,0.22634649276733398,0.625,0.625
2,3,52,0.7079853415489197,0.765625,0.18282294273376465,0.27190613746643066,0.625,0.625
2,3,53,0.5033389925956726,0.828125,0.12391924858093262,0.22209405899047852,0.625,0.625
2,3,54,0.6542924046516418,0.765625,0.1540389060974121,0.24437284469604492,0.625,0.625
2,3,55,0.3558386564254761,0.890625,0.12698841094970703,0.21688127517700195,0.625,0.625
2,3,56,0.6000567674636841,0.75,0.15902209281921387,0.24852347373962402,0.625,0.625
2,3,57,0.7058963775634766,0.734375,0.12947893142700195,0.2307734489440918,0.625,0.625
2,3,58,0.6842772364616394,0.796875,0.16889572143554688,0.2544825077056885,0.625,0.625
2,3,59,0.8924446702003479,0.734375,0.12231779098510742,0.22056269645690918,0.625,0.625
2,3,60,0.80138099193573,0.75,0.1544647216796875,0.24213552474975586,0.625,0.625
2,3,61,0.49970394372940063,0.765625,0.1276712417602539,0.2171182632446289,0.625,0.625
2,3,62,0.7042937278747559,0.71875,0.12096524238586426,0.21996688842773438,0.625,0.625
2,3,63,0.5834798216819763,0.765625,0.12373685836791992,0.2127840518951416,0.625,0.625
2,3,64,0.7203299403190613,0.703125,0.1293954849243164,0.22603225708007812,0.625,0.625
2,3,65,0.9025906324386597,0.65625,0.14103245735168457,0.23594021797180176,0.625,0.625
2,3,66,0.5817033648490906,0.75,0.10359001159667969,0.18609142303466797,0.625,0.625
2,3,67,0.7389435768127441,0.734375,0.147355318069458,0.24193120002746582,0.625,0.625
2,3,68,0.8541767597198486,0.734375,0.10186362266540527,0.18706607818603516,0.625,0.625
2,3,69,0.48624321818351746,0.890625,0.13646388053894043,0.2206742763519287,0.625,0.625
2,3,70,0.7515668272972107,0.78125,0.13069939613342285,0.21747112274169922,0.625,0.625
2,3,71,0.865395188331604,0.703125,0.14178252220153809,0.22032451629638672,0.625,0.625
2,3,72,0.5156727433204651,0.796875,0.12954998016357422,0.21185922622680664,0.625,0.625
2,3,73,0.5627679228782654,0.796875,0.15810608863830566,0.2535438537597656,0.625,0.625
2,3,74,0.7490332126617432,0.703125,0.12537550926208496,0.20764374732971191,0.625,0.625
2,3,75,0.5993633270263672,0.78125,0.1562047004699707,0.2448105812072754,0.625,0.625
2,3,76,0.8911093473434448,0.640625,0.11571741104125977,0.20624399185180664,0.625,0.625
2,3,77,0.9011856317520142,0.703125,0.1271190643310547,0.20464205741882324,0.625,0.625
2,3,78,0.7158094048500061,0.78125,0.10558342933654785,0.18909096717834473,0.625,0.625
2,3,79,0.7520620822906494,0.765625,0.13263368606567383,0.21312856674194336,0.625,0.625
2,3,80,0.48350316286087036,0.828125,0.10555458068847656,0.19513344764709473,0.625,0.625
2,3,81,0.9123218059539795,0.65625,0.13072800636291504,0.2118082046508789,0.625,0.625
2,3,82,0.7009809017181396,0.8125,0.1241750717163086,0.20959687232971191,0.625,0.625
2,3,83,0.704308271408081,0.71875,0.1397721767425537,0.2211015224456787,0.625,0.625
2,3,84,0.8562551736831665,0.671875,0.12385272979736328,0.20689606666564941,0.625,0.625
2,3,85,0.5802603363990784,0.796875,0.14239144325256348,0.23425078392028809,0.625,0.625
2,3,86,0.44583529233932495,0.8125,0.11973237991333008,0.20773792266845703,0.625,0.625
2,3,87,0.5848894715309143,0.765625,0.13221359252929688,0.22187304496765137,0.625,0.625
2,3,88,0.8438451290130615,0.765625,0.1254110336303711,0.22880172729492188,0.625,0.625
2,3,89,0.7146492004394531,0.75,0.13808631896972656,0.2277970314025879,0.625,0.625
2,3,90,0.7404071688652039,0.765625,0.09738516807556152,0.1871497631072998,0.625,0.625
2,3,91,0.8811107873916626,0.671875,0.13831710815429688,0.2193913459777832,0.625,0.625
2,3,92,0.6778073310852051,0.78125,0.11872649192810059,0.19826674461364746,0.625,0.625
2,3,93,0.6337849497795105,0.78125,0.13113164901733398,0.21956825256347656,0.625,0.625
2,3,94,0.5834234952926636,0.78125,0.1470930576324463,0.23854613304138184,0.625,0.625
2,3,95,0.8238313794136047,0.765625,0.15134692192077637,0.2340717315673828,0.625,0.625
2,3,96,0.7264755368232727,0.71875,0.1240379810333252,0.20747756958007812,0.625,0.625
2,3,97,0.7314270734786987,0.75,0.13667631149291992,0.21512532234191895,0.625,0.625
2,3,98,1.0306607484817505,0.640625,0.11896777153015137,0.19753813743591309,0.625,0.625
2,3,99,0.7639338970184326,0.734375,0.13992547988891602,0.22017168998718262,0.625,0.625
2,3,100,0.6591562628746033,0.78125,0.10513544082641602,0.20065689086914062,0.625,0.625
2,3,101,0.7973307371139526,0.78125,0.12286233901977539,0.20722198486328125,0.625,0.625
2,3,102,0.7844597101211548,0.71875,0.10684394836425781,0.1882774829864502,0.625,0.625
2,3,103,0.500063419342041,0.78125,0.14809846878051758,0.22808241844177246,0.625,0.625
2,3,104,0.6359326839447021,0.765625,0.11055636405944824,0.19423985481262207,0.625,0.625
2,3,105,0.9882333278656006,0.65625,0.13106250762939453,0.20916986465454102,0.625,0.625
2,3,106,0.9929821491241455,0.65625,0.11522793769836426,0.199843168258667,0.625,0.625
2,3,107,0.8346884250640869,0.625,0.1470038890838623,0.23150968551635742,0.625,0.625
2,3,108,0.8997003436088562,0.734375,0.12796926498413086,0.21265530586242676,0.625,0.625
2,3,109,0.8416902422904968,0.6875,0.12916159629821777,0.21410322189331055,0.625,0.625
2,3,110,0.6948328018188477,0.765625,0.11879324913024902,0.19617462158203125,0.625,0.625
2,3,111,0.7019205093383789,0.78125,0.1409003734588623,0.2269270420074463,0.625,0.625
2,3,112,0.7111923098564148,0.78125,0.10930752754211426,0.19045376777648926,0.625,0.625
2,3,113,0.7017003893852234,0.75,0.15002226829528809,0.22850608825683594,0.625,0.625
2,3,114,0.9122017621994019,0.71875,0.1212308406829834,0.1968982219696045,0.625,0.625
2,3,115,0.722751259803772,0.765625,0.137009859085083,0.21570420265197754,0.625,0.625
2,3,116,0.6992837190628052,0.75,0.13109040260314941,0.20826506614685059,0.625,0.625
2,3,117,0.7215203046798706,0.765625,0.1511399745941162,0.22925543785095215,0.625,0.625
2,3,118,0.6123917102813721,0.796875,0.10469555854797363,0.19028210639953613,0.625,0.625
2,3,119,0.6129034757614136,0.8125,0.12659215927124023,0.2041776180267334,0.625,0.625
2,3,120,0.6052868366241455,0.8125,0.11904263496398926,0.19839167594909668,0.625,0.625
2,3,121,0.5172083973884583,0.8125,0.13538050651550293,0.2184140682220459,0.625,0.625
2,3,122,0.7484555244445801,0.734375,0.11958003044128418,0.2021322250366211,0.625,0.625
2,3,123,0.6438429951667786,0.78125,0.14589810371398926,0.22513055801391602,0.625,0.625
2,3,124,0.8519995808601379,0.71875,0.10718083381652832,0.18661189079284668,0.625,0.625
2,3,125,0.6584748029708862,0.75,0.14155030250549316,0.22511720657348633,0.625,0.625
2,3,126,1.0980608463287354,0.640625,0.11312651634216309,0.19472146034240723,0.625,0.625
2,3,127,0.6315479278564453,0.765625,0.1395883560180664,0.2195758819580078,0.625,0.625
2,3,128,0.8117541074752808,0.71875,0.10651898384094238,0.18472766876220703,0.625,0.625
2,3,129,0.8618228435516357,0.6875,0.1412034034729004,0.2263929843902588,0.625,0.625
2,3,130,0.9140492081642151,0.671875,0.1081838607788086,0.18935894966125488,0.625,0.625
2,3,131,0.7414758205413818,0.75,0.1515216827392578,0.23445725440979004,0.625,0.625
2,3,132,0.6135627627372742,0.796875,0.10341095924377441,0.18474173545837402,0.625,0.625
2,3,133,0.6420319080352783,0.796875,0.1420423984527588,0.2192084789276123,0.625,0.625
2,3,134,0.8333218693733215,0.71875,0.10525274276733398,0.1953907012939453,0.625,0.625
2,3,135,0.6678158640861511,0.765625,0.1341552734375,0.21308183670043945,0.625,0.625
2,3,136,0.7087125182151794,0.75,0.10879921913146973,0.18813848495483398,0.625,0.625
2,3,137,0.9873561263084412,0.671875,0.14202618598937988,0.223358154296875,0.625,0.625
2,3,138,0.5861374735832214,0.75,0.10101962089538574,0.1886298656463623,0.625,0.625
2,3,139,0.8015198707580566,0.734375,0.13915634155273438,0.21952080726623535,0.625,0.625
2,3,140,0.9188963174819946,0.671875,0.11543917655944824,0.19208502769470215,0.625,0.625
2,3,141,0.5215106010437012,0.8125,0.14781665802001953,0.22689390182495117,0.625,0.625
2,3,142,0.777976393699646,0.71875,0.11118578910827637,0.194779634475708,0.625,0.625
2,3,143,0.7266175746917725,0.703125,0.13788890838623047,0.21552133560180664,0.625,0.625
2,3,144,0.920210599899292,0.671875,0.10300135612487793,0.18184280395507812,0.625,0.625
2,3,145,0.8534409999847412,0.703125,0.13746404647827148,0.22359442710876465,0.625,0.625
2,3,146,0.5033616423606873,0.828125,0.12009859085083008,0.21727585792541504,0.625,0.625
2,3,147,0.8938964009284973,0.6875,0.12887167930603027,0.20766520500183105,0.625,0.625
2,3,148,0.6047694683074951,0.828125,0.10847187042236328,0.1863863468170166,0.625,0.625
2,3,149,0.725523054599762,0.71875,0.16369128227233887,0.2404792308807373,0.625,0.625
2,3,150,0.7392114400863647,0.765625,0.11693406105041504,0.1945810317993164,0.625,0.625
2,3,151,0.7380445003509521,0.71875,0.1497502326965332,0.23106765747070312,0.625,0.625
2,3,152,0.7605048418045044,0.8125,0.10557079315185547,0.1846907138824463,0.625,0.625
2,3,153,0.8671666383743286,0.71875,0.16013121604919434,0.2424333095550537,0.625,0.625
2,3,154,0.8618128895759583,0.65625,0.10091280937194824,0.1835460662841797,0.625,0.625
2,3,155,0.8076666593551636,0.75,0.1282200813293457,0.21137356758117676,0.625,0.625
2,3,156,0.7270852327346802,0.75,0.0968012809753418,0.18516159057617188,0.625,0.625
2,3,157,0.8160492181777954,0.71875,0.13476109504699707,0.21651148796081543,0.625,0.625
2,3,158,0.7009532451629639,0.75,0.11771917343139648,0.20776844024658203,0.625,0.625
2,3,159,0.8259984254837036,0.71875,0.10767531394958496,0.18955779075622559,0.625,0.625
2,3,160,0.6633052229881287,0.75,0.15273022651672363,0.232696533203125,0.625,0.625
2,3,161,0.7128714919090271,0.75,0.10735702514648438,0.1884915828704834,0.625,0.625
2,3,162,0.625137209892273,0.8125,0.14145541191101074,0.22263121604919434,0.625,0.625
2,3,163,0.7141523361206055,0.75,0.11574530601501465,0.19635534286499023,0.625,0.625
2,3,164,0.6764352321624756,0.796875,0.14364123344421387,0.23277044296264648,0.625,0.625
2,3,165,0.7274170517921448,0.765625,0.10917162895202637,0.1875758171081543,0.625,0.625
2,3,166,0.7317436337471008,0.734375,0.16000580787658691,0.23843669891357422,0.625,0.625
2,3,167,0.7793165445327759,0.765625,0.1068418025970459,0.18624281883239746,0.625,0.625
2,3,168,0.6617858409881592,0.75,0.14230561256408691,0.22178030014038086,0.625,0.625
2,3,169,0.6992429494857788,0.71875,0.10831522941589355,0.18770933151245117,0.625,0.625
2,3,170,0.6862406730651855,0.734375,0.1369636058807373,0.21502232551574707,0.625,0.625
2,3,171,0.6099648475646973,0.78125,0.10706830024719238,0.18495917320251465,0.625,0.625
2,3,172,0.7254135608673096,0.796875,0.13692069053649902,0.21430540084838867,0.625,0.625
2,3,173,0.7343740463256836,0.6875,0.09346413612365723,0.18019509315490723,0.625,0.625
2,3,174,0.47090691328048706,0.75,0.1566314697265625,0.23583388328552246,0.625,0.625
2,3,175,0.7434189915657043,0.734375,0.10840368270874023,0.1866757869720459,0.625,0.625
2,3,176,0.7721459269523621,0.71875,0.1410970687866211,0.22043347358703613,0.625,0.625
2,3,177,0.6296072006225586,0.75,0.09300017356872559,0.18660998344421387,0.625,0.625
2,3,178,0.6627492904663086,0.78125,0.14756226539611816,0.2358846664428711,0.625,0.625
2,3,179,0.6063059568405151,0.796875,0.10426759719848633,0.18727588653564453,0.625,0.625
2,3,180,0.9908736944198608,0.640625,0.1370837688446045,0.23014140129089355,0.625,0.625
2,3,181,0.8007194995880127,0.671875,0.11583232879638672,0.19750523567199707,0.625,0.625
2,3,182,0.7600948810577393,0.765625,0.14977645874023438,0.23197197914123535,0.625,0.625
2,3,183,0.8002009391784668,0.65625,0.10241150856018066,0.18387413024902344,0.625,0.625
2,3,184,0.8882593512535095,0.65625,0.1540689468383789,0.23842620849609375,0.625,0.625
2,3,185,0.6729052066802979,0.75,0.09249997138977051,0.17980194091796875,0.625,0.625
2,3,186,0.8812754154205322,0.65625,0.14514660835266113,0.2260904312133789,0.625,0.625
2,3,187,0.7458171844482422,0.78125,0.10166597366333008,0.1791219711303711,0.625,0.625
2,3,188,0.7210747599601746,0.765625,0.143829345703125,0.22144269943237305,0.625,0.625
2,3,189,0.637086033821106,0.78125,0.1186985969543457,0.19985103607177734,0.625,0.625
2,3,190,0.8201131820678711,0.71875,0.13141369819641113,0.21123409271240234,0.625,0.625
2,3,191,0.644599437713623,0.75,0.11035037040710449,0.18984556198120117,0.625,0.625
2,3,192,0.7305583953857422,0.71875,0.14409160614013672,0.22108745574951172,0.625,0.625
2,3,193,0.7055546045303345,0.71875,0.11526226997375488,0.1940290927886963,0.625,0.625
2,3,194,0.8946824073791504,0.765625,0.13882923126220703,0.21639370918273926,0.625,0.625
2,3,195,0.6074055433273315,0.828125,0.13736367225646973,0.2269439697265625,0.625,0.625
2,3,196,0.652913510799408,0.765625,0.11892271041870117,0.20192337036132812,0.625,0.625
2,3,197,0.8480426073074341,0.6875,0.12250113487243652,0.20601177215576172,0.625,0.625
2,3,198,0.6670300960540771,0.734375,0.1047050952911377,0.1988213062286377,0.625,0.625
2,3,199,0.5485807657241821,0.828125,0.12981820106506348,0.20847582817077637,0.625,0.625
2,3,200,0.8158286809921265,0.6875,0.14021039009094238,0.21839213371276855,0.625,0.625
2,3,201,0.7671015858650208,0.734375,0.12857866287231445,0.20558619499206543,0.625,0.625
2,3,202,0.584121823310852,0.765625,0.11843419075012207,0.19669103622436523,0.625,0.625
2,3,203,0.8143757581710815,0.75,0.15428948402404785,0.23886728286743164,0.625,0.625
2,3,204,0.7257429361343384,0.75,0.11662793159484863,0.19430279731750488,0.625,0.625
2,3,205,0.7575424909591675,0.765625,0.17609906196594238,0.2542731761932373,0.625,0.625
2,3,206,0.7778857350349426,0.703125,0.11361360549926758,0.1934969425201416,0.625,0.625
2,3,207,0.7383745312690735,0.765625,0.13302922248840332,0.21801114082336426,0.625,0.625
2,3,208,0.5810215473175049,0.78125,0.1431264877319336,0.22817587852478027,0.625,0.625
2,3,209,0.5780815482139587,0.734375,0.10062623023986816,0.17778229713439941,0.625,0.625
2,3,210,0.5131624937057495,0.828125,0.14251470565795898,0.23436737060546875,0.625,0.625
2,3,211,0.8817756772041321,0.625,0.11579060554504395,0.19658875465393066,0.625,0.625
2,3,212,0.6428170204162598,0.796875,0.10816812515258789,0.18833422660827637,0.625,0.625
2,3,213,1.047132968902588,0.59375,0.15499353408813477,0.23223590850830078,0.625,0.625
2,3,214,1.206802248954773,0.59375,0.1137702465057373,0.19715285301208496,0.625,0.625
2,3,215,0.38328221440315247,0.90625,0.13828706741333008,0.2159571647644043,0.625,0.625
2,3,216,0.8332281708717346,0.625,0.10980653762817383,0.18882274627685547,0.625,0.625
2,3,217,0.6689345836639404,0.734375,0.15072393417358398,0.22858834266662598,0.625,0.625
2,3,218,0.539243757724762,0.8125,0.10584855079650879,0.18844008445739746,0.625,0.625
2,3,219,0.8795837163925171,0.734375,0.14687108993530273,0.2350904941558838,0.625,0.625
2,3,220,0.633736789226532,0.8125,0.1179349422454834,0.19910907745361328,0.625,0.625
2,3,221,0.43462973833084106,0.875,0.13200759887695312,0.2193293571472168,0.625,0.625
2,3,222,0.8523126840591431,0.6875,0.10407090187072754,0.18705487251281738,0.625,0.625
2,3,223,0.8225395679473877,0.703125,0.1328144073486328,0.214630126953125,0.625,0.625
2,3,224,0.6549391746520996,0.75,0.10660362243652344,0.18753385543823242,0.625,0.625
2,3,225,0.6371800899505615,0.75,0.13892531394958496,0.21500515937805176,0.625,0.625
2,3,226,1.0101540088653564,0.6875,0.11690425872802734,0.19384407997131348,0.625,0.625
2,3,227,0.6367207169532776,0.796875,0.15857863426208496,0.23996806144714355,0.625,0.625
2,3,228,0.9463332295417786,0.65625,0.10946249961853027,0.18790555000305176,0.625,0.625
2,3,229,0.5692774057388306,0.796875,0.1447901725769043,0.22643589973449707,0.625,0.625
2,3,230,0.6949948668479919,0.765625,0.1083371639251709,0.1860973834991455,0.625,0.625
2,3,231,0.7242341041564941,0.71875,0.13646507263183594,0.22394800186157227,0.625,0.625
2,3,232,0.6494961977005005,0.796875,0.10995292663574219,0.19489073753356934,0.625,0.625
2,3,233,0.7847669124603271,0.765625,0.15472102165222168,0.24669218063354492,0.625,0.625
2,3,234,0.7333263158798218,0.75,0.11837410926818848,0.20576167106628418,0.625,0.625
2,3,235,0.7765505313873291,0.734375,0.14078640937805176,0.22101616859436035,0.625,0.625
2,3,236,0.81158047914505,0.65625,0.10887956619262695,0.2080981731414795,0.625,0.625
2,3,237,0.7571617364883423,0.78125,0.12169170379638672,0.20281171798706055,0.625,0.625
2,3,238,0.6779108047485352,0.75,0.10434675216674805,0.1899404525756836,0.625,0.625
2,3,239,0.627098798751831,0.765625,0.14043545722961426,0.2225480079650879,0.625,0.625
2,3,240,0.5476043224334717,0.78125,0.11178255081176758,0.1911928653717041,0.625,0.625
2,3,241,0.6518146395683289,0.78125,0.14310407638549805,0.22645974159240723,0.625,0.625
2,3,242,0.9061506986618042,0.6875,0.11664199829101562,0.2013404369354248,0.625,0.625
2,3,243,0.8912413120269775,0.703125,0.1469135284423828,0.22786664962768555,0.625,0.625
2,3,244,0.6504573822021484,0.75,0.11104798316955566,0.19292426109313965,0.625,0.625
2,3,245,0.6308626532554626,0.78125,0.1412343978881836,0.22690534591674805,0.625,0.625
2,3,246,0.5718797445297241,0.8125,0.10265994071960449,0.18974637985229492,0.625,0.625
2,3,247,0.7354610562324524,0.765625,0.1361863613128662,0.21672749519348145,0.625,0.625
2,3,248,0.8833224773406982,0.671875,0.11425900459289551,0.19324922561645508,0.625,0.625
2,3,249,0.685521125793457,0.75,0.13634061813354492,0.2143239974975586,0.625,0.625
2,3,250,0.5728415250778198,0.796875,0.10529899597167969,0.18398165702819824,0.625,0.625
2,3,251,0.8931936621665955,0.65625,0.14597606658935547,0.23177266120910645,0.625,0.625
2,3,252,0.6254391670227051,0.796875,0.1203315258026123,0.19912505149841309,0.625,0.625
2,3,253,0.9652957916259766,0.734375,0.1330888271331787,0.21254754066467285,0.625,0.625
2,3,254,0.5816267132759094,0.765625,0.10820651054382324,0.18690705299377441,0.625,0.625
2,3,255,0.6220629215240479,0.796875,0.14600515365600586,0.22335171699523926,0.625,0.625
2,3,256,0.5405038595199585,0.734375,0.11561441421508789,0.1947154998779297,0.625,0.625
2,3,257,0.8002896308898926,0.671875,0.12866711616516113,0.20685172080993652,0.625,0.625
2,3,258,0.6749517321586609,0.75,0.12274408340454102,0.2022864818572998,0.625,0.625
2,3,259,0.9947764873504639,0.6875,0.12874126434326172,0.20761561393737793,0.625,0.625
2,4,0,0.41352352499961853,0.859375,0.18248677253723145,0.2772483825683594,0.625,0.625
2,4,1,0.5636909008026123,0.796875,0.143784761428833,0.23989582061767578,0.625,0.625
2,4,2,0.7071052193641663,0.71875,0.12237381935119629,0.2108778953552246,0.625,0.625
2,4,3,0.528676450252533,0.828125,0.18198752403259277,0.2898099422454834,0.625,0.625
2,4,4,0.5105129480361938,0.828125,0.12720847129821777,0.24717259407043457,0.625,0.625
2,4,5,0.6656858921051025,0.796875,0.1562976837158203,0.23836874961853027,0.625,0.625
2,4,6,0.45495063066482544,0.828125,0.12206506729125977,0.21774578094482422,0.625,0.625
2,4,7,0.4396000802516937,0.828125,0.15054774284362793,0.2520148754119873,0.625,0.625
2,4,8,0.5076501965522766,0.84375,0.12096214294433594,0.21497464179992676,0.625,0.625
2,4,9,0.6466652750968933,0.78125,0.1622779369354248,0.2526979446411133,0.625,0.625
2,4,10,0.7302994728088379,0.734375,0.12565207481384277,0.2288680076599121,0.625,0.625
2,4,11,0.6083779335021973,0.796875,0.15903353691101074,0.24739980697631836,0.625,0.625
2,4,12,0.5135380029678345,0.859375,0.11522126197814941,0.21737289428710938,0.625,0.625
2,4,13,0.6035681366920471,0.8125,0.190049409866333,0.28058600425720215,0.625,0.625
2,4,14,0.4711889922618866,0.796875,0.11638355255126953,0.19895577430725098,0.625,0.625
2,4,15,0.8425976037979126,0.640625,0.15979623794555664,0.2413032054901123,0.625,0.625
2,4,16,0.6305718421936035,0.75,0.11137986183166504,0.19475483894348145,0.625,0.625
2,4,17,0.580542802810669,0.828125,0.16321015357971191,0.2577517032623291,0.625,0.625
2,4,18,0.5824912786483765,0.78125,0.11472082138061523,0.20028471946716309,0.625,0.625
2,4,19,0.5399287343025208,0.8125,0.1367173194885254,0.2171318531036377,0.625,0.625
2,4,20,0.49245911836624146,0.859375,0.11080789566040039,0.20151233673095703,0.625,0.625
2,4,21,0.5243741273880005,0.8125,0.1358492374420166,0.22445416450500488,0.625,0.625
2,4,22,0.513981819152832,0.828125,0.11038804054260254,0.20067620277404785,0.625,0.625
2,4,23,0.5021386742591858,0.84375,0.16438531875610352,0.25083422660827637,0.625,0.625
2,4,24,0.6187281608581543,0.796875,0.12917256355285645,0.22081589698791504,0.625,0.625
2,4,25,0.38780367374420166,0.875,0.19257211685180664,0.3193328380584717,0.625,0.625
2,4,26,0.46011459827423096,0.875,0.1483752727508545,0.23325705528259277,0.625,0.625
2,4,27,0.5072090029716492,0.84375,0.17815017700195312,0.2763493061065674,0.625,0.625
2,4,28,0.4152813255786896,0.859375,0.11874604225158691,0.21985244750976562,0.625,0.625
2,4,29,0.5326982140541077,0.828125,0.1493668556213379,0.22800660133361816,0.625,0.625
2,4,30,0.42797911167144775,0.875,0.1086585521697998,0.20003342628479004,0.625,0.625
2,4,31,0.718504786491394,0.703125,0.13857316970825195,0.2209796905517578,0.625,0.625
2,4,32,0.6429762840270996,0.75,0.10545659065246582,0.186248779296875,0.625,0.625
2,4,33,0.6914470195770264,0.796875,0.13690614700317383,0.21723294258117676,0.625,0.625
2,4,34,0.592085599899292,0.765625,0.1058797836303711,0.2027137279510498,0.625,0.625
2,4,35,0.6336410045623779,0.796875,0.12032580375671387,0.20389151573181152,0.625,0.625
2,4,36,0.6421416401863098,0.796875,0.11046814918518066,0.19225692749023438,0.625,0.625
2,4,37,0.6551936864852905,0.796875,0.14996552467346191,0.23627853393554688,0.625,0.625
2,4,38,0.4664593040943146,0.8125,0.12064528465270996,0.19803333282470703,0.625,0.625
2,4,39,0.5226016044616699,0.828125,0.14339041709899902,0.22791337966918945,0.625,0.625
2,4,40,0.5246191620826721,0.84375,0.11630082130432129,0.19762372970581055,0.625,0.625
2,4,41,0.45255690813064575,0.8125,0.1519932746887207,0.23357081413269043,0.625,0.625
2,4,42,0.6651456356048584,0.75,0.11827850341796875,0.205702543258667,0.625,0.625
2,4,43,0.6584247946739197,0.78125,0.1434040069580078,0.22397518157958984,0.625,0.625
2,4,44,0.49911630153656006,0.796875,0.11971044540405273,0.1971735954284668,0.625,0.625
2,4,45,0.7101724147796631,0.75,0.1322920322418213,0.21822905540466309,0.625,0.625
2,4,46,0.5950968861579895,0.78125,0.11599922180175781,0.2060239315032959,0.625,0.625
2,4,47,0.2955611050128937,0.90625,0.133986234664917,0.21395182609558105,0.625,0.625
2,4,48,0.46940305829048157,0.875,0.12362241744995117,0.2156970500946045,0.625,0.625
2,4,49,0.6941200494766235,0.75,0.11892151832580566,0.20367145538330078,0.625,0.625
2,4,50,0.6781045198440552,0.78125,0.10858869552612305,0.18898510932922363,0.625,0.625
2,4,51,0.5807291269302368,0.71875,0.14319729804992676,0.22493648529052734,0.625,0.625
2,4,52,0.5930275917053223,0.78125,0.11046981811523438,0.19333767890930176,0.625,0.625
2,4,53,0.6220002174377441,0.75,0.14271998405456543,0.22758865356445312,0.625,0.625
2,4,54,0.8051011562347412,0.703125,0.11078333854675293,0.19881582260131836,0.625,0.625
2,4,55,0.45940926671028137,0.84375,0.14007854461669922,0.22455978393554688,0.625,0.625
2,4,56,0.5344412326812744,0.84375,0.11001110076904297,0.19596123695373535,0.625,0.625
2,4,57,0.5025325417518616,0.8125,0.13692665100097656,0.21585583686828613,0.625,0.625
2,4,58,0.5411714911460876,0.875,0.12219405174255371,0.2039341926574707,0.625,0.625
2,4,59,0.6210560202598572,0.78125,0.13443517684936523,0.22136855125427246,0.625,0.625
2,4,60,0.4094085097312927,0.875,0.1102447509765625,0.19856595993041992,0.625,0.625
2,4,61,0.5009900331497192,0.859375,0.1335160732269287,0.2138652801513672,0.625,0.625
2,4,62,0.4856853485107422,0.796875,0.10594320297241211,0.18741464614868164,0.625,0.625
2,4,63,0.5848495364189148,0.8125,0.1663672924041748,0.25076913833618164,0.625,0.625
2,4,64,0.49706602096557617,0.796875,0.10523819923400879,0.1864604949951172,0.625,0.625
2,4,65,0.47626298666000366,0.796875,0.13281702995300293,0.21090364456176758,0.625,0.625
2,4,66,0.5879555940628052,0.765625,0.11396336555480957,0.1943202018737793,0.625,0.625
2,4,67,0.8929726481437683,0.703125,0.13203883171081543,0.21350789070129395,0.625,0.625
2,4,68,0.5430758595466614,0.8125,0.12466311454772949,0.21594905853271484,0.625,0.625
2,4,69,0.6031489968299866,0.828125,0.16203546524047852,0.2612884044647217,0.625,0.625
2,4,70,0.5171996355056763,0.875,0.13236021995544434,0.23273849487304688,0.625,0.625
2,4,71,0.5921114683151245,0.8125,0.1710057258605957,0.27239251136779785,0.625,0.625
2,4,72,0.6298429369926453,0.796875,0.14197635650634766,0.24083232879638672,0.625,0.625
2,4,73,0.5707420706748962,0.796875,0.16467070579528809,0.2601649761199951,0.625,0.625
2,4,74,0.5603197813034058,0.75,0.145857572555542,0.24934148788452148,0.625,0.625
2,4,75,0.6682970523834229,0.765625,0.1658191680908203,0.26975154876708984,0.625,0.625
2,4,76,0.4771653413772583,0.859375,0.13430428504943848,0.23104572296142578,0.625,0.625
2,4,77,0.7625058889389038,0.75,0.14675259590148926,0.23072004318237305,0.625,0.625
2,4,78,0.6538325548171997,0.765625,0.12897539138793945,0.2085285186767578,0.625,0.625
2,4,79,0.599133312702179,0.78125,0.1352860927581787,0.21176695823669434,0.625,0.625
2,4,80,0.7051573991775513,0.75,0.11646699905395508,0.1951916217803955,0.625,0.625
2,4,81,0.5257737636566162,0.828125,0.12991023063659668,0.20826125144958496,0.625,0.625
2,4,82,0.5839660167694092,0.78125,0.1064291000366211,0.1917870044708252,0.625,0.625
2,4,83,0.5528918504714966,0.796875,0.13400030136108398,0.21740078926086426,0.625,0.625
2,4,84,0.5234249234199524,0.796875,0.10854005813598633,0.18895673751831055,0.625,0.625
2,4,85,0.6665443181991577,0.8125,0.13479304313659668,0.22205877304077148,0.625,0.625
2,4,86,0.6509956121444702,0.78125,0.09956598281860352,0.18566131591796875,0.625,0.625
2,4,87,0.5599179267883301,0.796875,0.14053893089294434,0.23070025444030762,0.625,0.625
2,4,88,0.6151191592216492,0.75,0.10997843742370605,0.19313764572143555,0.625,0.625
2,4,89,0.5461670756340027,0.859375,0.1740128993988037,0.278606653213501,0.625,0.625
2,4,90,0.5694836974143982,0.828125,0.13813567161560059,0.2315046787261963,0.625,0.625
2,4,91,0.7563388347625732,0.734375,0.13324356079101562,0.22001242637634277,0.625,0.625
2,4,92,0.6801868677139282,0.8125,0.12289285659790039,0.21207547187805176,0.625,0.625
2,4,93,0.6229116916656494,0.796875,0.15342450141906738,0.2449953556060791,0.625,0.625
2,4,94,0.5596169233322144,0.796875,0.11178112030029297,0.20433950424194336,0.625,0.625
2,4,95,0.6698775887489319,0.78125,0.13936090469360352,0.22659850120544434,0.625,0.625
2,4,96,0.8439807891845703,0.703125,0.12207651138305664,0.2048640251159668,0.625,0.625
2,4,97,0.6607876420021057,0.75,0.17771434783935547,0.26219844818115234,0.625,0.625
2,4,98,0.4782620072364807,0.84375,0.12361860275268555,0.21151471138000488,0.625,0.625
2,4,99,0.4842638671398163,0.828125,0.14584803581237793,0.23039889335632324,0.625,0.625
2,4,100,0.5446764230728149,0.84375,0.10349106788635254,0.18122029304504395,0.625,0.625
2,4,101,0.6434538960456848,0.828125,0.13544011116027832,0.21472620964050293,0.625,0.625
2,4,102,0.4120253324508667,0.84375,0.12511539459228516,0.20305466651916504,0.625,0.625
2,4,103,0.6719456911087036,0.75,0.13797998428344727,0.21993184089660645,0.625,0.625
2,4,104,0.6438300609588623,0.765625,0.1074213981628418,0.1862499713897705,0.625,0.625
2,4,105,0.9146813154220581,0.703125,0.14661550521850586,0.2267317771911621,0.625,0.625
2,4,106,0.6220860481262207,0.75,0.1259160041809082,0.21187829971313477,0.625,0.625
2,4,107,0.5305337905883789,0.8125,0.14412164688110352,0.22381186485290527,0.625,0.625
2,4,108,0.7004966735839844,0.78125,0.10155606269836426,0.18131494522094727,0.625,0.625
2,4,109,0.5838108062744141,0.75,0.14791512489318848,0.22786211967468262,0.625,0.625
2,4,110,0.4554969072341919,0.859375,0.11208105087280273,0.19106602668762207,0.625,0.625
2,4,111,0.6497619152069092,0.734375,0.12907028198242188,0.21384406089782715,0.625,0.625
2,4,112,0.45368239283561707,0.859375,0.10693836212158203,0.19427895545959473,0.625,0.625
2,4,113,0.42155301570892334,0.859375,0.14900636672973633,0.22927284240722656,0.625,0.625
2,4,114,0.6006494164466858,0.8125,0.11503911018371582,0.1987013816833496,0.625,0.625
2,4,115,0.6973016262054443,0.75,0.1539623737335205,0.23387742042541504,0.625,0.625
2,4,116,0.48238837718963623,0.875,0.10675621032714844,0.18561458587646484,0.625,0.625
2,4,117,0.4452664852142334,0.84375,0.14022445678710938,0.2189955711364746,0.625,0.625
2,4,118,0.3783280849456787,0.875,0.10578656196594238,0.19072461128234863,0.625,0.625
2,4,119,0.7985736727714539,0.6875,0.1514873504638672,0.23156380653381348,0.625,0.625
2,4,120,0.37238961458206177,0.890625,0.11440491676330566,0.19864749908447266,0.625,0.625
2,4,121,0.31890198588371277,0.921875,0.13121938705444336,0.21615386009216309,0.625,0.625
2,4,122,0.5520023107528687,0.796875,0.1108853816986084,0.195054292678833,0.625,0.625
2,4,123,0.8018686771392822,0.6875,0.13353371620178223,0.21261000633239746,0.625,0.625
2,4,124,0.4574958086013794,0.84375,0.1166234016418457,0.2044529914855957,0.625,0.625
2,4,125,0.6104930639266968,0.734375,0.12991738319396973,0.20675110816955566,0.625,0.625
2,4,126,0.6770076751708984,0.75,0.10861921310424805,0.18923234939575195,0.625,0.625
2,4,127,0.4807944893836975,0.84375,0.13177108764648438,0.21674489974975586,0.625,0.625
2,4,128,0.5036799311637878,0.78125,0.0975029468536377,0.1868748664855957,0.625,0.625
2,4,129,0.939514696598053,0.640625,0.12509369850158691,0.20161104202270508,0.625,0.625
2,4,130,0.5523636937141418,0.828125,0.13593173027038574,0.22096872329711914,0.625,0.625
2,4,131,0.5407584309577942,0.828125,0.10277223587036133,0.1872861385345459,0.625,0.625
2,4,132,0.7214868068695068,0.71875,0.14236164093017578,0.2247319221496582,0.625,0.625
2,4,133,0.7222456932067871,0.71875,0.13991355895996094,0.21900248527526855,0.625,0.625
2,4,134,0.5086618661880493,0.828125,0.10439920425415039,0.18279528617858887,0.625,0.625
2,4,135,0.5266833305358887,0.859375,0.16834115982055664,0.25644373893737793,0.625,0.625
2,4,136,0.6988996267318726,0.765625,0.10283422470092773,0.19599390029907227,0.625,0.625
2,4,137,0.4695901870727539,0.8125,0.12461972236633301,0.20448899269104004,0.625,0.625
2,4,138,0.8009748458862305,0.765625,0.12345576286315918,0.2021801471710205,0.625,0.625
2,4,139,0.4869565963745117,0.828125,0.13191628456115723,0.22069740295410156,0.625,0.625
2,4,140,0.5302112698554993,0.796875,0.11403894424438477,0.2008953094482422,0.625,0.625
2,4,141,0.655555248260498,0.796875,0.1161801815032959,0.20200324058532715,0.625,0.625
2,4,142,0.43523383140563965,0.84375,0.10836482048034668,0.18825721740722656,0.625,0.625
2,4,143,0.4841190278530121,0.828125,0.1383991241455078,0.2207810878753662,0.625,0.625
2,4,144,0.6138755083084106,0.765625,0.10581207275390625,0.19111227989196777,0.625,0.625
2,4,145,0.6969856023788452,0.78125,0.15162897109985352,0.24089789390563965,0.625,0.625
2,4,146,0.5127505660057068,0.8125,0.12501025199890137,0.20569062232971191,0.625,0.625
2,4,147,0.4157080352306366,0.875,0.15521240234375,0.25037479400634766,0.625,0.625
2,4,148,0.5279549360275269,0.859375,0.11965489387512207,0.20500826835632324,0.625,0.625
2,4,149,0.6012381911277771,0.75,0.15347814559936523,0.23751282691955566,0.625,0.625
2,4,150,0.5208674073219299,0.8125,0.12704873085021973,0.20786595344543457,0.625,0.625
2,4,151,0.607032835483551,0.78125,0.15055012702941895,0.23958277702331543,0.625,0.625
2,4,152,0.6583188772201538,0.75,0.12052130699157715,0.21407294273376465,0.625,0.625
2,4,153,0.8180564045906067,0.765625,0.1458148956298828,0.23397374153137207,0.625,0.625
2,4,154,0.5404688715934753,0.828125,0.1854567527770996,0.30173182487487793,0.625,0.625
2,4,155,0.5627985000610352,0.796875,0.15570688247680664,0.25043702125549316,0.625,0.625
2,4,156,0.7307074069976807,0.78125,0.14552640914916992,0.22622179985046387,0.625,0.625
2,4,157,0.36994415521621704,0.859375,0.15035200119018555,0.23896360397338867,0.625,0.625
2,4,158,0.582648754119873,0.84375,0.13348793983459473,0.21428966522216797,0.625,0.625
2,4,159,0.7257672548294067,0.703125,0.1357431411743164,0.22409510612487793,0.625,0.625
2,4,160,0.6862362623214722,0.734375,0.13525104522705078,0.22382259368896484,0.625,0.625
2,4,161,0.9459315538406372,0.71875,0.12372851371765137,0.22031879425048828,0.625,0.625
2,4,162,0.4565781354904175,0.828125,0.13872838020324707,0.2333226203918457,0.625,0.625
2,4,163,0.6996605396270752,0.734375,0.10866856575012207,0.2020583152770996,0.625,0.625
2,4,164,0.6873352527618408,0.796875,0.1491539478302002,0.2380537986755371,0.625,0.625
2,4,165,0.7487726211547852,0.703125,0.11101627349853516,0.20891761779785156,0.625,0.625
2,4,166,0.517065703868866,0.828125,0.14886713027954102,0.22824478149414062,0.625,0.625
2,4,167,0.8205423355102539,0.71875,0.1243126392364502,0.21233248710632324,0.625,0.625
2,4,168,0.5368229746818542,0.8125,0.14194440841674805,0.2353973388671875,0.625,0.625
2,4,169,0.49071812629699707,0.8125,0.12549734115600586,0.21293139457702637,0.625,0.625
2,4,170,0.551038384437561,0.828125,0.1588730812072754,0.2584671974182129,0.625,0.625
2,4,171,0.6561945080757141,0.8125,0.13442373275756836,0.22419404983520508,0.625,0.625
2,4,172,0.942985475063324,0.703125,0.15561771392822266,0.24859046936035156,0.625,0.625
2,4,173,0.5212600231170654,0.84375,0.17474937438964844,0.26076340675354004,0.625,0.625
2,4,174,0.6484347581863403,0.8125,0.12430286407470703,0.22038793563842773,0.625,0.625
2,4,175,0.5659540891647339,0.765625,0.177077054977417,0.27059221267700195,0.625,0.625
2,4,176,0.7561267018318176,0.75,0.16063332557678223,0.24891018867492676,0.625,0.625
2,4,177,0.5198383331298828,0.84375,0.15537166595458984,0.2386929988861084,0.625,0.625
2,4,178,0.7813915014266968,0.703125,0.11871695518493652,0.21607398986816406,0.625,0.625
2,4,179,0.44276654720306396,0.8125,0.18364715576171875,0.27524280548095703,0.625,0.625
2,4,180,0.492634117603302,0.8125,0.11771655082702637,0.19701623916625977,0.625,0.625
2,4,181,0.7449440956115723,0.765625,0.1308126449584961,0.20884108543395996,0.625,0.625
2,4,182,0.6234860420227051,0.765625,0.10249018669128418,0.18072724342346191,0.625,0.625
2,4,183,0.5566518306732178,0.8125,0.13231778144836426,0.20938754081726074,0.625,0.625
2,4,184,0.566594123840332,0.734375,0.10151219367980957,0.1794266700744629,0.625,0.625
2,4,185,0.5667888522148132,0.8125,0.15045690536499023,0.22884774208068848,0.625,0.625
2,4,186,0.8041664958000183,0.765625,0.1046147346496582,0.1814432144165039,0.625,0.625
2,4,187,0.49753597378730774,0.796875,0.1370861530303955,0.21499037742614746,0.625,0.625
2,4,188,0.6111723780632019,0.734375,0.1087198257446289,0.1903235912322998,0.625,0.625
2,4,189,0.5502083897590637,0.828125,0.13222575187683105,0.21421527862548828,0.625,0.625
2,4,190,0.6592919230461121,0.796875,0.1054847240447998,0.18378615379333496,0.625,0.625
2,4,191,0.5507746934890747,0.84375,0.13608527183532715,0.2159254550933838,0.625,0.625
2,4,192,0.6987342238426208,0.75,0.10746932029724121,0.18670415878295898,0.625,0.625
2,4,193,0.6357681751251221,0.765625,0.12992310523986816,0.2063596248626709,0.625,0.625
2,4,194,0.712547242641449,0.75,0.10343003273010254,0.18408727645874023,0.625,0.625
2,4,195,0.599505603313446,0.75,0.12847518920898438,0.20803236961364746,0.625,0.625
2,4,196,0.8401362895965576,0.71875,0.10308361053466797,0.18398594856262207,0.625,0.625
2,4,197,0.561822772026062,0.796875,0.13024163246154785,0.20854830741882324,0.625,0.625
2,4,198,0.35632675886154175,0.90625,0.10329365730285645,0.18210959434509277,0.625,0.625
2,4,199,0.6549492478370667,0.765625,0.13630366325378418,0.21134114265441895,0.625,0.625
2,4,200,0.7507867217063904,0.75,0.12272858619689941,0.21163535118103027,0.625,0.625
2,4,201,0.5637607574462891,0.75,0.13485431671142578,0.21011567115783691,0.625,0.625
2,4,202,0.5159960985183716,0.8125,0.10284423828125,0.18121337890625,0.625,0.625
2,4,203,0.6502763032913208,0.734375,0.13831663131713867,0.21661972999572754,0.625,0.625
2,4,204,0.5213408470153809,0.8125,0.10440778732299805,0.18243813514709473,0.625,0.625
2,4,205,0.5033408403396606,0.828125,0.13873577117919922,0.21487736701965332,0.625,0.625
2,4,206,0.5493953227996826,0.796875,0.11370539665222168,0.19212698936462402,0.625,0.625
2,4,207,0.5988372564315796,0.75,0.12453937530517578,0.19687581062316895,0.625,0.625
2,4,208,0.7036973237991333,0.734375,0.1522080898284912,0.255690336227417,0.625,0.625
2,4,209,0.7422107458114624,0.71875,0.19571471214294434,0.2951991558074951,0.625,0.625
2,4,210,0.662261962890625,0.78125,0.12136363983154297,0.21935248374938965,0.625,0.625
2,4,211,0.7042136192321777,0.71875,0.14180207252502441,0.2194957733154297,0.625,0.625
2,4,212,0.5292279720306396,0.796875,0.14020872116088867,0.25380802154541016,0.625,0.625
2,4,213,0.5648853778839111,0.78125,0.14069056510925293,0.22292137145996094,0.625,0.625
2,4,214,0.6927406191825867,0.78125,0.1213679313659668,0.2064504623413086,0.625,0.625
2,4,215,0.6921217441558838,0.765625,0.14239239692687988,0.22124671936035156,0.625,0.625
2,4,216,0.4989820718765259,0.859375,0.1077275276184082,0.18503928184509277,0.625,0.625
2,4,217,0.7245639562606812,0.796875,0.14036250114440918,0.22482824325561523,0.625,0.625
2,4,218,0.5199370980262756,0.828125,0.09874224662780762,0.18135476112365723,0.625,0.625
2,4,219,0.6253035664558411,0.78125,0.14681386947631836,0.22470903396606445,0.625,0.625
2,4,220,0.47263914346694946,0.8125,0.12212133407592773,0.20565199851989746,0.625,0.625
2,4,221,0.5544630289077759,0.84375,0.13116765022277832,0.21606087684631348,0.625,0.625
2,4,222,0.5757550597190857,0.703125,0.10902953147888184,0.19258999824523926,0.625,0.625
2,4,223,0.7743100523948669,0.75,0.1369643211364746,0.2194361686706543,0.625,0.625
2,4,224,0.5970407128334045,0.78125,0.10695004463195801,0.19852995872497559,0.625,0.625
2,4,225,0.7811058163642883,0.734375,0.14002299308776855,0.22080302238464355,0.625,0.625
2,4,226,0.7307165861129761,0.78125,0.11413955688476562,0.19083619117736816,0.625,0.625
2,4,227,0.7539539337158203,0.703125,0.1494433879852295,0.24427342414855957,0.625,0.625
2,4,228,0.7452757358551025,0.703125,0.16016077995300293,0.26043200492858887,0.625,0.625
2,4,229,0.5406518578529358,0.8125,0.15581417083740234,0.267697811126709,0.625,0.625
2,4,230,0.6235108971595764,0.75,0.11374211311340332,0.20492982864379883,0.625,0.625
2,4,231,0.6440404653549194,0.78125,0.1337721347808838,0.21448612213134766,0.625,0.625
2,4,232,0.513709545135498,0.890625,0.11646509170532227,0.1958913803100586,0.625,0.625
2,4,233,0.760506808757782,0.6875,0.1591782569885254,0.2400965690612793,0.625,0.625
2,4,234,0.8713363409042358,0.640625,0.11284136772155762,0.20109224319458008,0.625,0.625
2,4,235,0.7593441009521484,0.640625,0.12538766860961914,0.20428967475891113,0.625,0.625
2,4,236,0.526203989982605,0.84375,0.11749672889709473,0.19390273094177246,0.625,0.625
2,4,237,0.5873504877090454,0.78125,0.14319443702697754,0.2272324562072754,0.625,0.625
2,4,238,0.6716645956039429,0.75,0.11401486396789551,0.19678473472595215,0.625,0.625
2,4,239,0.7140976190567017,0.796875,0.13120317459106445,0.2087545394897461,0.625,0.625
2,4,240,0.7386205196380615,0.6875,0.106353759765625,0.18627619743347168,0.625,0.625
2,4,241,0.6451892256736755,0.765625,0.13008689880371094,0.21579551696777344,0.625,0.625
2,4,242,0.6542507410049438,0.734375,0.10345673561096191,0.1855013370513916,0.625,0.625
2,4,243,0.7710161209106445,0.703125,0.1363060474395752,0.21180391311645508,0.625,0.625
2,4,244,0.5989576578140259,0.8125,0.1173391342163086,0.19964861869812012,0.625,0.625
2,4,245,0.7225446701049805,0.71875,0.13553619384765625,0.21277475357055664,0.625,0.625
2,4,246,0.661149263381958,0.796875,0.11195087432861328,0.1909162998199463,0.625,0.625
2,4,247,0.569710910320282,0.84375,0.16198325157165527,0.24340295791625977,0.625,0.625
2,4,248,0.4739886522293091,0.875,0.11346101760864258,0.1991124153137207,0.625,0.625
2,4,249,0.802990734577179,0.734375,0.15228915214538574,0.22944068908691406,0.625,0.625
2,4,250,0.784400999546051,0.6875,0.10810732841491699,0.18761944770812988,0.625,0.625
2,4,251,0.6313371062278748,0.796875,0.1489396095275879,0.2287764549255371,0.625,0.625
2,4,252,0.5990731716156006,0.8125,0.10961198806762695,0.19141054153442383,0.625,0.625
2,4,253,0.5569369196891785,0.828125,0.13369369506835938,0.212782621383667,0.625,0.625
2,4,254,0.7366743683815002,0.703125,0.10354089736938477,0.18581938743591309,0.625,0.625
2,4,255,0.6132052540779114,0.765625,0.1457078456878662,0.2257530689239502,0.625,0.625
2,4,256,0.694252610206604,0.78125,0.10865521430969238,0.18629789352416992,0.625,0.625
2,4,257,0.7334439158439636,0.734375,0.13714838027954102,0.21366500854492188,0.625,0.625
2,4,258,0.48817509412765503,0.875,0.10851645469665527,0.18551111221313477,0.625,0.625
2,4,259,0.664991021156311,0.6875,0.12684297561645508,0.20261502265930176,0.625,0.625
2,5,0,0.3851529359817505,0.84375,0.16098666191101074,0.24284100532531738,0.625,0.625
2,5,1,0.44997483491897583,0.84375,0.13273978233337402,0.21884441375732422,0.625,0.625
2,5,2,0.2034226357936859,0.96875,0.12079572677612305,0.19804048538208008,0.625,0.625
2,5,3,0.3541221022605896,0.890625,0.13706254959106445,0.22652411460876465,0.625,0.625
2,5,4,0.46494537591934204,0.890625,0.10949039459228516,0.1895902156829834,0.625,0.625
2,5,5,0.5003021359443665,0.8125,0.1394789218902588,0.21599817276000977,0.625,0.625
2,5,6,0.32169443368911743,0.84375,0.11447668075561523,0.19523191452026367,0.625,0.625
2,5,7,0.3809336721897125,0.90625,0.1498258113861084,0.23582172393798828,0.625,0.625
2,5,8,0.3672395348548889,0.859375,0.11482977867126465,0.1941978931427002,0.625,0.625
2,5,9,0.3700070083141327,0.90625,0.14023327827453613,0.22239923477172852,0.625,0.625
2,5,10,0.4157550036907196,0.828125,0.11469769477844238,0.20310640335083008,0.625,0.625
2,5,11,0.36735665798187256,0.921875,0.1264958381652832,0.20517563819885254,0.625,0.625
2,5,12,0.607831597328186,0.796875,0.10525155067443848,0.18366289138793945,0.625,0.625
2,5,13,0.31780022382736206,0.890625,0.13890528678894043,0.21726465225219727,0.625,0.625
2,5,14,0.36929744482040405,0.859375,0.10453200340270996,0.18663311004638672,0.625,0.625
2,5,15,0.3556794822216034,0.875,0.15330982208251953,0.23358750343322754,0.625,0.625
2,5,16,0.6757356524467468,0.8125,0.1183924674987793,0.19769883155822754,0.625,0.625
2,5,17,0.3580129146575928,0.859375,0.14476490020751953,0.2255101203918457,0.625,0.625
2,5,18,0.4719407558441162,0.796875,0.1112220287322998,0.1928999423980713,0.625,0.625
2,5,19,0.4595734477043152,0.8125,0.13660144805908203,0.21491360664367676,0.625,0.625
2,5,20,0.43372175097465515,0.859375,0.12052726745605469,0.2008209228515625,0.625,0.625
2,5,21,0.44579803943634033,0.84375,0.13283467292785645,0.21053051948547363,0.625,0.625
2,5,22,0.42685452103614807,0.859375,0.10500073432922363,0.19061899185180664,0.625,0.625
2,5,23,0.4381712079048157,0.828125,0.13607025146484375,0.21376824378967285,0.625,0.625
2,5,24,0.29469916224479675,0.90625,0.1109926700592041,0.1925947666168213,0.625,0.625
2,5,25,0.3376309275627136,0.875,0.12891745567321777,0.20913195610046387,0.625,0.625
2,5,26,0.44402286410331726,0.84375,0.09698343276977539,0.18583011627197266,0.625,0.625
2,5,27,0.4903733432292938,0.859375,0.1437842845916748,0.23447346687316895,0.625,0.625
2,5,28,0.5983828902244568,0.78125,0.1175086498260498,0.20257806777954102,0.625,0.625
2,5,29,0.6113409996032715,0.75,0.13547182083129883,0.2125692367553711,0.625,0.625
2,5,30,0.4855968654155731,0.84375,0.10330653190612793,0.18301653861999512,0.625,0.625
2,5,31,0.45375126600265503,0.8125,0.14605069160461426,0.2239377498626709,0.625,0.625
2,5,32,0.6683114171028137,0.75,0.10971450805664062,0.18842434883117676,0.625,0.625
2,5,33,0.6391056776046753,0.8125,0.1324479579925537,0.21117424964904785,0.625,0.625
2,5,34,0.4874962568283081,0.828125,0.11538386344909668,0.20305275917053223,0.625,0.625
2,5,35,0.40297114849090576,0.859375,0.12598824501037598,0.2076551914215088,0.625,0.625
2,5,36,0.410623699426651,0.875,0.12545394897460938,0.2091677188873291,0.625,0.625
2,5,37,0.34616899490356445,0.859375,0.13349461555480957,0.21645593643188477,0.625,0.625
2,5,38,0.36530447006225586,0.859375,0.12130498886108398,0.19839859008789062,0.625,0.625
2,5,39,0.3187795877456665,0.90625,0.12712311744689941,0.20753073692321777,0.625,0.625
2,5,40,0.48084545135498047,0.828125,0.12746071815490723,0.20507574081420898,0.625,0.625
2,5,41,0.4338647127151489,0.828125,0.10439252853393555,0.18343210220336914,0.625,0.625
2,5,42,0.4562815725803375,0.859375,0.13741087913513184,0.2175896167755127,0.625,0.625
2,5,43,0.4094703197479248,0.84375,0.1103677749633789,0.187363862991333,0.625,0.625
2,5,44,0.4221470057964325,0.828125,0.133589506149292,0.21121478080749512,0.625,0.625
2,5,45,0.4385698437690735,0.859375,0.1322920322418213,0.21081209182739258,0.625,0.625
2,5,46,0.21832968294620514,0.921875,0.12548470497131348,0.21091485023498535,0.625,0.625
2,5,47,0.5010625123977661,0.84375,0.10725212097167969,0.1865849494934082,0.625,0.625
2,5,48,0.35267671942710876,0.859375,0.13191986083984375,0.2083263397216797,0.625,0.625
2,5,49,0.5608124732971191,0.8125,0.12172842025756836,0.20134210586547852,0.625,0.625
2,5,50,0.43205446004867554,0.859375,0.15772771835327148,0.2513766288757324,0.625,0.625
2,5,51,0.4774709939956665,0.828125,0.10840988159179688,0.19140219688415527,0.625,0.625
2,5,52,0.3918198347091675,0.875,0.12601089477539062,0.20432138442993164,0.625,0.625
2,5,53,0.4951702058315277,0.828125,0.1242058277130127,0.20595359802246094,0.625,0.625
2,5,54,0.22002995014190674,0.921875,0.12576723098754883,0.21450233459472656,0.625,0.625
2,5,55,0.49828359484672546,0.796875,0.10323929786682129,0.18450045585632324,0.625,0.625
2,5,56,0.45791202783584595,0.828125,0.1327064037322998,0.21500492095947266,0.625,0.625
2,5,57,0.5453298091888428,0.8125,0.11138105392456055,0.18976783752441406,0.625,0.625
2,5,58,0.3234480023384094,0.90625,0.13071298599243164,0.2090435028076172,0.625,0.625
2,5,59,0.5307072401046753,0.8125,0.10490155220031738,0.18568038940429688,0.625,0.625
2,5,60,0.5508260130882263,0.796875,0.12817764282226562,0.20509576797485352,0.625,0.625
2,5,61,0.5528786182403564,0.859375,0.10574793815612793,0.18452978134155273,0.625,0.625
2,5,62,0.4628162086009979,0.796875,0.14022541046142578,0.21994948387145996,0.625,0.625
2,5,63,0.5131312608718872,0.78125,0.1092231273651123,0.18934178352355957,0.625,0.625
2,5,64,0.6673860549926758,0.734375,0.13593578338623047,0.2160806655883789,0.625,0.625
2,5,65,0.5980232357978821,0.78125,0.11330223083496094,0.19316577911376953,0.625,0.625
2,5,66,0.35561603307724,0.90625,0.13430500030517578,0.21364688873291016,0.625,0.625
2,5,67,0.5267255902290344,0.8125,0.10115861892700195,0.1934969425201416,0.625,0.625
2,5,68,0.7521504759788513,0.765625,0.14160752296447754,0.21852731704711914,0.625,0.625
2,5,69,0.4647068381309509,0.8125,0.10496664047241211,0.18935275077819824,0.625,0.625
2,5,70,0.5902613401412964,0.796875,0.14340949058532715,0.22255158424377441,0.625,0.625
2,5,71,0.6351621150970459,0.75,0.10410809516906738,0.19253325462341309,0.625,0.625
2,5,72,0.5127310752868652,0.828125,0.12996196746826172,0.2095632553100586,0.625,0.625
2,5,73,0.529906153678894,0.796875,0.09948563575744629,0.1992788314819336,0.625,0.625
2,5,74,0.39044705033302307,0.890625,0.1237025260925293,0.2092139720916748,0.625,0.625
2,5,75,0.58258455991745,0.8125,0.1164088249206543,0.19588708877563477,0.625,0.625
2,5,76,0.5879603624343872,0.78125,0.14086174964904785,0.22589635848999023,0.625,0.625
2,5,77,0.3660070300102234,0.890625,0.10694432258605957,0.19250917434692383,0.625,0.625
2,5,78,0.5539340972900391,0.796875,0.1332242488861084,0.2182788848876953,0.625,0.625
2,5,79,0.7256557941436768,0.765625,0.10641860961914062,0.18552756309509277,0.625,0.625
2,5,80,0.6724873781204224,0.75,0.13605642318725586,0.22068190574645996,0.625,0.625
2,5,81,0.6871739029884338,0.796875,0.11609601974487305,0.19287848472595215,0.625,0.625
2,5,82,0.4762865900993347,0.84375,0.1326582431793213,0.2119283676147461,0.625,0.625
2,5,83,0.625470757484436,0.78125,0.09424066543579102,0.18298006057739258,0.625,0.625
2,5,84,0.4928019642829895,0.765625,0.1388540267944336,0.2194652557373047,0.625,0.625
2,5,85,0.39448463916778564,0.859375,0.10569953918457031,0.1847820281982422,0.625,0.625
2,5,86,0.6591190099716187,0.734375,0.1533646583557129,0.23948287963867188,0.625,0.625
2,5,87,0.39463484287261963,0.875,0.09917259216308594,0.18053245544433594,0.625,0.625
2,5,88,0.3822641968727112,0.875,0.12668323516845703,0.21019649505615234,0.625,0.625
2,5,89,0.5008233785629272,0.796875,0.10714554786682129,0.1875011920928955,0.625,0.625
2,5,90,0.40868228673934937,0.859375,0.1440591812133789,0.22936534881591797,0.625,0.625
2,5,91,0.5592544674873352,0.828125,0.1063530445098877,0.19091534614562988,0.625,0.625
2,5,92,0.48036250472068787,0.859375,0.14028620719909668,0.2204439640045166,0.625,0.625
2,5,93,0.5685263276100159,0.84375,0.10090231895446777,0.19410371780395508,0.625,0.625
2,5,94,0.619769275188446,0.796875,0.11232733726501465,0.19464516639709473,0.625,0.625
2,5,95,0.44844019412994385,0.8125,0.12512946128845215,0.21022486686706543,0.625,0.625
2,5,96,0.4801861047744751,0.859375,0.10188794136047363,0.17862176895141602,0.625,0.625
2,5,97,0.5000499486923218,0.78125,0.15260910987854004,0.23289704322814941,0.625,0.625
2,5,98,0.45816701650619507,0.84375,0.10307121276855469,0.18319177627563477,0.625,0.625
2,5,99,0.3108046054840088,0.90625,0.13247156143188477,0.2123401165008545,0.625,0.625
2,5,100,0.5979400873184204,0.796875,0.13404178619384766,0.21477484703063965,0.625,0.625
2,5,101,0.3965942859649658,0.875,0.13663339614868164,0.2136533260345459,0.625,0.625
2,5,102,0.5441609621047974,0.78125,0.10687446594238281,0.18352317810058594,0.625,0.625
2,5,103,0.7050920724868774,0.75,0.148637056350708,0.2383875846862793,0.625,0.625
2,5,104,0.5389304757118225,0.78125,0.1018824577331543,0.17972326278686523,0.625,0.625
2,5,105,0.5164210796356201,0.828125,0.12426209449768066,0.20369577407836914,0.625,0.625
2,5,106,0.4375864565372467,0.8125,0.1476759910583496,0.22647452354431152,0.625,0.625
2,5,107,0.5068034529685974,0.75,0.10343122482299805,0.18225383758544922,0.625,0.625
2,5,108,0.3982701003551483,0.84375,0.13864874839782715,0.22118806838989258,0.625,0.625
2,5,109,0.4521035850048065,0.875,0.10992145538330078,0.19049978256225586,0.625,0.625
2,5,110,0.4398968815803528,0.90625,0.13913488388061523,0.21869468688964844,0.625,0.625
2,5,111,0.4420885741710663,0.8125,0.10028362274169922,0.18922710418701172,0.625,0.625
2,5,112,0.3245016634464264,0.875,0.13864922523498535,0.22162890434265137,0.625,0.625
2,5,113,0.5109615325927734,0.8125,0.10877275466918945,0.1894667148590088,0.625,0.625
2,5,114,0.5968816876411438,0.84375,0.13031792640686035,0.2128756046295166,0.625,0.625
2,5,115,0.4963443875312805,0.8125,0.15222954750061035,0.23401427268981934,0.625,0.625
2,5,116,0.6147140264511108,0.8125,0.11393260955810547,0.1936800479888916,0.625,0.625
2,5,117,0.6623860597610474,0.75,0.15658354759216309,0.23406147956848145,0.625,0.625
2,5,118,0.45256489515304565,0.890625,0.09170866012573242,0.17954349517822266,0.625,0.625
2,5,119,0.4918884038925171,0.8125,0.14554262161254883,0.2258918285369873,0.625,0.625
2,5,120,0.4664579927921295,0.859375,0.12202906608581543,0.20055580139160156,0.625,0.625
2,5,121,0.6003826856613159,0.75,0.13812589645385742,0.21513772010803223,0.625,0.625
2,5,122,0.6661413908004761,0.71875,0.11765122413635254,0.19444561004638672,0.625,0.625
2,5,123,0.45544904470443726,0.890625,0.15432453155517578,0.2357020378112793,0.625,0.625
2,5,124,0.3712821304798126,0.890625,0.10492992401123047,0.1825852394104004,0.625,0.625
2,5,125,0.4484650790691376,0.859375,0.1327805519104004,0.2118210792541504,0.625,0.625
2,5,126,0.4116920828819275,0.796875,0.11972641944885254,0.19689106941223145,0.625,0.625
2,5,127,0.6132880449295044,0.78125,0.12649202346801758,0.20336389541625977,0.625,0.625
2,5,128,0.5694396495819092,0.765625,0.10273075103759766,0.17954754829406738,0.625,0.625
2,5,129,0.38699907064437866,0.890625,0.12969112396240234,0.21305537223815918,0.625,0.625
2,5,130,0.5510592460632324,0.765625,0.11523699760437012,0.20269131660461426,0.625,0.625
2,5,131,0.5067209005355835,0.828125,0.13387203216552734,0.21707987785339355,0.625,0.625
2,5,132,0.5417764186859131,0.859375,0.10130000114440918,0.18197321891784668,0.625,0.625
2,5,133,0.46842658519744873,0.890625,0.14342927932739258,0.22000360488891602,0.625,0.625
2,5,134,0.43839001655578613,0.8125,0.11907601356506348,0.20029592514038086,0.625,0.625
2,5,135,0.6254338026046753,0.75,0.14879059791564941,0.22760558128356934,0.625,0.625
2,5,136,0.5844165682792664,0.796875,0.11013102531433105,0.1931288242340088,0.625,0.625
2,5,137,0.3722971975803375,0.9375,0.13663387298583984,0.2138049602508545,0.625,0.625
2,5,138,0.6801277995109558,0.71875,0.10662579536437988,0.18413400650024414,0.625,0.625
2,5,139,0.5753699541091919,0.8125,0.13876843452453613,0.21707415580749512,0.625,0.625
2,5,140,0.4798615276813507,0.8125,0.11542153358459473,0.1975877285003662,0.625,0.625
2,5,141,0.39721471071243286,0.84375,0.1262972354888916,0.20195293426513672,0.625,0.625
2,5,142,0.47412779927253723,0.828125,0.11583232879638672,0.1968686580657959,0.625,0.625
2,5,143,0.4453601837158203,0.828125,0.14010190963745117,0.21784639358520508,0.625,0.625
2,5,144,0.4009122848510742,0.875,0.1047208309173584,0.18390369415283203,0.625,0.625
2,5,145,0.42733609676361084,0.8125,0.13310027122497559,0.20941758155822754,0.625,0.625
2,5,146,0.6557053923606873,0.796875,0.1282033920288086,0.2101738452911377,0.625,0.625
2,5,147,0.4086720943450928,0.859375,0.1332385540008545,0.21024179458618164,0.625,0.625
2,5,148,0.627800464630127,0.75,0.11393880844116211,0.19107604026794434,0.625,0.625
2,5,149,0.5656956434249878,0.8125,0.13845372200012207,0.21615958213806152,0.625,0.625
2,5,150,0.4418365955352783,0.828125,0.10193419456481934,0.1776728630065918,0.625,0.625
2,5,151,0.5068597197532654,0.84375,0.12957024574279785,0.2052311897277832,0.625,0.625
2,5,152,0.5176118612289429,0.828125,0.10254454612731934,0.18276572227478027,0.625,0.625
2,5,153,0.6057003736495972,0.8125,0.13898777961730957,0.21340537071228027,0.625,0.625
2,5,154,0.3425285518169403,0.875,0.10381150245666504,0.1861259937286377,0.625,0.625
2,5,155,0.5202888250350952,0.828125,0.1314098834991455,0.2088794708251953,0.625,0.625
2,5,156,0.45660531520843506,0.828125,0.11229205131530762,0.19504857063293457,0.625,0.625
2,5,157,0.4780161380767822,0.84375,0.14125728607177734,0.2196049690246582,0.625,0.625
2,5,158,0.5601465702056885,0.84375,0.09056806564331055,0.18069744110107422,0.625,0.625
2,5,159,0.694373607635498,0.78125,0.14041805267333984,0.2173168659210205,0.625,0.625
2,5,160,0.4819718301296234,0.796875,0.10291624069213867,0.18005871772766113,0.625,0.625
2,5,161,0.597459077835083,0.828125,0.14090752601623535,0.22146010398864746,0.625,0.625
2,5,162,0.47387048602104187,0.8125,0.12736892700195312,0.20550823211669922,0.625,0.625
2,5,163,0.5068850517272949,0.8125,0.12815070152282715,0.20618224143981934,0.625,0.625
2,5,164,0.5509186387062073,0.828125,0.1386706829071045,0.21947765350341797,0.625,0.625
2,5,165,0.5382734537124634,0.796875,0.11162471771240234,0.19138097763061523,0.625,0.625
2,5,166,0.567859411239624,0.796875,0.14282584190368652,0.22810840606689453,0.625,0.625
2,5,167,0.6282814741134644,0.78125,0.12320518493652344,0.20741939544677734,0.625,0.625
2,5,168,0.49054843187332153,0.8125,0.13896894454956055,0.21534204483032227,0.625,0.625
2,5,169,0.48463869094848633,0.828125,0.1322643756866455,0.2102806568145752,0.625,0.625
2,5,170,0.3889392614364624,0.875,0.14033722877502441,0.22136831283569336,0.625,0.625
2,5,171,0.42926812171936035,0.875,0.10891962051391602,0.18697571754455566,0.625,0.625
2,5,172,0.45364487171173096,0.828125,0.13378572463989258,0.22085118293762207,0.625,0.625
2,5,173,0.2853292226791382,0.921875,0.11142778396606445,0.19884896278381348,0.625,0.625
2,5,174,0.4755516052246094,0.84375,0.12834382057189941,0.20370912551879883,0.625,0.625
2,5,175,0.34620535373687744,0.90625,0.10686707496643066,0.18545007705688477,0.625,0.625
2,5,176,0.46745041012763977,0.8125,0.16080355644226074,0.23879718780517578,0.625,0.625
2,5,177,0.6191737651824951,0.78125,0.09936285018920898,0.1999342441558838,0.625,0.625
2,5,178,0.7052326798439026,0.78125,0.12308025360107422,0.20230817794799805,0.625,0.625
2,5,179,0.6110802292823792,0.84375,0.12368631362915039,0.2126615047454834,0.625,0.625
2,5,180,0.4314124584197998,0.84375,0.1324448585510254,0.2147691249847412,0.625,0.625
2,5,181,0.6552470922470093,0.78125,0.10405778884887695,0.18259263038635254,0.625,0.625
2,5,182,0.4005777835845947,0.890625,0.14661049842834473,0.22398662567138672,0.625,0.625
2,5,183,0.4625075161457062,0.84375,0.11094880104064941,0.1906442642211914,0.625,0.625
2,5,184,0.3570757508277893,0.84375,0.13082122802734375,0.2157900333404541,0.625,0.625
2,5,185,0.2603492736816406,0.921875,0.12106561660766602,0.20325160026550293,0.625,0.625
2,5,186,0.7844304442405701,0.703125,0.13998198509216309,0.22860288619995117,0.625,0.625
2,5,187,0.4941924214363098,0.859375,0.12475156784057617,0.20766496658325195,0.625,0.625
2,5,188,0.6264150142669678,0.75,0.13918471336364746,0.2176518440246582,0.625,0.625
2,5,189,0.4381983280181885,0.84375,0.0965569019317627,0.1831512451171875,0.625,0.625
2,5,190,0.6807239055633545,0.78125,0.14607763290405273,0.22678422927856445,0.625,0.625
2,5,191,0.6425955295562744,0.75,0.0950002670288086,0.18634915351867676,0.625,0.625
2,5,192,0.8372118473052979,0.6875,0.13504791259765625,0.211836576461792,0.625,0.625
2,5,193,0.504288911819458,0.875,0.12723302841186523,0.21059203147888184,0.625,0.625
2,5,194,0.33048248291015625,0.875,0.1318659782409668,0.21501374244689941,0.625,0.625
2,5,195,0.5602119565010071,0.828125,0.10275530815124512,0.1901569366455078,0.625,0.625
2,5,196,0.6644062995910645,0.78125,0.13194847106933594,0.21383094787597656,0.625,0.625
2,5,197,0.40966299176216125,0.875,0.11628985404968262,0.19687652587890625,0.625,0.625
2,5,198,0.6689714193344116,0.734375,0.14239883422851562,0.22127342224121094,0.625,0.625
2,5,199,0.5577405691146851,0.8125,0.11092138290405273,0.1925067901611328,0.625,0.625
2,5,200,0.4352627992630005,0.859375,0.1320943832397461,0.20865869522094727,0.625,0.625
2,5,201,0.4678594768047333,0.796875,0.10489082336425781,0.19835495948791504,0.625,0.625
2,5,202,0.522976815700531,0.78125,0.12912464141845703,0.21138811111450195,0.625,0.625
2,5,203,0.5891528725624084,0.78125,0.11449790000915527,0.201460599899292,0.625,0.625
2,5,204,0.6106027364730835,0.78125,0.13088607788085938,0.2082376480102539,0.625,0.625
2,5,205,0.4494893550872803,0.828125,0.10807228088378906,0.19249343872070312,0.625,0.625
2,5,206,0.5306642055511475,0.78125,0.13474822044372559,0.21260404586791992,0.625,0.625
2,5,207,0.5670918226242065,0.78125,0.12433385848999023,0.20483016967773438,0.625,0.625
2,5,208,0.5440225601196289,0.8125,0.13680815696716309,0.22029709815979004,0.625,0.625
2,5,209,0.5572054386138916,0.78125,0.11616969108581543,0.19307541847229004,0.625,0.625
2,5,210,0.4794873595237732,0.828125,0.1418931484222412,0.2203812599182129,0.625,0.625
2,5,211,0.45684170722961426,0.84375,0.10413050651550293,0.18346834182739258,0.625,0.625
2,5,212,0.5878669023513794,0.765625,0.14010000228881836,0.21927165985107422,0.625,0.625
2,5,213,0.5438286066055298,0.78125,0.10789704322814941,0.18814754486083984,0.625,0.625
2,5,214,0.4917362928390503,0.828125,0.15239572525024414,0.2321922779083252,0.625,0.625
2,5,215,0.5187690854072571,0.8125,0.11787152290344238,0.19780874252319336,0.625,0.625
2,5,216,0.5061960220336914,0.84375,0.13961052894592285,0.21643543243408203,0.625,0.625
2,5,217,0.3491281270980835,0.875,0.10920906066894531,0.19326233863830566,0.625,0.625
2,5,218,0.5725494623184204,0.78125,0.1269211769104004,0.20950722694396973,0.625,0.625
2,5,219,0.5242704749107361,0.828125,0.10964083671569824,0.199723482131958,0.625,0.625
2,5,220,0.515892505645752,0.796875,0.15554308891296387,0.2373511791229248,0.625,0.625
2,5,221,0.4601157307624817,0.859375,0.11167287826538086,0.1935594081878662,0.625,0.625
2,5,222,0.5594514608383179,0.859375,0.13692593574523926,0.22076630592346191,0.625,0.625
2,5,223,0.6483104228973389,0.734375,0.11513137817382812,0.194166898727417,0.625,0.625
2,5,224,0.556746244430542,0.828125,0.12646079063415527,0.2035524845123291,0.625,0.625
2,5,225,0.4794623851776123,0.828125,0.11382269859313965,0.19360947608947754,0.625,0.625
2,5,226,0.3925435245037079,0.828125,0.1416921615600586,0.22367334365844727,0.625,0.625
2,5,227,0.6947014331817627,0.78125,0.12046432495117188,0.20967483520507812,0.625,0.625
2,5,228,0.40101158618927,0.90625,0.0987086296081543,0.19079923629760742,0.625,0.625
2,5,229,0.45460575819015503,0.796875,0.12792229652404785,0.2054305076599121,0.625,0.625
2,5,230,0.8621394634246826,0.75,0.10750317573547363,0.1849358081817627,0.625,0.625
2,5,231,0.42729929089546204,0.8125,0.13372254371643066,0.21960115432739258,0.625,0.625
2,5,232,0.5905061960220337,0.828125,0.10502457618713379,0.1841726303100586,0.625,0.625
2,5,233,0.5235223174095154,0.84375,0.12843012809753418,0.20569229125976562,0.625,0.625
2,5,234,0.599079966545105,0.78125,0.12069439888000488,0.19757318496704102,0.625,0.625
2,5,235,0.4579274654388428,0.84375,0.1454157829284668,0.22718596458435059,0.625,0.625
2,5,236,0.6202733516693115,0.828125,0.1182408332824707,0.19216108322143555,0.625,0.625
2,5,237,0.5140945911407471,0.859375,0.15337419509887695,0.23006176948547363,0.625,0.625
2,5,238,0.6377958059310913,0.78125,0.11074161529541016,0.19130563735961914,0.625,0.625
2,5,239,0.22544492781162262,0.953125,0.1296699047088623,0.21464133262634277,0.625,0.625
2,5,240,0.561153769493103,0.796875,0.10250163078308105,0.18122291564941406,0.625,0.625
2,5,241,0.5096501111984253,0.84375,0.13254070281982422,0.21207904815673828,0.625,0.625
2,5,242,0.5693678855895996,0.796875,0.10677766799926758,0.18680882453918457,0.625,0.625
2,5,243,0.4812256991863251,0.828125,0.12851285934448242,0.2099900245666504,0.625,0.625
2,5,244,0.518976628780365,0.765625,0.10235142707824707,0.18089866638183594,0.625,0.625
2,5,245,0.4182616174221039,0.890625,0.138200044631958,0.21570634841918945,0.625,0.625
2,5,246,0.4114987850189209,0.84375,0.11884760856628418,0.1969892978668213,0.625,0.625
2,5,247,0.3990713953971863,0.890625,0.1384422779083252,0.21466732025146484,0.625,0.625
2,5,248,0.5135958194732666,0.828125,0.11088776588439941,0.19277691841125488,0.625,0.625
2,5,249,0.4886734187602997,0.859375,0.13862109184265137,0.21523690223693848,0.625,0.625
2,5,250,0.45753419399261475,0.828125,0.10784745216369629,0.18676185607910156,0.625,0.625
2,5,251,0.8560220003128052,0.703125,0.13875150680541992,0.21602654457092285,0.625,0.625
2,5,252,0.7950949668884277,0.703125,0.11264443397521973,0.19042277336120605,0.625,0.625
2,5,253,0.5501988530158997,0.859375,0.15157032012939453,0.22971224784851074,0.625,0.625
2,5,254,0.5657609701156616,0.8125,0.10785055160522461,0.18581938743591309,0.625,0.625
2,5,255,0.510663628578186,0.8125,0.13193511962890625,0.21108746528625488,0.625,0.625
2,5,256,0.506960391998291,0.8125,0.12936043739318848,0.21010136604309082,0.625,0.625
2,5,257,0.5988175868988037,0.828125,0.10425901412963867,0.1809704303741455,0.625,0.625
2,5,258,0.7462170720100403,0.75,0.12804603576660156,0.2116997241973877,0.625,0.625
2,5,259,0.7750396728515625,0.765625,0.11763978004455566,0.19201898574829102,0.625,0.625
2,6,0,0.34407496452331543,0.875,0.07912683486938477,0.16122961044311523,0.625,0.625
2,6,1,0.2703162729740143,0.875,0.10354995727539062,0.18120431900024414,0.625,0.625
2,6,2,0.2355124056339264,0.90625,0.11046075820922852,0.18731975555419922,0.625,0.625
2,6,3,0.27731379866600037,0.875,0.1732802391052246,0.2493762969970703,0.625,0.625
2,6,4,0.34647703170776367,0.890625,0.10669565200805664,0.19720125198364258,0.625,0.625
2,6,5,0.43861210346221924,0.859375,0.14505577087402344,0.22869062423706055,0.625,0.625
2,6,6,0.4725304841995239,0.828125,0.10680317878723145,0.1855173110961914,0.625,0.625
2,6,7,0.4226551353931427,0.828125,0.13243865966796875,0.2094101905822754,0.625,0.625
2,6,8,0.2923821806907654,0.875,0.1011350154876709,0.1842505931854248,0.625,0.625
2,6,9,0.3807818293571472,0.859375,0.14787840843200684,0.22826647758483887,0.625,0.625
2,6,10,0.2864723801612854,0.90625,0.11536765098571777,0.1949012279510498,0.625,0.625
2,6,11,0.3059028387069702,0.921875,0.1275937557220459,0.21346306800842285,0.625,0.625
2,6,12,0.41742071509361267,0.875,0.10654067993164062,0.184220552444458,0.625,0.625
2,6,13,0.3267204761505127,0.875,0.1337745189666748,0.21338748931884766,0.625,0.625
2,6,14,0.4526230990886688,0.828125,0.11613917350769043,0.19804024696350098,0.625,0.625
2,6,15,0.4096492528915405,0.859375,0.13044452667236328,0.2074604034423828,0.625,0.625
2,6,16,0.20782816410064697,0.921875,0.1080467700958252,0.19176054000854492,0.625,0.625
2,6,17,0.313197523355484,0.875,0.12690067291259766,0.20648550987243652,0.625,0.625
2,6,18,0.37510791420936584,0.890625,0.10246038436889648,0.1849207878112793,0.625,0.625
2,6,19,0.4418107867240906,0.8125,0.13762235641479492,0.21555089950561523,0.625,0.625
2,6,20,0.36027854681015015,0.84375,0.10161423683166504,0.1810598373413086,0.625,0.625
2,6,21,0.39936012029647827,0.84375,0.14421415328979492,0.22014665603637695,0.625,0.625
2,6,22,0.45419156551361084,0.8125,0.10614156723022461,0.19868016242980957,0.625,0.625
2,6,23,0.45555245876312256,0.828125,0.11859130859375,0.19509649276733398,0.625,0.625
2,6,24,0.5750120878219604,0.78125,0.13452720642089844,0.21552133560180664,0.625,0.625
2,6,25,0.49107569456100464,0.859375,0.10997343063354492,0.19196867942810059,0.625,0.625
2,6,26,0.2914832830429077,0.90625,0.14294767379760742,0.22321081161499023,0.625,0.625
2,6,27,0.2802533507347107,0.921875,0.1020193099975586,0.17712068557739258,0.625,0.625
2,6,28,0.2884371280670166,0.890625,0.1468665599822998,0.2247157096862793,0.625,0.625
2,6,29,0.5127441883087158,0.84375,0.11608242988586426,0.2196636199951172,0.625,0.625
2,6,30,0.3792300820350647,0.875,0.13804268836975098,0.2162458896636963,0.625,0.625
2,6,31,0.4144135117530823,0.828125,0.10768914222717285,0.18716669082641602,0.625,0.625
2,6,32,0.30782121419906616,0.890625,0.13654851913452148,0.21710991859436035,0.625,0.625
2,6,33,0.3795543313026428,0.890625,0.1054074764251709,0.18422198295593262,0.625,0.625
2,6,34,0.1218588724732399,0.96875,0.13550901412963867,0.21638131141662598,0.625,0.625
2,6,35,0.33037543296813965,0.875,0.1058199405670166,0.18334078788757324,0.625,0.625
2,6,36,0.42664921283721924,0.859375,0.15012264251708984,0.22829365730285645,0.625,0.625
2,6,37,0.34855520725250244,0.890625,0.10495662689208984,0.18279385566711426,0.625,0.625
2,6,38,0.3740540146827698,0.875,0.1270151138305664,0.21274399757385254,0.625,0.625
2,6,39,0.4110393524169922,0.84375,0.10256052017211914,0.18092966079711914,0.625,0.625
2,6,40,0.25876450538635254,0.921875,0.13519692420959473,0.21985459327697754,0.625,0.625
2,6,41,0.46363067626953125,0.828125,0.10710787773132324,0.1897268295288086,0.625,0.625
2,6,42,0.40156927704811096,0.890625,0.13532543182373047,0.22237825393676758,0.625,0.625
2,6,43,0.31314992904663086,0.890625,0.10707592964172363,0.1909809112548828,0.625,0.625
2,6,44,0.24365127086639404,0.921875,0.13115310668945312,0.20973777770996094,0.625,0.625
2,6,45,0.28346148133277893,0.921875,0.11249518394470215,0.19566607475280762,0.625,0.625
2,6,46,0.3612343370914459,0.84375,0.12371516227722168,0.21070194244384766,0.625,0.625
2,6,47,0.23288309574127197,0.96875,0.1134796142578125,0.1915593147277832,0.625,0.625
2,6,48,0.5927558541297913,0.78125,0.12739777565002441,0.20654034614562988,0.625,0.625
2,6,49,0.2423805147409439,0.890625,0.13329744338989258,0.2192552089691162,0.625,0.625
2,6,50,0.5665518045425415,0.828125,0.11883711814880371,0.19708609580993652,0.625,0.625
2,6,51,0.28522467613220215,0.875,0.10251927375793457,0.18901634216308594,0.625,0.625
2,6,52,0.3535466194152832,0.859375,0.13617634773254395,0.21519112586975098,0.625,0.625
2,6,53,0.35779350996017456,0.875,0.12824106216430664,0.2079784870147705,0.625,0.625
2,6,54,0.2529372274875641,0.921875,0.14031004905700684,0.21909117698669434,0.625,0.625
2,6,55,0.23745466768741608,0.921875,0.11349153518676758,0.1941366195678711,0.625,0.625
2,6,56,0.21777492761611938,0.953125,0.14139723777770996,0.22205758094787598,0.625,0.625
2,6,57,0.40473243594169617,0.859375,0.10476541519165039,0.19379663467407227,0.625,0.625
2,6,58,0.39978674054145813,0.875,0.13155245780944824,0.21503400802612305,0.625,0.625
2,6,59,0.39033645391464233,0.875,0.11435294151306152,0.19191813468933105,0.625,0.625
2,6,60,0.2256501168012619,0.90625,0.16099834442138672,0.23685860633850098,0.625,0.625
2,6,61,0.3580683469772339,0.84375,0.11155557632446289,0.18847227096557617,0.625,0.625
2,6,62,0.3711192011833191,0.921875,0.14273762702941895,0.22497105598449707,0.625,0.625
2,6,63,0.3108372092247009,0.890625,0.11479330062866211,0.19368815422058105,0.625,0.625
2,6,64,0.22639867663383484,0.9375,0.15897345542907715,0.23812174797058105,0.625,0.625
2,6,65,0.357497900724411,0.875,0.10669231414794922,0.1875317096710205,0.625,0.625
2,6,66,0.33634236454963684,0.890625,0.15979599952697754,0.24151086807250977,0.625,0.625
2,6,67,0.4698004126548767,0.875,0.11362886428833008,0.2012615203857422,0.625,0.625
2,6,68,0.32373037934303284,0.890625,0.13148069381713867,0.2137906551361084,0.625,0.625
2,6,69,0.5161275267601013,0.8125,0.1078648567199707,0.19258475303649902,0.625,0.625
2,6,70,0.4578228294849396,0.859375,0.13394808769226074,0.2193145751953125,0.625,0.625
2,6,71,0.2473774254322052,0.953125,0.12794780731201172,0.21092844009399414,0.625,0.625
2,6,72,0.5002869367599487,0.765625,0.09439563751220703,0.1814866065979004,0.625,0.625
2,6,73,0.18151262402534485,0.953125,0.15869355201721191,0.24519896507263184,0.625,0.625
2,6,74,0.27855950593948364,0.859375,0.11148595809936523,0.19589781761169434,0.625,0.625
2,6,75,0.25383609533309937,0.90625,0.13855981826782227,0.21614384651184082,0.625,0.625
2,6,76,0.3724321126937866,0.859375,0.10883975028991699,0.19061732292175293,0.625,0.625
2,6,77,0.5234994888305664,0.78125,0.15233135223388672,0.23085641860961914,0.625,0.625
2,6,78,0.2745971083641052,0.90625,0.12133359909057617,0.19831037521362305,0.625,0.625
2,6,79,0.30876651406288147,0.84375,0.1369035243988037,0.21794915199279785,0.625,0.625
2,6,80,0.4018389582633972,0.90625,0.10350418090820312,0.18289947509765625,0.625,0.625
2,6,81,0.3055804371833801,0.921875,0.142136812210083,0.22170519828796387,0.625,0.625
2,6,82,0.5970338582992554,0.796875,0.1094350814819336,0.18531394004821777,0.625,0.625
2,6,83,0.4617732763290405,0.84375,0.1324448585510254,0.208449125289917,0.625,0.625
2,6,84,0.49526000022888184,0.859375,0.11212301254272461,0.19277215003967285,0.625,0.625
2,6,85,0.43604642152786255,0.859375,0.1304762363433838,0.20783519744873047,0.625,0.625
2,6,86,0.40024393796920776,0.859375,0.10659265518188477,0.18375110626220703,0.625,0.625
2,6,87,0.47091466188430786,0.828125,0.12695956230163574,0.20514392852783203,0.625,0.625
2,6,88,0.22962221503257751,0.90625,0.10410284996032715,0.1818373203277588,0.625,0.625
2,6,89,0.3187272250652313,0.90625,0.14034008979797363,0.2190718650817871,0.625,0.625
2,6,90,0.3484828770160675,0.875,0.10540962219238281,0.1820383071899414,0.625,0.625
2,6,91,0.446066677570343,0.796875,0.13816499710083008,0.21657109260559082,0.625,0.625
2,6,92,0.46826326847076416,0.84375,0.11107444763183594,0.19151902198791504,0.625,0.625
2,6,93,0.3914310336112976,0.84375,0.11942863464355469,0.19652676582336426,0.625,0.625
2,6,94,0.42397433519363403,0.828125,0.10283970832824707,0.19182920455932617,0.625,0.625
2,6,95,0.3912675380706787,0.828125,0.11561894416809082,0.19119811058044434,0.625,0.625
2,6,96,0.51314377784729,0.8125,0.11907458305358887,0.19913029670715332,0.625,0.625
2,6,97,0.42740148305892944,0.796875,0.1336684226989746,0.21227502822875977,0.625,0.625
2,6,98,0.4714168608188629,0.875,0.10303831100463867,0.18172287940979004,0.625,0.625
2,6,99,0.35815852880477905,0.859375,0.1504192352294922,0.22876405715942383,0.625,0.625
2,6,100,0.2152504324913025,0.90625,0.10274410247802734,0.18286967277526855,0.625,0.625
2,6,101,0.40894168615341187,0.890625,0.13579583168029785,0.21164250373840332,0.625,0.625
2,6,102,0.39373475313186646,0.875,0.10264468193054199,0.18004250526428223,0.625,0.625
2,6,103,0.3305121958255768,0.84375,0.13477087020874023,0.21296453475952148,0.625,0.625
2,6,104,0.2636154294013977,0.90625,0.10265326499938965,0.18119335174560547,0.625,0.625
2,6,105,0.3480767607688904,0.875,0.12823104858398438,0.20861458778381348,0.625,0.625
2,6,106,0.49222320318222046,0.859375,0.11393904685974121,0.19129252433776855,0.625,0.625
2,6,107,0.315998375415802,0.890625,0.13361072540283203,0.21631574630737305,0.625,0.625
2,6,108,0.39149239659309387,0.84375,0.10434961318969727,0.18614411354064941,0.625,0.625
2,6,109,0.4375312328338623,0.828125,0.13386869430541992,0.21126413345336914,0.625,0.625
2,6,110,0.4048312306404114,0.8125,0.10272717475891113,0.17946410179138184,0.625,0.625
2,6,111,0.41961055994033813,0.875,0.12702512741088867,0.20833683013916016,0.625,0.625
2,6,112,0.42459991574287415,0.84375,0.12030696868896484,0.19997811317443848,0.625,0.625
2,6,113,0.394641637802124,0.828125,0.14172077178955078,0.21825551986694336,0.625,0.625
2,6,114,0.42873767018318176,0.84375,0.1086282730102539,0.1908583641052246,0.625,0.625
2,6,115,0.2933066785335541,0.890625,0.1262354850769043,0.2114269733428955,0.625,0.625
2,6,116,0.39089643955230713,0.875,0.10625886917114258,0.18377232551574707,0.625,0.625
2,6,117,0.4394494295120239,0.796875,0.13973069190979004,0.22349834442138672,0.625,0.625
2,6,118,0.2829737067222595,0.9375,0.10891890525817871,0.18805265426635742,0.625,0.625
2,6,119,0.4028777778148651,0.8125,0.153458833694458,0.23243117332458496,0.625,0.625
2,6,120,0.2855820953845978,0.875,0.10230898857116699,0.18157649040222168,0.625,0.625
2,6,121,0.42187005281448364,0.859375,0.1411283016204834,0.2168886661529541,0.625,0.625
2,6,122,0.29625797271728516,0.90625,0.10796546936035156,0.1855478286743164,0.625,0.625
2,6,123,0.2719327211380005,0.875,0.15337848663330078,0.23247480392456055,0.625,0.625
2,6,124,0.43878209590911865,0.828125,0.11376738548278809,0.19790887832641602,0.625,0.625
2,6,125,0.4038624167442322,0.859375,0.1278386116027832,0.20885348320007324,0.625,0.625
2,6,126,0.3152591586112976,0.890625,0.10874414443969727,0.2051405906677246,0.625,0.625
2,6,127,0.42363882064819336,0.859375,0.13222241401672363,0.21235871315002441,0.625,0.625
2,6,128,0.7197651863098145,0.796875,0.1167759895324707,0.20329833030700684,0.625,0.625
2,6,129,0.41258296370506287,0.859375,0.15058159828186035,0.23763704299926758,0.625,0.625
2,6,130,0.3334246277809143,0.890625,0.10893940925598145,0.19550251960754395,0.625,0.625
2,6,131,0.4650616943836212,0.828125,0.14809131622314453,0.23265314102172852,0.625,0.625
2,6,132,0.43541663885116577,0.828125,0.11788439750671387,0.19908618927001953,0.625,0.625
2,6,133,0.41678130626678467,0.828125,0.14654183387756348,0.23089885711669922,0.625,0.625
2,6,134,0.4616657793521881,0.828125,0.11915946006774902,0.20275211334228516,0.625,0.625
2,6,135,0.5595926642417908,0.8125,0.14641261100769043,0.22741365432739258,0.625,0.625
2,6,136,0.4871447682380676,0.84375,0.12062954902648926,0.20617341995239258,0.625,0.625
2,6,137,0.36878275871276855,0.859375,0.1374061107635498,0.2189342975616455,0.625,0.625
2,6,138,0.3943915367126465,0.890625,0.12018847465515137,0.20574307441711426,0.625,0.625
2,6,139,0.4084855914115906,0.859375,0.13132643699645996,0.22629857063293457,0.625,0.625
2,6,140,0.2813224792480469,0.921875,0.13528656959533691,0.21837472915649414,0.625,0.625
2,6,141,0.4031922221183777,0.859375,0.1083061695098877,0.18795466423034668,0.625,0.625
2,6,142,0.7213867902755737,0.765625,0.14529752731323242,0.22680163383483887,0.625,0.625
2,6,143,0.4484298825263977,0.828125,0.12227129936218262,0.20275521278381348,0.625,0.625
2,6,144,0.3455681800842285,0.890625,0.12371182441711426,0.2095644474029541,0.625,0.625
2,6,145,0.5061481595039368,0.796875,0.10821533203125,0.1874992847442627,0.625,0.625
2,6,146,0.4347659647464752,0.8125,0.1275005340576172,0.20606327056884766,0.625,0.625
2,6,147,0.5636542439460754,0.828125,0.10977768898010254,0.19175124168395996,0.625,0.625
2,6,148,0.29562902450561523,0.828125,0.1281137466430664,0.20759153366088867,0.625,0.625
2,6,149,0.5993735790252686,0.765625,0.10379362106323242,0.18413686752319336,0.625,0.625
2,6,150,0.4527556896209717,0.8125,0.1390993595123291,0.21617388725280762,0.625,0.625
2,6,151,0.4619452953338623,0.828125,0.11034059524536133,0.18684148788452148,0.625,0.625
2,6,152,0.5602388381958008,0.75,0.15802454948425293,0.2380228042602539,0.625,0.625
2,6,153,0.3084242045879364,0.859375,0.1060032844543457,0.18534421920776367,0.625,0.625
2,6,154,0.5480047464370728,0.796875,0.13800764083862305,0.21542668342590332,0.625,0.625
2,6,155,0.47281700372695923,0.8125,0.1202390193939209,0.19876551628112793,0.625,0.625
2,6,156,0.5073764324188232,0.890625,0.13652729988098145,0.21770763397216797,0.625,0.625
2,6,157,0.2533920407295227,0.9375,0.10195803642272949,0.19166779518127441,0.625,0.625
2,6,158,0.5285013914108276,0.78125,0.12603211402893066,0.2044823169708252,0.625,0.625
2,6,159,0.2411806285381317,0.921875,0.1085042953491211,0.1852705478668213,0.625,0.625
2,6,160,0.32187962532043457,0.875,0.13160443305969238,0.21740221977233887,0.625,0.625
2,6,161,0.3717191219329834,0.859375,0.0994410514831543,0.1819756031036377,0.625,0.625
2,6,162,0.4493536353111267,0.84375,0.15700984001159668,0.24683594703674316,0.625,0.625
2,6,163,0.5349293947219849,0.828125,0.12202811241149902,0.22508978843688965,0.625,0.625
2,6,164,0.2568119764328003,0.90625,0.1415417194366455,0.22520804405212402,0.625,0.625
2,6,165,0.49782639741897583,0.78125,0.10734677314758301,0.18578815460205078,0.625,0.625
2,6,166,0.3055759072303772,0.84375,0.14156246185302734,0.2205517292022705,0.625,0.625
2,6,167,0.5735474824905396,0.78125,0.11430048942565918,0.1978299617767334,0.625,0.625
2,6,168,0.5721050500869751,0.8125,0.14291000366210938,0.2266542911529541,0.625,0.625
2,6,169,0.5223162174224854,0.796875,0.13234615325927734,0.21947503089904785,0.625,0.625
2,6,170,0.6768035292625427,0.8125,0.14939236640930176,0.234236478805542,0.625,0.625
2,6,171,0.43733322620391846,0.84375,0.10718989372253418,0.18847894668579102,0.625,0.625
2,6,172,0.3829013705253601,0.875,0.13365459442138672,0.21913552284240723,0.625,0.625
2,6,173,0.5653315186500549,0.796875,0.11369895935058594,0.19614863395690918,0.625,0.625
2,6,174,0.4716414511203766,0.84375,0.1491868495941162,0.24175548553466797,0.625,0.625
2,6,175,0.4489385187625885,0.890625,0.11843180656433105,0.24146294593811035,0.625,0.625
2,6,176,0.35435396432876587,0.890625,0.16551423072814941,0.2633664608001709,0.625,0.625
2,6,177,0.5055400133132935,0.796875,0.13456988334655762,0.23307394981384277,0.625,0.625
2,6,178,0.25190219283103943,0.921875,0.1525585651397705,0.2507963180541992,0.625,0.625
2,6,179,0.3211842477321625,0.890625,0.12338733673095703,0.21540474891662598,0.625,0.625
2,6,180,0.46953219175338745,0.796875,0.13927793502807617,0.2288374900817871,0.625,0.625
2,6,181,0.4255715012550354,0.890625,0.10506677627563477,0.18641996383666992,0.625,0.625
2,6,182,0.2672078609466553,0.921875,0.1550586223602295,0.2391805648803711,0.625,0.625
2,6,183,0.4849095940589905,0.8125,0.10917854309082031,0.2000432014465332,0.625,0.625
2,6,184,0.31479427218437195,0.890625,0.1367783546447754,0.21898341178894043,0.625,0.625
2,6,185,0.3324428200721741,0.84375,0.11261749267578125,0.19295525550842285,0.625,0.625
2,6,186,0.5632868409156799,0.828125,0.13555526733398438,0.221343994140625,0.625,0.625
2,6,187,0.5641653537750244,0.796875,0.13556838035583496,0.21573567390441895,0.625,0.625
2,6,188,0.4639686346054077,0.828125,0.1577010154724121,0.23654770851135254,0.625,0.625
2,6,189,0.4236196279525757,0.859375,0.12688207626342773,0.2112748622894287,0.625,0.625
2,6,190,0.48077428340911865,0.828125,0.12676453590393066,0.21267247200012207,0.625,0.625
2,6,191,0.3641456961631775,0.875,0.12377548217773438,0.2179098129272461,0.625,0.625
2,6,192,0.5074654817581177,0.84375,0.15786957740783691,0.24570417404174805,0.625,0.625
2,6,193,0.45040273666381836,0.828125,0.11099028587341309,0.19206809997558594,0.625,0.625
2,6,194,0.4202272891998291,0.890625,0.1480708122253418,0.2332911491394043,0.625,0.625
2,6,195,0.4653374254703522,0.8125,0.11548852920532227,0.19722509384155273,0.625,0.625
2,6,196,0.39964520931243896,0.828125,0.1320781707763672,0.20789265632629395,0.625,0.625
2,6,197,0.3498603105545044,0.875,0.10064911842346191,0.18416070938110352,0.625,0.625
2,6,198,0.6426752209663391,0.75,0.1657392978668213,0.25090622901916504,0.625,0.625
2,6,199,0.30873945355415344,0.90625,0.1244814395904541,0.21861600875854492,0.625,0.625
2,6,200,0.4454626441001892,0.875,0.14185190200805664,0.22810769081115723,0.625,0.625
2,6,201,0.3358769416809082,0.875,0.11701488494873047,0.20733642578125,0.625,0.625
2,6,202,0.41557377576828003,0.828125,0.16057467460632324,0.24875926971435547,0.625,0.625
2,6,203,0.27836400270462036,0.890625,0.15741848945617676,0.25866198539733887,0.625,0.625
2,6,204,0.4112682342529297,0.859375,0.12147378921508789,0.20181012153625488,0.625,0.625
2,6,205,0.44102150201797485,0.75,0.16144299507141113,0.24918174743652344,0.625,0.625
2,6,206,0.4511285722255707,0.796875,0.1170511245727539,0.1984846591949463,0.625,0.625
2,6,207,0.5924397110939026,0.828125,0.13188481330871582,0.20950984954833984,0.625,0.625
2,6,208,0.5188602209091187,0.8125,0.11985611915588379,0.19432711601257324,0.625,0.625
2,6,209,0.49554383754730225,0.8125,0.13188600540161133,0.21028351783752441,0.625,0.625
2,6,210,0.6332951188087463,0.78125,0.10916972160339355,0.19265508651733398,0.625,0.625
2,6,211,0.5873906016349792,0.75,0.16133689880371094,0.25550150871276855,0.625,0.625
2,6,212,0.6108150482177734,0.796875,0.11493301391601562,0.2055654525756836,0.625,0.625
2,6,213,0.3526950478553772,0.84375,0.13999462127685547,0.23008441925048828,0.625,0.625
2,6,214,0.5274216532707214,0.828125,0.10960984230041504,0.2119295597076416,0.625,0.625
2,6,215,0.36865270137786865,0.890625,0.13675928115844727,0.2173302173614502,0.625,0.625
2,6,216,0.8605154752731323,0.78125,0.10783171653747559,0.19347190856933594,0.625,0.625
2,6,217,0.2899606227874756,0.890625,0.15049028396606445,0.24979424476623535,0.625,0.625
2,6,218,0.5102352499961853,0.828125,0.12374544143676758,0.22011613845825195,0.625,0.625
2,6,219,0.5915068984031677,0.78125,0.18707895278930664,0.2849137783050537,0.625,0.625
2,6,220,0.3517746925354004,0.84375,0.12397933006286621,0.20903563499450684,0.625,0.625
2,6,221,0.27934396266937256,0.90625,0.13884186744689941,0.22819280624389648,0.625,0.625
2,6,222,0.3025726079940796,0.921875,0.13381624221801758,0.22303342819213867,0.625,0.625
2,6,223,0.37318992614746094,0.890625,0.13023853302001953,0.2105426788330078,0.625,0.625
2,6,224,0.47463980317115784,0.796875,0.10858297348022461,0.18771862983703613,0.625,0.625
2,6,225,0.49309778213500977,0.859375,0.1281125545501709,0.2146449089050293,0.625,0.625
2,6,226,0.3779061734676361,0.828125,0.10174417495727539,0.18650436401367188,0.625,0.625
2,6,227,0.5411190986633301,0.78125,0.13953042030334473,0.22001409530639648,0.625,0.625
2,6,228,0.5573756098747253,0.75,0.09844732284545898,0.19193387031555176,0.625,0.625
2,6,229,0.31740331649780273,0.90625,0.12687134742736816,0.2135779857635498,0.625,0.625
2,6,230,0.404419481754303,0.875,0.10329556465148926,0.18115639686584473,0.625,0.625
2,6,231,0.34686312079429626,0.859375,0.13677024841308594,0.22573232650756836,0.625,0.625
2,6,232,0.45864468812942505,0.78125,0.10547447204589844,0.18703866004943848,0.625,0.625
2,6,233,0.6005942821502686,0.734375,0.12826037406921387,0.20827722549438477,0.625,0.625
2,6,234,0.3458922505378723,0.875,0.10863375663757324,0.1883835792541504,0.625,0.625
2,6,235,0.49290376901626587,0.796875,0.13653206825256348,0.2153000831604004,0.625,0.625
2,6,236,0.7234757542610168,0.78125,0.11747264862060547,0.20331335067749023,0.625,0.625
2,6,237,0.3208271265029907,0.875,0.12996292114257812,0.20778226852416992,0.625,0.625
2,6,238,0.33036094903945923,0.890625,0.1022481918334961,0.1875743865966797,0.625,0.625
2,6,239,0.4246489703655243,0.84375,0.13525009155273438,0.21616435050964355,0.625,0.625
2,6,240,0.36346256732940674,0.859375,0.10514473915100098,0.183854341506958,0.625,0.625
2,6,241,0.6920320987701416,0.734375,0.1356043815612793,0.21719861030578613,0.625,0.625
2,6,242,0.46041810512542725,0.828125,0.10057473182678223,0.18090176582336426,0.625,0.625
2,6,243,0.5294505953788757,0.890625,0.1309671401977539,0.21447253227233887,0.625,0.625
2,6,244,0.5576545000076294,0.859375,0.1064157485961914,0.18655896186828613,0.625,0.625
2,6,245,0.45597130060195923,0.828125,0.1367654800415039,0.21366596221923828,0.625,0.625
2,6,246,0.32672828435897827,0.859375,0.1282029151916504,0.21895480155944824,0.625,0.625
2,6,247,0.4115067422389984,0.875,0.11345362663269043,0.19577527046203613,0.625,0.625
2,6,248,0.47160789370536804,0.84375,0.10491371154785156,0.18714189529418945,0.625,0.625
2,6,249,0.5687671303749084,0.75,0.1306474208831787,0.20810484886169434,0.625,0.625
2,6,250,0.5318324565887451,0.84375,0.10262656211853027,0.18144845962524414,0.625,0.625
2,6,251,0.3198178708553314,0.90625,0.12969756126403809,0.20921993255615234,0.625,0.625
2,6,252,0.5568400621414185,0.8125,0.09735250473022461,0.18784427642822266,0.625,0.625
2,6,253,0.36500218510627747,0.875,0.13821935653686523,0.21396374702453613,0.625,0.625
2,6,254,0.3418770432472229,0.921875,0.10745501518249512,0.1998896598815918,0.625,0.625
2,6,255,0.5014743208885193,0.828125,0.13342714309692383,0.21867060661315918,0.625,0.625
2,6,256,0.4394889175891876,0.828125,0.10610008239746094,0.18947649002075195,0.625,0.625
2,6,257,0.512324333190918,0.8125,0.13145112991333008,0.21695995330810547,0.625,0.625
2,6,258,0.6153926253318787,0.78125,0.09751224517822266,0.1873922348022461,0.625,0.625
2,6,259,0.5716296434402466,0.796875,0.14218544960021973,0.22277545928955078,0.625,0.625
2,7,0,0.4307698607444763,0.828125,0.1778426170349121,0.2807028293609619,0.625,0.625
2,7,1,0.4421417713165283,0.875,0.11432766914367676,0.19353556632995605,0.625,0.625
2,7,2,0.3696022629737854,0.875,0.11478042602539062,0.19875788688659668,0.625,0.625
2,7,3,0.26170429587364197,0.953125,0.1504819393157959,0.2276906967163086,0.625,0.625
2,7,4,0.19675052165985107,0.921875,0.12847089767456055,0.22327518463134766,0.625,0.625
2,7,5,0.43318599462509155,0.859375,0.140580415725708,0.22065424919128418,0.625,0.625
2,7,6,0.1430438905954361,0.96875,0.11052250862121582,0.18868112564086914,0.625,0.625
2,7,7,0.3785618245601654,0.890625,0.1499781608581543,0.23871946334838867,0.625,0.625
2,7,8,0.346149742603302,0.890625,0.12183761596679688,0.20757079124450684,0.625,0.625
2,7,9,0.2757832407951355,0.90625,0.14580845832824707,0.2258622646331787,0.625,0.625
2,7,10,0.4143833816051483,0.828125,0.11550211906433105,0.19614124298095703,0.625,0.625
2,7,11,0.34495294094085693,0.90625,0.14140820503234863,0.22223901748657227,0.625,0.625
2,7,12,0.2399897277355194,0.921875,0.11592531204223633,0.19677162170410156,0.625,0.625
2,7,13,0.36962753534317017,0.859375,0.13097405433654785,0.21282434463500977,0.625,0.625
2,7,14,0.27197936177253723,0.9375,0.11740541458129883,0.2012488842010498,0.625,0.625
2,7,15,0.3229278028011322,0.890625,0.12445449829101562,0.20332717895507812,0.625,0.625
2,7,16,0.22947058081626892,0.921875,0.10448741912841797,0.18399906158447266,0.625,0.625
2,7,17,0.3898603916168213,0.875,0.1313188076019287,0.22533917427062988,0.625,0.625
2,7,18,0.3881864845752716,0.84375,0.11876034736633301,0.20458507537841797,0.625,0.625
2,7,19,0.49524986743927,0.765625,0.10455918312072754,0.1879119873046875,0.625,0.625
2,7,20,0.33805984258651733,0.921875,0.13280129432678223,0.21805191040039062,0.625,0.625
2,7,21,0.22308778762817383,0.9375,0.10804080963134766,0.18923330307006836,0.625,0.625
2,7,22,0.19208119809627533,0.921875,0.14449143409729004,0.23090815544128418,0.625,0.625
2,7,23,0.3729456663131714,0.90625,0.10553216934204102,0.18607759475708008,0.625,0.625
2,7,24,0.38286292552948,0.8125,0.12927484512329102,0.21344852447509766,0.625,0.625
2,7,25,0.16120761632919312,0.953125,0.10118222236633301,0.18004298210144043,0.625,0.625
2,7,26,0.39477109909057617,0.875,0.1372208595275879,0.21712064743041992,0.625,0.625
2,7,27,0.3061929941177368,0.875,0.1236567497253418,0.20681118965148926,0.625,0.625
2,7,28,0.2972850203514099,0.90625,0.1416783332824707,0.2295851707458496,0.625,0.625
2,7,29,0.28056323528289795,0.890625,0.10540080070495605,0.18535470962524414,0.625,0.625
2,7,30,0.3181998133659363,0.859375,0.14181876182556152,0.22016167640686035,0.625,0.625
2,7,31,0.2635531723499298,0.9375,0.10656213760375977,0.18352293968200684,0.625,0.625
2,7,32,0.3108721077442169,0.90625,0.15527677536010742,0.23230385780334473,0.625,0.625
2,7,33,0.24866384267807007,0.90625,0.11333441734313965,0.19491100311279297,0.625,0.625
2,7,34,0.2626933455467224,0.921875,0.12962937355041504,0.2123126983642578,0.625,0.625
2,7,35,0.26197952032089233,0.921875,0.1077725887298584,0.1857130527496338,0.625,0.625
2,7,36,0.2006438672542572,0.9375,0.13640475273132324,0.21193575859069824,0.625,0.625
2,7,37,0.435061514377594,0.84375,0.10799932479858398,0.19122004508972168,0.625,0.625
2,7,38,0.39166760444641113,0.875,0.13288211822509766,0.21104979515075684,0.625,0.625
2,7,39,0.3334265351295471,0.890625,0.09869146347045898,0.18933844566345215,0.625,0.625
2,7,40,0.4088745713233948,0.84375,0.14989900588989258,0.22995686531066895,0.625,0.625
2,7,41,0.23536962270736694,0.953125,0.10368585586547852,0.18860173225402832,0.625,0.625
2,7,42,0.3102200925350189,0.90625,0.13653874397277832,0.21677947044372559,0.625,0.625
2,7,43,0.32294198870658875,0.890625,0.1085662841796875,0.1992344856262207,0.625,0.625
2,7,44,0.4161571264266968,0.859375,0.11895608901977539,0.19598984718322754,0.625,0.625
2,7,45,0.47347548604011536,0.8125,0.10449337959289551,0.18936371803283691,0.625,0.625
2,7,46,0.5156168341636658,0.8125,0.13249897956848145,0.21654105186462402,0.625,0.625
2,7,47,0.37039077281951904,0.859375,0.11785149574279785,0.1982717514038086,0.625,0.625
2,7,48,0.34446901082992554,0.875,0.13298344612121582,0.21694087982177734,0.625,0.625
2,7,49,0.43393799662590027,0.890625,0.11306881904602051,0.19047236442565918,0.625,0.625
2,7,50,0.17691510915756226,0.953125,0.13827204704284668,0.21612143516540527,0.625,0.625
2,7,51,0.20735639333724976,0.9375,0.11124444007873535,0.18904685974121094,0.625,0.625
2,7,52,0.40914589166641235,0.8125,0.139451265335083,0.2245466709136963,0.625,0.625
2,7,53,0.25213903188705444,0.9375,0.10179424285888672,0.18170928955078125,0.625,0.625
2,7,54,0.30865249037742615,0.90625,0.1359851360321045,0.2144172191619873,0.625,0.625
2,7,55,0.219514399766922,0.921875,0.10701417922973633,0.18428421020507812,0.625,0.625
2,7,56,0.3875070810317993,0.875,0.14751553535461426,0.231001615524292,0.625,0.625
2,7,57,0.48007631301879883,0.828125,0.11069250106811523,0.1949622631072998,0.625,0.625
2,7,58,0.2745169401168823,0.921875,0.1432490348815918,0.21889090538024902,0.625,0.625
2,7,59,0.3420144319534302,0.890625,0.11756300926208496,0.19359636306762695,0.625,0.625
2,7,60,0.23810991644859314,0.9375,0.13360261917114258,0.20946836471557617,0.625,0.625
2,7,61,0.21323110163211823,0.96875,0.12099933624267578,0.21111440658569336,0.625,0.625
2,7,62,0.29234910011291504,0.890625,0.14525151252746582,0.22815775871276855,0.625,0.625
2,7,63,0.1931098997592926,0.953125,0.10883736610412598,0.18696308135986328,0.625,0.625
2,7,64,0.34252819418907166,0.90625,0.1318058967590332,0.21180319786071777,0.625,0.625
2,7,65,0.28386133909225464,0.875,0.12270903587341309,0.19898176193237305,0.625,0.625
2,7,66,0.4005054235458374,0.828125,0.13562321662902832,0.22784686088562012,0.625,0.625
2,7,67,0.13303536176681519,0.953125,0.12096357345581055,0.20612406730651855,0.625,0.625
2,7,68,0.2695101797580719,0.890625,0.12013483047485352,0.19797444343566895,0.625,0.625
2,7,69,0.2828773558139801,0.921875,0.13086771965026855,0.2108626365661621,0.625,0.625
2,7,70,0.1547357141971588,0.953125,0.1032860279083252,0.18678855895996094,0.625,0.625
2,7,71,0.22423647344112396,0.890625,0.13480806350708008,0.2144913673400879,0.625,0.625
2,7,72,0.18036684393882751,0.9375,0.10216403007507324,0.18762755393981934,0.625,0.625
2,7,73,0.26638156175613403,0.90625,0.12755465507507324,0.20900630950927734,0.625,0.625
2,7,74,0.26576462388038635,0.890625,0.09819746017456055,0.18325018882751465,0.625,0.625
2,7,75,0.2239094376564026,0.921875,0.13890624046325684,0.21343564987182617,0.625,0.625
2,7,76,0.24288076162338257,0.921875,0.11430931091308594,0.1927199363708496,0.625,0.625
2,7,77,0.20418328046798706,0.9375,0.12923908233642578,0.21648693084716797,0.625,0.625
2,7,78,0.21883650124073029,0.921875,0.12502598762512207,0.20289969444274902,0.625,0.625
2,7,79,0.23336735367774963,0.921875,0.13525700569152832,0.22260475158691406,0.625,0.625
2,7,80,0.4685004949569702,0.84375,0.09578180313110352,0.1842665672302246,0.625,0.625
2,7,81,0.3513527810573578,0.875,0.14201760292053223,0.2238306999206543,0.625,0.625
2,7,82,0.2041763812303543,0.90625,0.10268425941467285,0.1820971965789795,0.625,0.625
2,7,83,0.13224360346794128,0.96875,0.15986204147338867,0.24180388450622559,0.625,0.625
2,7,84,0.2587165832519531,0.875,0.11311459541320801,0.19075369834899902,0.625,0.625
2,7,85,0.3422516882419586,0.859375,0.1511385440826416,0.23158574104309082,0.625,0.625
2,7,86,0.4299485683441162,0.890625,0.12108635902404785,0.20866608619689941,0.625,0.625
2,7,87,0.3854694366455078,0.875,0.11258792877197266,0.20248746871948242,0.625,0.625
2,7,88,0.41586169600486755,0.8125,0.14267611503601074,0.22690725326538086,0.625,0.625
2,7,89,0.4423799514770508,0.8125,0.1176297664642334,0.19296002388000488,0.625,0.625
2,7,90,0.2889952063560486,0.90625,0.11988592147827148,0.2129974365234375,0.625,0.625
2,7,91,0.209274560213089,0.921875,0.11448454856872559,0.19287729263305664,0.625,0.625
2,7,92,0.15998151898384094,0.953125,0.10711097717285156,0.18476200103759766,0.625,0.625
2,7,93,0.3543744683265686,0.890625,0.13506245613098145,0.21297359466552734,0.625,0.625
2,7,94,0.1582028865814209,0.953125,0.10636043548583984,0.18341469764709473,0.625,0.625
2,7,95,0.20195329189300537,0.953125,0.13202714920043945,0.21103644371032715,0.625,0.625
2,7,96,0.3252592086791992,0.875,0.11242032051086426,0.19454717636108398,0.625,0.625
2,7,97,0.2894335985183716,0.90625,0.12662577629089355,0.20702362060546875,0.625,0.625
2,7,98,0.4371536076068878,0.859375,0.10681748390197754,0.20446228981018066,0.625,0.625
2,7,99,0.30124592781066895,0.859375,0.12340474128723145,0.2047417163848877,0.625,0.625
2,7,100,0.16434425115585327,0.9375,0.1162409782409668,0.20645451545715332,0.625,0.625
2,7,101,0.3809976279735565,0.90625,0.12674784660339355,0.20318818092346191,0.625,0.625
2,7,102,0.3188628554344177,0.90625,0.10460758209228516,0.18855690956115723,0.625,0.625
2,7,103,0.26846742630004883,0.890625,0.13123035430908203,0.23198986053466797,0.625,0.625
2,7,104,0.23173505067825317,0.90625,0.09951353073120117,0.1854255199432373,0.625,0.625
2,7,105,0.18427065014839172,0.953125,0.14367198944091797,0.230560302734375,0.625,0.625
2,7,106,0.2186247706413269,0.9375,0.12494587898254395,0.21250414848327637,0.625,0.625
2,7,107,0.3619845509529114,0.890625,0.1077115535736084,0.19084811210632324,0.625,0.625
2,7,108,0.3285980224609375,0.890625,0.1373271942138672,0.21872925758361816,0.625,0.625
2,7,109,0.3270440697669983,0.859375,0.14377713203430176,0.22124123573303223,0.625,0.625
2,7,110,0.19807806611061096,0.953125,0.11398625373840332,0.20467162132263184,0.625,0.625
2,7,111,0.27645421028137207,0.890625,0.1370100975036621,0.2153034210205078,0.625,0.625
2,7,112,0.2760438919067383,0.890625,0.10983490943908691,0.19311046600341797,0.625,0.625
2,7,113,0.3482986092567444,0.90625,0.14201021194458008,0.2300868034362793,0.625,0.625
2,7,114,0.28137555718421936,0.90625,0.10449910163879395,0.18481779098510742,0.625,0.625
2,7,115,0.39370405673980713,0.875,0.15126538276672363,0.23909473419189453,0.625,0.625
2,7,116,0.3047513961791992,0.875,0.10921978950500488,0.2061307430267334,0.625,0.625
2,7,117,0.3803352117538452,0.828125,0.1159505844116211,0.1963670253753662,0.625,0.625
2,7,118,0.3306061923503876,0.90625,0.10308551788330078,0.18194174766540527,0.625,0.625
2,7,119,0.2728999853134155,0.921875,0.13352704048156738,0.2128911018371582,0.625,0.625
2,7,120,0.3171812891960144,0.890625,0.1047067642211914,0.2021348476409912,0.625,0.625
2,7,121,0.4685046672821045,0.84375,0.11835408210754395,0.19844794273376465,0.625,0.625
2,7,122,0.38723063468933105,0.890625,0.1016538143157959,0.18691730499267578,0.625,0.625
2,7,123,0.1465984582901001,0.921875,0.12558937072753906,0.20545029640197754,0.625,0.625
2,7,124,0.37925851345062256,0.8125,0.10811543464660645,0.19433259963989258,0.625,0.625
2,7,125,0.3018038272857666,0.875,0.13793301582336426,0.21998858451843262,0.625,0.625
2,7,126,0.4078713059425354,0.828125,0.11415338516235352,0.20055556297302246,0.625,0.625
2,7,127,0.22896051406860352,0.921875,0.13536357879638672,0.2175886631011963,0.625,0.625
2,7,128,0.2506217658519745,0.90625,0.10747766494750977,0.18816399574279785,0.625,0.625
2,7,129,0.28034037351608276,0.890625,0.12987542152404785,0.21057891845703125,0.625,0.625
2,7,130,0.29685404896736145,0.90625,0.11885309219360352,0.20451116561889648,0.625,0.625
2,7,131,0.15833386778831482,0.953125,0.13539385795593262,0.2155907154083252,0.625,0.625
2,7,132,0.5999993085861206,0.828125,0.10976481437683105,0.18799376487731934,0.625,0.625
2,7,133,0.3315599858760834,0.890625,0.1408538818359375,0.21829462051391602,0.625,0.625
2,7,134,0.32669979333877563,0.890625,0.12935233116149902,0.2076725959777832,0.625,0.625
2,7,135,0.3898545503616333,0.890625,0.13187170028686523,0.21292543411254883,0.625,0.625
2,7,136,0.23866532742977142,0.9375,0.11220574378967285,0.1900618076324463,0.625,0.625
2,7,137,0.4184827506542206,0.875,0.14243268966674805,0.22278499603271484,0.625,0.625
2,7,138,0.43090784549713135,0.859375,0.0995030403137207,0.18744301795959473,0.625,0.625
2,7,139,0.34688276052474976,0.890625,0.12578296661376953,0.21010470390319824,0.625,0.625
2,7,140,0.37828686833381653,0.875,0.12588238716125488,0.2125530242919922,0.625,0.625
2,7,141,0.2861943244934082,0.859375,0.12484979629516602,0.20129108428955078,0.625,0.625
2,7,142,0.23796828091144562,0.90625,0.10668134689331055,0.18396401405334473,0.625,0.625
2,7,143,0.20003844797611237,0.921875,0.1365656852722168,0.21301603317260742,0.625,0.625
2,7,144,0.4827534258365631,0.828125,0.10499334335327148,0.1866297721862793,0.625,0.625
2,7,145,0.36897778511047363,0.875,0.1386721134185791,0.21422362327575684,0.625,0.625
2,7,146,0.32917922735214233,0.890625,0.1137855052947998,0.19269323348999023,0.625,0.625
2,7,147,0.39067456126213074,0.828125,0.12641191482543945,0.2041914463043213,0.625,0.625
2,7,148,0.5322542786598206,0.828125,0.1313154697418213,0.21090126037597656,0.625,0.625
2,7,149,0.39493969082832336,0.859375,0.13468027114868164,0.21521377563476562,0.625,0.625
2,7,150,0.34976470470428467,0.890625,0.11185240745544434,0.18817830085754395,0.625,0.625
2,7,151,0.4594269394874573,0.796875,0.12777352333068848,0.20781874656677246,0.625,0.625
2,7,152,0.31537261605262756,0.921875,0.10802865028381348,0.18695759773254395,0.625,0.625
2,7,153,0.33897989988327026,0.921875,0.1358804702758789,0.2141273021697998,0.625,0.625
2,7,154,0.45585811138153076,0.796875,0.10178136825561523,0.1810624599456787,0.625,0.625
2,7,155,0.4511060118675232,0.84375,0.13509082794189453,0.21931815147399902,0.625,0.625
2,7,156,0.29540640115737915,0.859375,0.10779690742492676,0.19072246551513672,0.625,0.625
2,7,157,0.3445661664009094,0.875,0.15508508682250977,0.2321774959564209,0.625,0.625
2,7,158,0.35513290762901306,0.921875,0.10579085350036621,0.18576598167419434,0.625,0.625
2,7,159,0.3278529644012451,0.84375,0.13395452499389648,0.219681978225708,0.625,0.625
2,7,160,0.4037209153175354,0.84375,0.10488510131835938,0.1891765594482422,0.625,0.625
2,7,161,0.19703203439712524,0.953125,0.14289355278015137,0.21959424018859863,0.625,0.625
2,7,162,0.40185266733169556,0.875,0.11227750778198242,0.19045686721801758,0.625,0.625
2,7,163,0.23120492696762085,0.9375,0.1273188591003418,0.21759510040283203,0.625,0.625
2,7,164,0.43246179819107056,0.890625,0.1359386444091797,0.2232377529144287,0.625,0.625
2,7,165,0.3666912913322449,0.921875,0.15012240409851074,0.23682641983032227,0.625,0.625
2,7,166,0.4725937843322754,0.84375,0.11005377769470215,0.20447516441345215,0.625,0.625
2,7,167,0.3147658109664917,0.890625,0.14549922943115234,0.23025178909301758,0.625,0.625
2,7,168,0.36536097526550293,0.859375,0.11118912696838379,0.18744826316833496,0.625,0.625
2,7,169,0.25720804929733276,0.9375,0.14097380638122559,0.21634745597839355,0.625,0.625
2,7,170,0.22061040997505188,0.9375,0.11530566215515137,0.1964130401611328,0.625,0.625
2,7,171,0.4454204738140106,0.78125,0.1343996524810791,0.21634435653686523,0.625,0.625
2,7,172,0.3020229935646057,0.859375,0.10673809051513672,0.18599653244018555,0.625,0.625
2,7,173,0.45067358016967773,0.8125,0.13646888732910156,0.2182455062866211,0.625,0.625
2,7,174,0.33959245681762695,0.875,0.11018753051757812,0.18846535682678223,0.625,0.625
2,7,175,0.30953583121299744,0.890625,0.13444948196411133,0.21368145942687988,0.625,0.625
2,7,176,0.3384321331977844,0.90625,0.12590980529785156,0.20972323417663574,0.625,0.625
2,7,177,0.3542192578315735,0.8125,0.11052989959716797,0.18952202796936035,0.625,0.625
2,7,178,0.5213732719421387,0.84375,0.12833380699157715,0.21169257164001465,0.625,0.625
2,7,179,0.4229576885700226,0.875,0.11250948905944824,0.19312524795532227,0.625,0.625
2,7,180,0.27573996782302856,0.921875,0.13379621505737305,0.2120065689086914,0.625,0.625
2,7,181,0.37001273036003113,0.875,0.11789846420288086,0.19675183296203613,0.625,0.625
2,7,182,0.28444522619247437,0.90625,0.12958860397338867,0.20516371726989746,0.625,0.625
2,7,183,0.4180392324924469,0.875,0.10998916625976562,0.19068527221679688,0.625,0.625
2,7,184,0.3515363335609436,0.84375,0.1339104175567627,0.21051669120788574,0.625,0.625
2,7,185,0.577073335647583,0.765625,0.12984824180603027,0.21214962005615234,0.625,0.625
2,7,186,0.38150840997695923,0.84375,0.13756179809570312,0.21555185317993164,0.625,0.625
2,7,187,0.43983736634254456,0.828125,0.10661816596984863,0.18796539306640625,0.625,0.625
2,7,188,0.41363078355789185,0.859375,0.14368152618408203,0.2234513759613037,0.625,0.625
2,7,189,0.6412984132766724,0.765625,0.10842084884643555,0.19028425216674805,0.625,0.625
2,7,190,0.3608671724796295,0.90625,0.12982726097106934,0.20580148696899414,0.625,0.625
2,7,191,0.6355523467063904,0.75,0.12158584594726562,0.20008254051208496,0.625,0.625
2,7,192,0.40339457988739014,0.859375,0.14354181289672852,0.2237839698791504,0.625,0.625
2,7,193,0.5240770578384399,0.796875,0.10254335403442383,0.185072660446167,0.625,0.625
2,7,194,0.3420006036758423,0.890625,0.13087701797485352,0.20727896690368652,0.625,0.625
2,7,195,0.4712761342525482,0.8125,0.0935971736907959,0.17933940887451172,0.625,0.625
2,7,196,0.5133413672447205,0.8125,0.1435396671295166,0.23124408721923828,0.625,0.625
2,7,197,0.22933095693588257,0.921875,0.10526490211486816,0.18360018730163574,0.625,0.625
2,7,198,0.6441903710365295,0.78125,0.1316664218902588,0.20979595184326172,0.625,0.625
2,7,199,0.3768270015716553,0.859375,0.11240005493164062,0.18892526626586914,0.625,0.625
2,7,200,0.37441927194595337,0.859375,0.14447569847106934,0.22388076782226562,0.625,0.625
2,7,201,0.2592865526676178,0.890625,0.10345959663391113,0.18322992324829102,0.625,0.625
2,7,202,0.3787603974342346,0.828125,0.13306856155395508,0.212782621383667,0.625,0.625
2,7,203,0.63547283411026,0.75,0.11788415908813477,0.19728970527648926,0.625,0.625
2,7,204,0.35103023052215576,0.890625,0.13590764999389648,0.21657943725585938,0.625,0.625
2,7,205,0.4131616950035095,0.859375,0.12589621543884277,0.2215864658355713,0.625,0.625
2,7,206,0.4700039327144623,0.8125,0.12900757789611816,0.2126009464263916,0.625,0.625
2,7,207,0.3764841556549072,0.875,0.11881446838378906,0.19759583473205566,0.625,0.625
2,7,208,0.34647825360298157,0.859375,0.1447434425354004,0.22223114967346191,0.625,0.625
2,7,209,0.45150628685951233,0.828125,0.10757589340209961,0.19264984130859375,0.625,0.625
2,7,210,0.32414233684539795,0.859375,0.13545536994934082,0.2130277156829834,0.625,0.625
2,7,211,0.615414559841156,0.828125,0.12661385536193848,0.20605206489562988,0.625,0.625
2,7,212,0.3180190324783325,0.859375,0.13979792594909668,0.21972274780273438,0.625,0.625
2,7,213,0.5085667371749878,0.859375,0.12369847297668457,0.20430231094360352,0.625,0.625
2,7,214,0.3262888491153717,0.890625,0.1370832920074463,0.21633481979370117,0.625,0.625
2,7,215,0.2166043519973755,0.921875,0.10385346412658691,0.1939554214477539,0.625,0.625
2,7,216,0.7167695760726929,0.765625,0.12983250617980957,0.21786975860595703,0.625,0.625
2,7,217,0.4479154348373413,0.875,0.10352897644042969,0.191817045211792,0.625,0.625
2,7,218,0.42741942405700684,0.859375,0.13211870193481445,0.2164442539215088,0.625,0.625
2,7,219,0.26855117082595825,0.953125,0.11196136474609375,0.1964571475982666,0.625,0.625
2,7,220,0.2619134485721588,0.921875,0.13497686386108398,0.22137713432312012,0.625,0.625
2,7,221,0.2840656042098999,0.875,0.11905288696289062,0.19874072074890137,0.625,0.625
2,7,222,0.4798302948474884,0.796875,0.14400506019592285,0.2277073860168457,0.625,0.625
2,7,223,0.26165398955345154,0.890625,0.10697579383850098,0.18584918975830078,0.625,0.625
2,7,224,0.4016498029232025,0.796875,0.1390683650970459,0.22049331665039062,0.625,0.625
2,7,225,0.3959695100784302,0.84375,0.11782550811767578,0.20766043663024902,0.625,0.625
2,7,226,0.556550145149231,0.8125,0.1331949234008789,0.21973180770874023,0.625,0.625
2,7,227,0.7174049615859985,0.78125,0.10576009750366211,0.18714141845703125,0.625,0.625
2,7,228,0.41809964179992676,0.875,0.14449262619018555,0.22664785385131836,0.625,0.625
2,7,229,0.4513765275478363,0.84375,0.11029791831970215,0.1899547576904297,0.625,0.625
2,7,230,0.3798859119415283,0.84375,0.1448230743408203,0.22519993782043457,0.625,0.625
2,7,231,0.28300487995147705,0.890625,0.12143898010253906,0.20100164413452148,0.625,0.625
2,7,232,0.3760254383087158,0.859375,0.1499936580657959,0.23353028297424316,0.625,0.625
2,7,233,0.748765230178833,0.71875,0.10402965545654297,0.18445444107055664,0.625,0.625
2,7,234,0.43882787227630615,0.84375,0.13323116302490234,0.22015881538391113,0.625,0.625
2,7,235,0.4451826810836792,0.828125,0.12803101539611816,0.209122896194458,0.625,0.625
2,7,236,0.32830068469047546,0.890625,0.14048314094543457,0.22348976135253906,0.625,0.625
2,7,237,0.47004103660583496,0.859375,0.10054373741149902,0.18519330024719238,0.625,0.625
2,7,238,0.3241477906703949,0.875,0.13902974128723145,0.22776126861572266,0.625,0.625
2,7,239,0.5423291921615601,0.78125,0.09588813781738281,0.18189239501953125,0.625,0.625
2,7,240,0.48427510261535645,0.796875,0.140120267868042,0.21447277069091797,0.625,0.625
2,7,241,0.411857932806015,0.859375,0.10544776916503906,0.18461036682128906,0.625,0.625
2,7,242,0.3704998791217804,0.90625,0.1361522674560547,0.21929430961608887,0.625,0.625
2,7,243,0.4582943916320801,0.8125,0.10369062423706055,0.1835005283355713,0.625,0.625
2,7,244,0.19850975275039673,0.953125,0.13442158699035645,0.21569323539733887,0.625,0.625
2,7,245,0.27353566884994507,0.890625,0.12406563758850098,0.2116999626159668,0.625,0.625
2,7,246,0.5380955338478088,0.796875,0.13116216659545898,0.2080841064453125,0.625,0.625
2,7,247,0.46353912353515625,0.859375,0.11577677726745605,0.1997988224029541,0.625,0.625
2,7,248,0.3876224160194397,0.875,0.130659818649292,0.2106456756591797,0.625,0.625
2,7,249,0.3826979994773865,0.84375,0.10519766807556152,0.18862628936767578,0.625,0.625
2,7,250,0.35981303453445435,0.859375,0.14516687393188477,0.23137545585632324,0.625,0.625
2,7,251,0.33824002742767334,0.859375,0.105010986328125,0.2014002799987793,0.625,0.625
2,7,252,0.31346791982650757,0.890625,0.13908910751342773,0.21740055084228516,0.625,0.625
2,7,253,0.31423935294151306,0.90625,0.10227251052856445,0.1825406551361084,0.625,0.625
2,7,254,0.30765414237976074,0.921875,0.149611234664917,0.2374403476715088,0.625,0.625
2,7,255,0.33546215295791626,0.84375,0.10434818267822266,0.18571257591247559,0.625,0.625
2,7,256,0.22563360631465912,0.921875,0.13928914070129395,0.21789884567260742,0.625,0.625
2,7,257,0.34899836778640747,0.890625,0.10645651817321777,0.18136358261108398,0.625,0.625
2,7,258,0.38401708006858826,0.90625,0.1468982696533203,0.22313785552978516,0.625,0.625
2,7,259,0.6620985865592957,0.765625,0.11269927024841309,0.18460917472839355,0.625,0.625
2,8,0,0.2786114513874054,0.859375,0.07700467109680176,0.16151642799377441,0.625,0.625
2,8,1,0.19096739590168,0.9375,0.1005864143371582,0.18371987342834473,0.625,0.625
2,8,2,0.15345841646194458,0.9375,0.10629582405090332,0.18514466285705566,0.625,0.625
2,8,3,0.31560036540031433,0.90625,0.13471770286560059,0.2128908634185791,0.625,0.625
2,8,4,0.19183315336704254,0.953125,0.10237503051757812,0.18908166885375977,0.625,0.625
2,8,5,0.13000090420246124,0.96875,0.13923192024230957,0.23228192329406738,0.625,0.625
2,8,6,0.2885875999927521,0.890625,0.10583162307739258,0.18572139739990234,0.625,0.625
2,8,7,0.15911738574504852,0.90625,0.1461188793182373,0.23259449005126953,0.625,0.625
2,8,8,0.18159013986587524,0.921875,0.10022854804992676,0.18344712257385254,0.625,0.625
2,8,9,0.20318841934204102,0.921875,0.16007637977600098,0.24701786041259766,0.625,0.625
2,8,10,0.18440485000610352,0.921875,0.11479616165161133,0.2012012004852295,0.625,0.625
2,8,11,0.2877603769302368,0.921875,0.1068732738494873,0.18656587600708008,0.625,0.625
2,8,12,0.2358229160308838,0.921875,0.1527388095855713,0.23279571533203125,0.625,0.625
2,8,13,0.23089924454689026,0.921875,0.10574603080749512,0.1909341812133789,0.625,0.625
2,8,14,0.2871469259262085,0.921875,0.13830280303955078,0.22708368301391602,0.625,0.625
2,8,15,0.13976672291755676,0.96875,0.09644198417663574,0.1877295970916748,0.625,0.625
2,8,16,0.1552107334136963,0.953125,0.14856958389282227,0.23228955268859863,0.625,0.625
2,8,17,0.19308127462863922,0.953125,0.12749147415161133,0.20713257789611816,0.625,0.625
2,8,18,0.15403977036476135,0.921875,0.1380305290222168,0.21673941612243652,0.625,0.625
2,8,19,0.20976153016090393,0.921875,0.1136772632598877,0.19545316696166992,0.625,0.625
2,8,20,0.17729830741882324,0.9375,0.12895894050598145,0.2044386863708496,0.625,0.625
2,8,21,0.21902520954608917,0.921875,0.11207985877990723,0.1906280517578125,0.625,0.625
2,8,22,0.21881958842277527,0.921875,0.13357806205749512,0.21323275566101074,0.625,0.625
2,8,23,0.219354510307312,0.9375,0.09314799308776855,0.18515944480895996,0.625,0.625
2,8,24,0.21671339869499207,0.9375,0.14043569564819336,0.2279813289642334,0.625,0.625
2,8,25,0.2666448950767517,0.90625,0.09484481811523438,0.18224763870239258,0.625,0.625
2,8,26,0.23053386807441711,0.921875,0.1343703269958496,0.21694397926330566,0.625,0.625
2,8,27,0.3720901310443878,0.828125,0.10620307922363281,0.18513822555541992,0.625,0.625
2,8,28,0.3529506325721741,0.890625,0.13682174682617188,0.21888041496276855,0.625,0.625
2,8,29,0.18947827816009521,0.9375,0.12073230743408203,0.20455670356750488,0.625,0.625
2,8,30,0.26050812005996704,0.9375,0.14339733123779297,0.21970272064208984,0.625,0.625
2,8,31,0.2535281479358673,0.921875,0.10561513900756836,0.18702340126037598,0.625,0.625
2,8,32,0.22985050082206726,0.9375,0.1370677947998047,0.21679329872131348,0.625,0.625
2,8,33,0.23133817315101624,0.9375,0.09720110893249512,0.1859602928161621,0.625,0.625
2,8,34,0.21789485216140747,0.953125,0.13540935516357422,0.21613264083862305,0.625,0.625
2,8,35,0.20154176652431488,0.90625,0.12896370887756348,0.20801281929016113,0.625,0.625
2,8,36,0.30571606755256653,0.859375,0.10457468032836914,0.1849348545074463,0.625,0.625
2,8,37,0.09950576722621918,0.96875,0.14861273765563965,0.2287144660949707,0.625,0.625
2,8,38,0.28298184275627136,0.890625,0.10849523544311523,0.19074773788452148,0.625,0.625
2,8,39,0.24270620942115784,0.921875,0.1456611156463623,0.22582721710205078,0.625,0.625
2,8,40,0.18068677186965942,0.890625,0.09834742546081543,0.18335866928100586,0.625,0.625
2,8,41,0.13904820382595062,0.96875,0.14494848251342773,0.22711801528930664,0.625,0.625
2,8,42,0.2156316637992859,0.890625,0.1175997257232666,0.21315670013427734,0.625,0.625
2,8,43,0.3135678172111511,0.90625,0.15891027450561523,0.24349641799926758,0.625,0.625
2,8,44,0.3281799256801605,0.875,0.10793280601501465,0.20074748992919922,0.625,0.625
2,8,45,0.306123822927475,0.875,0.13597440719604492,0.22449111938476562,0.625,0.625
2,8,46,0.349319189786911,0.875,0.1288611888885498,0.2185525894165039,0.625,0.625
2,8,47,0.21497854590415955,0.9375,0.1296083927154541,0.2100663185119629,0.625,0.625
2,8,48,0.20501026511192322,0.953125,0.1127476692199707,0.20475482940673828,0.625,0.625
2,8,49,0.22375985980033875,0.9375,0.15546894073486328,0.2391657829284668,0.625,0.625
2,8,50,0.20441092550754547,0.9375,0.10209512710571289,0.19239163398742676,0.625,0.625
2,8,51,0.31047600507736206,0.921875,0.1485302448272705,0.22347331047058105,0.625,0.625
2,8,52,0.18735723197460175,0.9375,0.10150027275085449,0.18476128578186035,0.625,0.625
2,8,53,0.24562257528305054,0.953125,0.14091825485229492,0.21814632415771484,0.625,0.625
2,8,54,0.22406330704689026,0.90625,0.10943222045898438,0.1917896270751953,0.625,0.625
2,8,55,0.22733312845230103,0.921875,0.12523674964904785,0.20801424980163574,0.625,0.625
2,8,56,0.25601041316986084,0.90625,0.13033533096313477,0.21016287803649902,0.625,0.625
2,8,57,0.21265459060668945,0.921875,0.0978856086730957,0.19239497184753418,0.625,0.625
2,8,58,0.14735428988933563,0.96875,0.1511683464050293,0.24148845672607422,0.625,0.625
2,8,59,0.273985356092453,0.9375,0.10279059410095215,0.18291568756103516,0.625,0.625
2,8,60,0.3060706853866577,0.90625,0.1356344223022461,0.2205045223236084,0.625,0.625
2,8,61,0.3041285276412964,0.859375,0.12893295288085938,0.2083892822265625,0.625,0.625
2,8,62,0.2931949496269226,0.90625,0.16529035568237305,0.24934697151184082,0.625,0.625
2,8,63,0.427376389503479,0.828125,0.12022233009338379,0.20378994941711426,0.625,0.625
2,8,64,0.16120904684066772,0.9375,0.13727307319641113,0.21828579902648926,0.625,0.625
2,8,65,0.3228568732738495,0.890625,0.10467338562011719,0.18259239196777344,0.625,0.625
2,8,66,0.19611339271068573,0.90625,0.1287827491760254,0.21722888946533203,0.625,0.625
2,8,67,0.3246418833732605,0.90625,0.12452840805053711,0.21182608604431152,0.625,0.625
2,8,68,0.1467778980731964,0.9375,0.10255813598632812,0.1981358528137207,0.625,0.625
2,8,69,0.24624735116958618,0.9375,0.13723373413085938,0.21479201316833496,0.625,0.625
2,8,70,0.25123652815818787,0.921875,0.10831260681152344,0.19876360893249512,0.625,0.625
2,8,71,0.23747986555099487,0.921875,0.14658427238464355,0.2247910499572754,0.625,0.625
2,8,72,0.20584678649902344,0.921875,0.11191725730895996,0.1935896873474121,0.625,0.625
2,8,73,0.3513317406177521,0.890625,0.13573050498962402,0.21641016006469727,0.625,0.625
2,8,74,0.3178184926509857,0.90625,0.11377906799316406,0.20350980758666992,0.625,0.625
2,8,75,0.24976038932800293,0.953125,0.12738490104675293,0.2072906494140625,0.625,0.625
2,8,76,0.4393700957298279,0.890625,0.12801766395568848,0.20617198944091797,0.625,0.625
2,8,77,0.24569109082221985,0.9375,0.13283753395080566,0.21079778671264648,0.625,0.625
2,8,78,0.2658357620239258,0.890625,0.10013198852539062,0.1826319694519043,0.625,0.625
2,8,79,0.23025274276733398,0.90625,0.15192341804504395,0.22909021377563477,0.625,0.625
2,8,80,0.15752530097961426,0.953125,0.11209821701049805,0.19205212593078613,0.625,0.625
2,8,81,0.24075564742088318,0.921875,0.14417719841003418,0.2226853370666504,0.625,0.625
2,8,82,0.3166464865207672,0.890625,0.09981131553649902,0.18092703819274902,0.625,0.625
2,8,83,0.27022162079811096,0.90625,0.13813447952270508,0.2203691005706787,0.625,0.625
2,8,84,0.30617934465408325,0.875,0.10485625267028809,0.18685269355773926,0.625,0.625
2,8,85,0.21244505047798157,0.9375,0.15035343170166016,0.22877144813537598,0.625,0.625
2,8,86,0.30880120396614075,0.875,0.10613727569580078,0.19050812721252441,0.625,0.625
2,8,87,0.20810149610042572,0.921875,0.1384868621826172,0.21706461906433105,0.625,0.625
2,8,88,0.1684589684009552,0.9375,0.10626769065856934,0.18425655364990234,0.625,0.625
2,8,89,0.2582816183567047,0.890625,0.1218864917755127,0.20630311965942383,0.625,0.625
2,8,90,0.28317466378211975,0.875,0.10626435279846191,0.18804049491882324,0.625,0.625
2,8,91,0.3554399311542511,0.828125,0.15364861488342285,0.23289155960083008,0.625,0.625
2,8,92,0.20550203323364258,0.921875,0.10297775268554688,0.1959669589996338,0.625,0.625
2,8,93,0.47291651368141174,0.8125,0.12624382972717285,0.21790862083435059,0.625,0.625
2,8,94,0.2865030765533447,0.90625,0.11346316337585449,0.19753694534301758,0.625,0.625
2,8,95,0.2122180312871933,0.9375,0.11997747421264648,0.20115447044372559,0.625,0.625
2,8,96,0.4712696075439453,0.796875,0.14706897735595703,0.22672557830810547,0.625,0.625
2,8,97,0.1802164763212204,0.9375,0.10159039497375488,0.19208931922912598,0.625,0.625
2,8,98,0.46720951795578003,0.859375,0.1351311206817627,0.21228957176208496,0.625,0.625
2,8,99,0.30428987741470337,0.875,0.10525035858154297,0.18617725372314453,0.625,0.625
2,8,100,0.349092960357666,0.859375,0.12746500968933105,0.21956396102905273,0.625,0.625
2,8,101,0.2132049798965454,0.90625,0.12573742866516113,0.20808172225952148,0.625,0.625
2,8,102,0.24384425580501556,0.90625,0.12317371368408203,0.2059636116027832,0.625,0.625
2,8,103,0.14403417706489563,0.921875,0.14090895652770996,0.2180309295654297,0.625,0.625
2,8,104,0.2701115608215332,0.890625,0.11578869819641113,0.19253826141357422,0.625,0.625
2,8,105,0.30656254291534424,0.890625,0.14844107627868652,0.22278428077697754,0.625,0.625
2,8,106,0.2756175994873047,0.90625,0.1073758602142334,0.19122529029846191,0.625,0.625
2,8,107,0.34714415669441223,0.859375,0.13084149360656738,0.20837092399597168,0.625,0.625
2,8,108,0.19325347244739532,0.921875,0.10373401641845703,0.18193268775939941,0.625,0.625
2,8,109,0.23060128092765808,0.90625,0.1389768123626709,0.2171788215637207,0.625,0.625
2,8,110,0.28052079677581787,0.890625,0.10299062728881836,0.18248319625854492,0.625,0.625
2,8,111,0.3107297122478485,0.953125,0.1298503875732422,0.21291565895080566,0.625,0.625
2,8,112,0.2658764123916626,0.875,0.1310265064239502,0.21634554862976074,0.625,0.625
2,8,113,0.14790621399879456,0.953125,0.09724259376525879,0.18335580825805664,0.625,0.625
2,8,114,0.2568572759628296,0.890625,0.14472413063049316,0.22344636917114258,0.625,0.625
2,8,115,0.2472323626279831,0.890625,0.11916089057922363,0.19850873947143555,0.625,0.625
2,8,116,0.2878535985946655,0.9375,0.14786553382873535,0.2256934642791748,0.625,0.625
2,8,117,0.37510883808135986,0.890625,0.10904502868652344,0.19740939140319824,0.625,0.625
2,8,118,0.39244645833969116,0.890625,0.12714028358459473,0.20606684684753418,0.625,0.625
2,8,119,0.3595440983772278,0.875,0.11663603782653809,0.20183968544006348,0.625,0.625
2,8,120,0.4808030128479004,0.828125,0.12540555000305176,0.2093048095703125,0.625,0.625
2,8,121,0.31865394115448,0.875,0.11360883712768555,0.19230175018310547,0.625,0.625
2,8,122,0.17970651388168335,0.953125,0.13806533813476562,0.21835923194885254,0.625,0.625
2,8,123,0.33529117703437805,0.875,0.10873079299926758,0.187697172164917,0.625,0.625
2,8,124,0.44868773221969604,0.859375,0.1380314826965332,0.22203350067138672,0.625,0.625
2,8,125,0.3041749894618988,0.859375,0.10822725296020508,0.19012999534606934,0.625,0.625
2,8,126,0.33482062816619873,0.890625,0.13753867149353027,0.2174239158630371,0.625,0.625
2,8,127,0.18523728847503662,0.921875,0.10754680633544922,0.19037580490112305,0.625,0.625
2,8,128,0.4059757590293884,0.875,0.13488531112670898,0.21896958351135254,0.625,0.625
2,8,129,0.3954090476036072,0.90625,0.10455775260925293,0.1873936653137207,0.625,0.625
2,8,130,0.2390422821044922,0.921875,0.13661718368530273,0.213698148727417,0.625,0.625
2,8,131,0.32298922538757324,0.84375,0.1170496940612793,0.1999521255493164,0.625,0.625
2,8,132,0.24581661820411682,0.9375,0.1457836627960205,0.2263197898864746,0.625,0.625
2,8,133,0.2465037703514099,0.9375,0.09296655654907227,0.18426871299743652,0.625,0.625
2,8,134,0.1876637041568756,0.9375,0.13256311416625977,0.21429204940795898,0.625,0.625
2,8,135,0.16436423361301422,0.921875,0.10326719284057617,0.18425631523132324,0.625,0.625
2,8,136,0.2260226011276245,0.90625,0.1379542350769043,0.21727705001831055,0.625,0.625
2,8,137,0.1961367130279541,0.9375,0.11448335647583008,0.191331148147583,0.625,0.625
2,8,138,0.32763636112213135,0.890625,0.13118720054626465,0.20887351036071777,0.625,0.625
2,8,139,0.23001143336296082,0.9375,0.10097336769104004,0.1827409267425537,0.625,0.625
2,8,140,0.4981321692466736,0.859375,0.1335909366607666,0.21759390830993652,0.625,0.625
2,8,141,0.2212582528591156,0.9375,0.1109619140625,0.19614434242248535,0.625,0.625
2,8,142,0.27245792746543884,0.890625,0.1375126838684082,0.21965575218200684,0.625,0.625
2,8,143,0.34968090057373047,0.859375,0.1293625831604004,0.21050524711608887,0.625,0.625
2,8,144,0.6183249950408936,0.828125,0.13311982154846191,0.21566414833068848,0.625,0.625
2,8,145,0.20430025458335876,0.9375,0.10816788673400879,0.19280362129211426,0.625,0.625
2,8,146,0.4029507637023926,0.84375,0.1359872817993164,0.2171497344970703,0.625,0.625
2,8,147,0.2979692816734314,0.9375,0.11969876289367676,0.20109033584594727,0.625,0.625
2,8,148,0.4048706889152527,0.875,0.1256556510925293,0.20364999771118164,0.625,0.625
2,8,149,0.25646042823791504,0.921875,0.10353565216064453,0.18198800086975098,0.625,0.625
2,8,150,0.3557697832584381,0.890625,0.1401360034942627,0.22066140174865723,0.625,0.625
2,8,151,0.3774549961090088,0.859375,0.10991501808166504,0.19162535667419434,0.625,0.625
2,8,152,0.23335255682468414,0.90625,0.13519072532653809,0.21311616897583008,0.625,0.625
2,8,153,0.26373475790023804,0.890625,0.10034751892089844,0.18220019340515137,0.625,0.625
2,8,154,0.29117313027381897,0.875,0.13595271110534668,0.21233868598937988,0.625,0.625
2,8,155,0.16967107355594635,0.953125,0.10024309158325195,0.18426799774169922,0.625,0.625
2,8,156,0.2814348340034485,0.90625,0.1345958709716797,0.2114882469177246,0.625,0.625
2,8,157,0.24411708116531372,0.890625,0.11818861961364746,0.20192813873291016,0.625,0.625
2,8,158,0.25377997756004333,0.921875,0.12625861167907715,0.21132683753967285,0.625,0.625
2,8,159,0.43912947177886963,0.875,0.10428643226623535,0.19004106521606445,0.625,0.625
2,8,160,0.4437752366065979,0.84375,0.13548040390014648,0.21861529350280762,0.625,0.625
2,8,161,0.4970231354236603,0.84375,0.1388394832611084,0.2200310230255127,0.625,0.625
2,8,162,0.33856001496315,0.875,0.10685276985168457,0.192918062210083,0.625,0.625
2,8,163,0.27983325719833374,0.90625,0.13200020790100098,0.21313929557800293,0.625,0.625
2,8,164,0.2707068622112274,0.890625,0.12053036689758301,0.1988358497619629,0.625,0.625
2,8,165,0.21893541514873505,0.921875,0.12631559371948242,0.20433759689331055,0.625,0.625
2,8,166,0.2887578010559082,0.890625,0.10846996307373047,0.19765877723693848,0.625,0.625
2,8,167,0.30227798223495483,0.875,0.13244247436523438,0.21349811553955078,0.625,0.625
2,8,168,0.4878726005554199,0.875,0.12020683288574219,0.19721221923828125,0.625,0.625
2,8,169,0.3297071158885956,0.921875,0.1433107852935791,0.2204117774963379,0.625,0.625
2,8,170,0.26132720708847046,0.890625,0.10734415054321289,0.19030284881591797,0.625,0.625
2,8,171,0.33516258001327515,0.875,0.13347506523132324,0.21260905265808105,0.625,0.625
2,8,172,0.3430217206478119,0.890625,0.11152505874633789,0.1891157627105713,0.625,0.625
2,8,173,0.340054988861084,0.90625,0.1307361125946045,0.2112424373626709,0.625,0.625
2,8,174,0.27663788199424744,0.890625,0.10725069046020508,0.18983888626098633,0.625,0.625
2,8,175,0.2261328101158142,0.90625,0.13381719589233398,0.21315288543701172,0.625,0.625
2,8,176,0.16475936770439148,0.953125,0.10480165481567383,0.18471741676330566,0.625,0.625
2,8,177,0.32085084915161133,0.859375,0.14075613021850586,0.21695494651794434,0.625,0.625
2,8,178,0.22965730726718903,0.890625,0.11783432960510254,0.19450807571411133,0.625,0.625
2,8,179,0.5453768372535706,0.796875,0.13066697120666504,0.21572136878967285,0.625,0.625
2,8,180,0.42876383662223816,0.859375,0.11308479309082031,0.19216084480285645,0.625,0.625
2,8,181,0.34945112466812134,0.890625,0.12695002555847168,0.21530604362487793,0.625,0.625
2,8,182,0.2092464566230774,0.90625,0.12604165077209473,0.20401501655578613,0.625,0.625
2,8,183,0.2877448797225952,0.875,0.1233367919921875,0.21525001525878906,0.625,0.625
2,8,184,0.21921569108963013,0.921875,0.12026667594909668,0.19961261749267578,0.625,0.625
2,8,185,0.24314746260643005,0.921875,0.10567808151245117,0.1952056884765625,0.625,0.625
2,8,186,0.08918642997741699,0.984375,0.13098526000976562,0.21230077743530273,0.625,0.625
2,8,187,0.46954160928726196,0.84375,0.10651898384094238,0.1931462287902832,0.625,0.625
2,8,188,0.36903902888298035,0.84375,0.13703513145446777,0.21408390998840332,0.625,0.625
2,8,189,0.3033319115638733,0.890625,0.13469290733337402,0.21125364303588867,0.625,0.625
2,8,190,0.21317796409130096,0.9375,0.14285850524902344,0.2300577163696289,0.625,0.625
2,8,191,0.2198299914598465,0.90625,0.10240745544433594,0.18290185928344727,0.625,0.625
2,8,192,0.39374881982803345,0.875,0.1618647575378418,0.25057101249694824,0.625,0.625
2,8,193,0.4128805994987488,0.890625,0.10850954055786133,0.18761825561523438,0.625,0.625
2,8,194,0.4698375165462494,0.828125,0.1526646614074707,0.23163938522338867,0.625,0.625
2,8,195,0.26071470975875854,0.953125,0.1061699390411377,0.1867506504058838,0.625,0.625
2,8,196,0.4773329198360443,0.828125,0.1291027069091797,0.20643019676208496,0.625,0.625
2,8,197,0.2373766303062439,0.921875,0.12163329124450684,0.20077252388000488,0.625,0.625
2,8,198,0.3227669596672058,0.84375,0.1270451545715332,0.2119455337524414,0.625,0.625
2,8,199,0.3639773726463318,0.875,0.11559867858886719,0.19780945777893066,0.625,0.625
2,8,200,0.5102172493934631,0.796875,0.14863133430480957,0.23035764694213867,0.625,0.625
2,8,201,0.38200750946998596,0.875,0.10775399208068848,0.18757224082946777,0.625,0.625
2,8,202,0.20123764872550964,0.9375,0.13480782508850098,0.21607375144958496,0.625,0.625
2,8,203,0.16324006021022797,0.9375,0.10867881774902344,0.18783187866210938,0.625,0.625
2,8,204,0.3943071663379669,0.84375,0.13641786575317383,0.2183399200439453,0.625,0.625
2,8,205,0.6103272438049316,0.828125,0.10513949394226074,0.19659662246704102,0.625,0.625
2,8,206,0.46824803948402405,0.859375,0.12368941307067871,0.2029721736907959,0.625,0.625
2,8,207,0.44572681188583374,0.796875,0.10450530052185059,0.18530035018920898,0.625,0.625
2,8,208,0.3167994022369385,0.921875,0.14261507987976074,0.2240886688232422,0.625,0.625
2,8,209,0.24795839190483093,0.90625,0.11041736602783203,0.18808960914611816,0.625,0.625
2,8,210,0.438512921333313,0.84375,0.14419841766357422,0.2244100570678711,0.625,0.625
2,8,211,0.3543660044670105,0.84375,0.10480451583862305,0.18523383140563965,0.625,0.625
2,8,212,0.24970534443855286,0.9375,0.1334989070892334,0.2136390209197998,0.625,0.625
2,8,213,0.32762402296066284,0.875,0.13645100593566895,0.2154078483581543,0.625,0.625
2,8,214,0.35149139165878296,0.875,0.11788153648376465,0.19543170928955078,0.625,0.625
2,8,215,0.4396386444568634,0.875,0.1352708339691162,0.2131664752960205,0.625,0.625
2,8,216,0.23947373032569885,0.90625,0.10322380065917969,0.1831204891204834,0.625,0.625
2,8,217,0.3172414004802704,0.859375,0.13070178031921387,0.21497488021850586,0.625,0.625
2,8,218,0.4502730369567871,0.84375,0.11043643951416016,0.18938159942626953,0.625,0.625
2,8,219,0.31584423780441284,0.859375,0.1307048797607422,0.20844435691833496,0.625,0.625
2,8,220,0.2660755515098572,0.859375,0.10489439964294434,0.18358898162841797,0.625,0.625
2,8,221,0.3090153932571411,0.890625,0.1502854824066162,0.2283773422241211,0.625,0.625
2,8,222,0.3144117593765259,0.90625,0.1091771125793457,0.18962883949279785,0.625,0.625
2,8,223,0.3645210564136505,0.84375,0.13246750831604004,0.2100992202758789,0.625,0.625
2,8,224,0.1595844030380249,0.9375,0.1107170581817627,0.19069528579711914,0.625,0.625
2,8,225,0.2483135610818863,0.90625,0.1487288475036621,0.22784852981567383,0.625,0.625
2,8,226,0.20716942846775055,0.9375,0.11342573165893555,0.20643186569213867,0.625,0.625
2,8,227,0.4277515411376953,0.84375,0.11547708511352539,0.19173145294189453,0.625,0.625
2,8,228,0.3757491409778595,0.84375,0.08970379829406738,0.18070411682128906,0.625,0.625
2,8,229,0.25218549370765686,0.890625,0.1432969570159912,0.22132039070129395,0.625,0.625
2,8,230,0.29647740721702576,0.890625,0.09551692008972168,0.18208789825439453,0.625,0.625
2,8,231,0.42310935258865356,0.828125,0.13060426712036133,0.2137007713317871,0.625,0.625
2,8,232,0.43604326248168945,0.8125,0.10580587387084961,0.19312381744384766,0.625,0.625
2,8,233,0.4235456585884094,0.859375,0.12770605087280273,0.20873332023620605,0.625,0.625
2,8,234,0.40450650453567505,0.84375,0.11602163314819336,0.19551849365234375,0.625,0.625
2,8,235,0.45337969064712524,0.828125,0.1324310302734375,0.21485352516174316,0.625,0.625
2,8,236,0.3075447082519531,0.859375,0.10195064544677734,0.1926133632659912,0.625,0.625
2,8,237,0.2889382243156433,0.921875,0.1227273941040039,0.20116186141967773,0.625,0.625
2,8,238,0.40087172389030457,0.828125,0.10478973388671875,0.18870115280151367,0.625,0.625
2,8,239,0.32074248790740967,0.875,0.12600994110107422,0.2060222625732422,0.625,0.625
2,8,240,0.2627933919429779,0.890625,0.1123809814453125,0.193220853805542,0.625,0.625
2,8,241,0.2536695897579193,0.90625,0.14443755149841309,0.2280266284942627,0.625,0.625
2,8,242,0.2878500819206238,0.90625,0.11570453643798828,0.19865655899047852,0.625,0.625
2,8,243,0.2335914522409439,0.9375,0.12994909286499023,0.20986390113830566,0.625,0.625
2,8,244,0.3580009341239929,0.859375,0.10940861701965332,0.18497014045715332,0.625,0.625
2,8,245,0.2887776792049408,0.875,0.13412857055664062,0.21178960800170898,0.625,0.625
2,8,246,0.1860462725162506,0.953125,0.10748815536499023,0.18482112884521484,0.625,0.625
2,8,247,0.2511090934276581,0.921875,0.14571022987365723,0.22752642631530762,0.625,0.625
2,8,248,0.4883146584033966,0.84375,0.1060037612915039,0.18588900566101074,0.625,0.625
2,8,249,0.24520309269428253,0.90625,0.1266162395477295,0.2059626579284668,0.625,0.625
2,8,250,0.25561240315437317,0.921875,0.12861323356628418,0.2059481143951416,0.625,0.625
2,8,251,0.3183287978172302,0.859375,0.13985848426818848,0.21715641021728516,0.625,0.625
2,8,252,0.25772741436958313,0.890625,0.11392712593078613,0.19382405281066895,0.625,0.625
2,8,253,0.34361597895622253,0.890625,0.14058470726013184,0.21922612190246582,0.625,0.625
2,8,254,0.3235972821712494,0.890625,0.1144566535949707,0.20015406608581543,0.625,0.625
2,8,255,0.3394823670387268,0.921875,0.12230801582336426,0.20511126518249512,0.625,0.625
2,8,256,0.18794497847557068,0.953125,0.11311817169189453,0.20264124870300293,0.625,0.625
2,8,257,0.49847087264060974,0.78125,0.12952661514282227,0.21582555770874023,0.625,0.625
2,8,258,0.3846500515937805,0.875,0.10448145866394043,0.1858069896697998,0.625,0.625
2,8,259,0.39767253398895264,0.890625,0.1376938819885254,0.2153763771057129,0.625,0.625
2,9,0,0.11916849762201309,0.96875,0.13522911071777344,0.21704840660095215,0.625,0.625
2,9,1,0.15815429389476776,0.984375,0.11261463165283203,0.1983790397644043,0.625,0.625
2,9,2,0.17776551842689514,0.953125,0.12528300285339355,0.20230770111083984,0.625,0.625
2,9,3,0.126994788646698,0.96875,0.10550785064697266,0.19183063507080078,0.625,0.625
2,9,4,0.25340262055397034,0.90625,0.1591942310333252,0.24173474311828613,0.625,0.625
2,9,5,0.1058206707239151,0.984375,0.12136650085449219,0.20779728889465332,0.625,0.625
2,9,6,0.17587023973464966,0.953125,0.11744141578674316,0.2029590606689453,0.625,0.625
2,9,7,0.25376784801483154,0.890625,0.1287996768951416,0.20591139793395996,0.625,0.625
2,9,8,0.19674552977085114,0.953125,0.10816669464111328,0.18793106079101562,0.625,0.625
2,9,9,0.1914084106683731,0.953125,0.1320033073425293,0.21228504180908203,0.625,0.625
2,9,10,0.17722448706626892,0.96875,0.11044597625732422,0.19233179092407227,0.625,0.625
2,9,11,0.20727169513702393,0.90625,0.13251423835754395,0.21413087844848633,0.625,0.625
2,9,12,0.1595141440629959,0.953125,0.11367392539978027,0.19273066520690918,0.625,0.625
2,9,13,0.14530853927135468,0.96875,0.14196419715881348,0.22174453735351562,0.625,0.625
2,9,14,0.19246673583984375,0.9375,0.10551595687866211,0.18952465057373047,0.625,0.625
2,9,15,0.06987644731998444,0.984375,0.12739205360412598,0.20589447021484375,0.625,0.625
2,9,16,0.22925826907157898,0.9375,0.11270833015441895,0.1980876922607422,0.625,0.625
2,9,17,0.29652395844459534,0.890625,0.12475013732910156,0.20431852340698242,0.625,0.625
2,9,18,0.12307441234588623,0.953125,0.1205441951751709,0.19975519180297852,0.625,0.625
2,9,19,0.18205919861793518,0.90625,0.12353944778442383,0.20604443550109863,0.625,0.625
2,9,20,0.26691383123397827,0.875,0.10207509994506836,0.17925310134887695,0.625,0.625
2,9,21,0.1767166256904602,0.96875,0.13774561882019043,0.2143566608428955,0.625,0.625
2,9,22,0.0815972313284874,1.0,0.10355615615844727,0.18408751487731934,0.625,0.625
2,9,23,0.12208981812000275,0.96875,0.13323330879211426,0.21187925338745117,0.625,0.625
2,9,24,0.040884438902139664,1.0,0.11283469200134277,0.19300556182861328,0.625,0.625
2,9,25,0.26331594586372375,0.921875,0.13566970825195312,0.21414494514465332,0.625,0.625
2,9,26,0.22003862261772156,0.9375,0.12078380584716797,0.19975638389587402,0.625,0.625
2,9,27,0.18577827513217926,0.953125,0.1376645565032959,0.2164318561553955,0.625,0.625
2,9,28,0.18212148547172546,0.96875,0.10908174514770508,0.19435644149780273,0.625,0.625
2,9,29,0.2335910201072693,0.9375,0.136275053024292,0.22158479690551758,0.625,0.625
2,9,30,0.17177939414978027,0.921875,0.0999000072479248,0.1873178482055664,0.625,0.625
2,9,31,0.23687653243541718,0.9375,0.13845205307006836,0.21726179122924805,0.625,0.625
2,9,32,0.13623614609241486,0.9375,0.13572454452514648,0.21661138534545898,0.625,0.625
2,9,33,0.24287021160125732,0.921875,0.10827398300170898,0.19652009010314941,0.625,0.625
2,9,34,0.19366343319416046,0.96875,0.1224069595336914,0.20637106895446777,0.625,0.625
2,9,35,0.16867715120315552,0.9375,0.0927281379699707,0.17839527130126953,0.625,0.625
2,9,36,0.16053444147109985,0.9375,0.15347671508789062,0.23108220100402832,0.625,0.625
2,9,37,0.22130492329597473,0.9375,0.11269593238830566,0.19718670845031738,0.625,0.625
2,9,38,0.15062963962554932,0.921875,0.1440131664276123,0.2276146411895752,0.625,0.625
2,9,39,0.20381249487400055,0.90625,0.09950566291809082,0.1967158317565918,0.625,0.625
2,9,40,0.15660400688648224,0.9375,0.14860033988952637,0.24205946922302246,0.625,0.625
2,9,41,0.2158353477716446,0.90625,0.10793566703796387,0.19556307792663574,0.625,0.625
2,9,42,0.27311840653419495,0.875,0.12038421630859375,0.19961285591125488,0.625,0.625
2,9,43,0.11006926000118256,0.953125,0.11971116065979004,0.2019951343536377,0.625,0.625
2,9,44,0.06881272792816162,0.984375,0.13131475448608398,0.21602463722229004,0.625,0.625
2,9,45,0.1513012945652008,0.9375,0.10484528541564941,0.18837571144104004,0.625,0.625
2,9,46,0.1878967583179474,0.9375,0.131561279296875,0.20943284034729004,0.625,0.625
2,9,47,0.26077601313591003,0.90625,0.10581803321838379,0.1951894760131836,0.625,0.625
2,9,48,0.3112412691116333,0.890625,0.13353943824768066,0.21045398712158203,0.625,0.625
2,9,49,0.24579042196273804,0.953125,0.10599327087402344,0.18326210975646973,0.625,0.625
2,9,50,0.19974097609519958,0.9375,0.13987374305725098,0.21695375442504883,0.625,0.625
2,9,51,0.14866353571414948,0.953125,0.11174583435058594,0.19013118743896484,0.625,0.625
2,9,52,0.16075100004673004,0.96875,0.1379227638244629,0.2148761749267578,0.625,0.625
2,9,53,0.1446988880634308,0.96875,0.10956859588623047,0.1891953945159912,0.625,0.625
2,9,54,0.11162962019443512,0.953125,0.13738107681274414,0.2174072265625,0.625,0.625
2,9,55,0.14400582015514374,0.953125,0.09967422485351562,0.18310236930847168,0.625,0.625
2,9,56,0.15650002658367157,0.9375,0.13947772979736328,0.2179698944091797,0.625,0.625
2,9,57,0.11090444773435593,0.96875,0.10688900947570801,0.19493985176086426,0.625,0.625
2,9,58,0.1957550048828125,0.921875,0.13635826110839844,0.22235369682312012,0.625,0.625
2,9,59,0.2020973414182663,0.9375,0.10639524459838867,0.18780970573425293,0.625,0.625
2,9,60,0.22385701537132263,0.890625,0.12406396865844727,0.20345473289489746,0.625,0.625
2,9,61,0.1291925311088562,0.9375,0.10767817497253418,0.18817472457885742,0.625,0.625
2,9,62,0.15135858952999115,0.9375,0.12796545028686523,0.21208834648132324,0.625,0.625
2,9,63,0.20306384563446045,0.921875,0.1057586669921875,0.1845109462738037,0.625,0.625
2,9,64,0.22384938597679138,0.921875,0.13139748573303223,0.2130298614501953,0.625,0.625
2,9,65,0.26162153482437134,0.953125,0.1058807373046875,0.1849977970123291,0.625,0.625
2,9,66,0.1608009934425354,0.921875,0.13201451301574707,0.21229147911071777,0.625,0.625
2,9,67,0.19718024134635925,0.890625,0.11051774024963379,0.1874239444732666,0.625,0.625
2,9,68,0.18064047396183014,0.921875,0.1396923065185547,0.21741414070129395,0.625,0.625
2,9,69,0.3115360736846924,0.859375,0.12137722969055176,0.19934535026550293,0.625,0.625
2,9,70,0.24290251731872559,0.921875,0.1269984245300293,0.20305466651916504,0.625,0.625
2,9,71,0.12264366447925568,0.9375,0.10920572280883789,0.18743348121643066,0.625,0.625
2,9,72,0.1105671152472496,0.96875,0.1260819435119629,0.20421957969665527,0.625,0.625
2,9,73,0.13384342193603516,0.96875,0.10788869857788086,0.18988513946533203,0.625,0.625
2,9,74,0.12532442808151245,0.9375,0.14001798629760742,0.21560335159301758,0.625,0.625
2,9,75,0.08809584379196167,1.0,0.11433696746826172,0.19339895248413086,0.625,0.625
2,9,76,0.1545398235321045,0.921875,0.14868760108947754,0.22558259963989258,0.625,0.625
2,9,77,0.26061996817588806,0.9375,0.12424945831298828,0.20430946350097656,0.625,0.625
2,9,78,0.1181635931134224,0.953125,0.1324293613433838,0.2140202522277832,0.625,0.625
2,9,79,0.33864325284957886,0.875,0.10460734367370605,0.19965529441833496,0.625,0.625
2,9,80,0.2446928322315216,0.890625,0.13896393775939941,0.21792078018188477,0.625,0.625
2,9,81,0.16639554500579834,0.921875,0.1316514015197754,0.20660829544067383,0.625,0.625
2,9,82,0.16948071122169495,0.921875,0.13464856147766113,0.2148914337158203,0.625,0.625
2,9,83,0.07587985694408417,0.96875,0.11886096000671387,0.1970984935760498,0.625,0.625
2,9,84,0.2723475396633148,0.90625,0.1312100887298584,0.20812678337097168,0.625,0.625
2,9,85,0.29980573058128357,0.890625,0.10166811943054199,0.17757630348205566,0.625,0.625
2,9,86,0.21383169293403625,0.921875,0.13728094100952148,0.21593594551086426,0.625,0.625
2,9,87,0.27404195070266724,0.90625,0.11122274398803711,0.19305109977722168,0.625,0.625
2,9,88,0.19007432460784912,0.921875,0.13576793670654297,0.2230231761932373,0.625,0.625
2,9,89,0.22354644536972046,0.921875,0.10887908935546875,0.18814873695373535,0.625,0.625
2,9,90,0.30087941884994507,0.890625,0.12964773178100586,0.20723462104797363,0.625,0.625
2,9,91,0.29591289162635803,0.90625,0.11050271987915039,0.19753813743591309,0.625,0.625
2,9,92,0.11351560056209564,0.96875,0.12066864967346191,0.19713377952575684,0.625,0.625
2,9,93,0.19922247529029846,0.921875,0.12459826469421387,0.2043771743774414,0.625,0.625
2,9,94,0.13611891865730286,0.96875,0.12773966789245605,0.20794343948364258,0.625,0.625
2,9,95,0.40699833631515503,0.875,0.1113889217376709,0.18869805335998535,0.625,0.625
2,9,96,0.20496651530265808,0.921875,0.13966608047485352,0.21834731101989746,0.625,0.625
2,9,97,0.24509376287460327,0.921875,0.11839628219604492,0.1967909336090088,0.625,0.625
2,9,98,0.27942243218421936,0.875,0.13571643829345703,0.21246719360351562,0.625,0.625
2,9,99,0.14473041892051697,0.96875,0.12025570869445801,0.1975860595703125,0.625,0.625
2,9,100,0.23330935835838318,0.9375,0.1366441249847412,0.21593999862670898,0.625,0.625
2,9,101,0.24438676238059998,0.9375,0.10829567909240723,0.18779373168945312,0.625,0.625
2,9,102,0.2594652771949768,0.90625,0.12273001670837402,0.20562219619750977,0.625,0.625
2,9,103,0.2598041296005249,0.890625,0.15120148658752441,0.2314283847808838,0.625,0.625
2,9,104,0.27661800384521484,0.90625,0.11032581329345703,0.1859111785888672,0.625,0.625
2,9,105,0.31749212741851807,0.875,0.12679553031921387,0.20607781410217285,0.625,0.625
2,9,106,0.14149075746536255,0.953125,0.10475778579711914,0.17952919006347656,0.625,0.625
2,9,107,0.14649543166160583,0.9375,0.14736056327819824,0.22372651100158691,0.625,0.625
2,9,108,0.16566123068332672,0.9375,0.1067354679107666,0.18507647514343262,0.625,0.625
2,9,109,0.34923040866851807,0.8125,0.13606762886047363,0.21369528770446777,0.625,0.625
2,9,110,0.3136482834815979,0.84375,0.1060633659362793,0.18323779106140137,0.625,0.625
2,9,111,0.167950838804245,0.9375,0.1561906337738037,0.23456501960754395,0.625,0.625
2,9,112,0.12163371592760086,0.953125,0.10196113586425781,0.18222522735595703,0.625,0.625
2,9,113,0.1515830159187317,0.9375,0.13203978538513184,0.20857930183410645,0.625,0.625
2,9,114,0.24057352542877197,0.90625,0.1068274974822998,0.18230247497558594,0.625,0.625
2,9,115,0.2232089340686798,0.90625,0.14148855209350586,0.21976852416992188,0.625,0.625
2,9,116,0.3402678966522217,0.828125,0.12286853790283203,0.20124173164367676,0.625,0.625
2,9,117,0.2128465473651886,0.953125,0.14552068710327148,0.22944426536560059,0.625,0.625
2,9,118,0.33058714866638184,0.875,0.1175849437713623,0.2093336582183838,0.625,0.625
2,9,119,0.36912450194358826,0.875,0.1290144920349121,0.22116541862487793,0.625,0.625
2,9,120,0.23465290665626526,0.890625,0.11281824111938477,0.19449520111083984,0.625,0.625
2,9,121,0.22242940962314606,0.9375,0.13796091079711914,0.218153715133667,0.625,0.625
2,9,122,0.37026965618133545,0.875,0.11288666725158691,0.20435166358947754,0.625,0.625
2,9,123,0.1296936571598053,0.953125,0.1297929286956787,0.20876240730285645,0.625,0.625
2,9,124,0.2612009644508362,0.875,0.09885644912719727,0.18475890159606934,0.625,0.625
2,9,125,0.28696826100349426,0.921875,0.13421201705932617,0.2136073112487793,0.625,0.625
2,9,126,0.31429582834243774,0.859375,0.10559678077697754,0.18213129043579102,0.625,0.625
2,9,127,0.2752957046031952,0.921875,0.14981555938720703,0.22958636283874512,0.625,0.625
2,9,128,0.08631041646003723,0.984375,0.1018826961517334,0.17903542518615723,0.625,0.625
2,9,129,0.20872153341770172,0.921875,0.1432936191558838,0.2225325107574463,0.625,0.625
2,9,130,0.2241230458021164,0.890625,0.11723184585571289,0.20617914199829102,0.625,0.625
2,9,131,0.3869611918926239,0.828125,0.14794707298278809,0.22948670387268066,0.625,0.625
2,9,132,0.3772665858268738,0.890625,0.10768890380859375,0.18963074684143066,0.625,0.625
2,9,133,0.23322558403015137,0.921875,0.1262674331665039,0.20792460441589355,0.625,0.625
2,9,134,0.4533606171607971,0.890625,0.11155581474304199,0.19176316261291504,0.625,0.625
2,9,135,0.2784048318862915,0.90625,0.13007664680480957,0.21036100387573242,0.625,0.625
2,9,136,0.20127978920936584,0.921875,0.11141252517700195,0.19155263900756836,0.625,0.625
2,9,137,0.24712948501110077,0.890625,0.13595271110534668,0.21770691871643066,0.625,0.625
2,9,138,0.1987191140651703,0.9375,0.12137532234191895,0.20053434371948242,0.625,0.625
2,9,139,0.42567139863967896,0.859375,0.134490966796875,0.21344327926635742,0.625,0.625
2,9,140,0.31774553656578064,0.84375,0.09839630126953125,0.1913907527923584,0.625,0.625
2,9,141,0.11998245865106583,0.984375,0.134185791015625,0.21581244468688965,0.625,0.625
2,9,142,0.5206063389778137,0.828125,0.11771893501281738,0.21174931526184082,0.625,0.625
2,9,143,0.14417703449726105,0.9375,0.11960983276367188,0.20101642608642578,0.625,0.625
2,9,144,0.24717533588409424,0.921875,0.1014854907989502,0.1824045181274414,0.625,0.625
2,9,145,0.26462993025779724,0.90625,0.12685203552246094,0.2102956771850586,0.625,0.625
2,9,146,0.2908589839935303,0.890625,0.1466503143310547,0.22535443305969238,0.625,0.625
2,9,147,0.17128346860408783,0.96875,0.12104129791259766,0.20112228393554688,0.625,0.625
2,9,148,0.27061927318573,0.90625,0.16434049606323242,0.24352359771728516,0.625,0.625
2,9,149,0.2531680166721344,0.90625,0.1200265884399414,0.1993570327758789,0.625,0.625
2,9,150,0.2450016587972641,0.9375,0.12848901748657227,0.20968341827392578,0.625,0.625
2,9,151,0.38010624051094055,0.875,0.12019014358520508,0.20018386840820312,0.625,0.625
2,9,152,0.14671242237091064,0.96875,0.14006710052490234,0.2147233486175537,0.625,0.625
2,9,153,0.0989733561873436,0.96875,0.1087045669555664,0.18665075302124023,0.625,0.625
2,9,154,0.22324272990226746,0.921875,0.13722872734069824,0.21582484245300293,0.625,0.625
2,9,155,0.2065144181251526,0.9375,0.10573530197143555,0.18253207206726074,0.625,0.625
2,9,156,0.2315557301044464,0.890625,0.13794517517089844,0.22040176391601562,0.625,0.625
2,9,157,0.3941566050052643,0.90625,0.10552978515625,0.1848006248474121,0.625,0.625
2,9,158,0.30918246507644653,0.90625,0.1249244213104248,0.2044222354888916,0.625,0.625
2,9,159,0.2142913043498993,0.9375,0.10675430297851562,0.18526029586791992,0.625,0.625
2,9,160,0.2621523141860962,0.875,0.134690523147583,0.2115325927734375,0.625,0.625
2,9,161,0.1593022495508194,0.96875,0.10058736801147461,0.18859505653381348,0.625,0.625
2,9,162,0.12799027562141418,0.953125,0.14275145530700684,0.22200465202331543,0.625,0.625
2,9,163,0.3035346269607544,0.890625,0.1059427261352539,0.18698358535766602,0.625,0.625
2,9,164,0.22930479049682617,0.90625,0.13410615921020508,0.21083664894104004,0.625,0.625
2,9,165,0.20869462192058563,0.9375,0.10320639610290527,0.18070077896118164,0.625,0.625
2,9,166,0.4820973575115204,0.8125,0.1326448917388916,0.2133331298828125,0.625,0.625
2,9,167,0.438118040561676,0.828125,0.11223983764648438,0.1938033103942871,0.625,0.625
2,9,168,0.30706924200057983,0.921875,0.1362166404724121,0.21495604515075684,0.625,0.625
2,9,169,0.3762839436531067,0.859375,0.11763978004455566,0.19931364059448242,0.625,0.625
2,9,170,0.2446909248828888,0.921875,0.13312792778015137,0.21034789085388184,0.625,0.625
2,9,171,0.2871231138706207,0.875,0.10393714904785156,0.18524980545043945,0.625,0.625
2,9,172,0.23936393857002258,0.890625,0.13863730430603027,0.21831369400024414,0.625,0.625
2,9,173,0.18251124024391174,0.9375,0.10729193687438965,0.1827242374420166,0.625,0.625
2,9,174,0.3831622004508972,0.875,0.14284157752990723,0.22141170501708984,0.625,0.625
2,9,175,0.1310139000415802,0.9375,0.12217259407043457,0.20419096946716309,0.625,0.625
2,9,176,0.15278857946395874,0.9375,0.13312292098999023,0.21871209144592285,0.625,0.625
2,9,177,0.10658934712409973,0.96875,0.10251879692077637,0.1842951774597168,0.625,0.625
2,9,178,0.17243477702140808,0.9375,0.14156556129455566,0.21827340126037598,0.625,0.625
2,9,179,0.18768012523651123,0.9375,0.1108403205871582,0.19906949996948242,0.625,0.625
2,9,180,0.24210533499717712,0.890625,0.13025641441345215,0.2109973430633545,0.625,0.625
2,9,181,0.18457061052322388,0.921875,0.11578655242919922,0.19870972633361816,0.625,0.625
2,9,182,0.3055403232574463,0.90625,0.12490987777709961,0.20452427864074707,0.625,0.625
2,9,183,0.14600835740566254,0.96875,0.11119866371154785,0.18860960006713867,0.625,0.625
2,9,184,0.2205560952425003,0.921875,0.1326732635498047,0.21099305152893066,0.625,0.625
2,9,185,0.3304081857204437,0.875,0.10060930252075195,0.1766657829284668,0.625,0.625
2,9,186,0.2802320122718811,0.90625,0.14576053619384766,0.2225813865661621,0.625,0.625
2,9,187,0.24822357296943665,0.9375,0.09708690643310547,0.18371868133544922,0.625,0.625
2,9,188,0.3619310259819031,0.875,0.13054656982421875,0.207655668258667,0.625,0.625
2,9,189,0.275051087141037,0.875,0.11903738975524902,0.1963341236114502,0.625,0.625
2,9,190,0.3939470946788788,0.859375,0.13918256759643555,0.21915888786315918,0.625,0.625
2,9,191,0.26970770955085754,0.890625,0.10207080841064453,0.18211054801940918,0.625,0.625
2,9,192,0.2404223084449768,0.953125,0.13516950607299805,0.21701908111572266,0.625,0.625
2,9,193,0.40659934282302856,0.875,0.10834145545959473,0.18677234649658203,0.625,0.625
2,9,194,0.20703381299972534,0.921875,0.14690375328063965,0.22537851333618164,0.625,0.625
2,9,195,0.22603386640548706,0.921875,0.10911726951599121,0.18661165237426758,0.625,0.625
2,9,196,0.07104623317718506,1.0,0.13755440711975098,0.2130904197692871,0.625,0.625
2,9,197,0.27971068024635315,0.9375,0.12116646766662598,0.19893622398376465,0.625,0.625
2,9,198,0.34357258677482605,0.859375,0.13524198532104492,0.2116701602935791,0.625,0.625
2,9,199,0.10770300030708313,0.953125,0.10611772537231445,0.18372583389282227,0.625,0.625
2,9,200,0.2864796221256256,0.890625,0.1271071434020996,0.21111321449279785,0.625,0.625
2,9,201,0.29699844121932983,0.890625,0.10204505920410156,0.17714810371398926,0.625,0.625
2,9,202,0.41288453340530396,0.828125,0.13212084770202637,0.2120063304901123,0.625,0.625
2,9,203,0.46984684467315674,0.84375,0.11333918571472168,0.1884758472442627,0.625,0.625
2,9,204,0.46878954768180847,0.8125,0.1290295124053955,0.20854806900024414,0.625,0.625
2,9,205,0.21797135472297668,0.921875,0.10546135902404785,0.18983221054077148,0.625,0.625
2,9,206,0.34398525953292847,0.875,0.1309494972229004,0.20928621292114258,0.625,0.625
2,9,207,0.17610126733779907,0.953125,0.10359406471252441,0.18388152122497559,0.625,0.625
2,9,208,0.3098045885562897,0.875,0.13457369804382324,0.21741676330566406,0.625,0.625
2,9,209,0.19895343482494354,0.9375,0.11491584777832031,0.19695234298706055,0.625,0.625
2,9,210,0.15138308703899384,0.96875,0.12641310691833496,0.20199847221374512,0.625,0.625
2,9,211,0.06121271103620529,1.0,0.11539912223815918,0.1930069923400879,0.625,0.625
2,9,212,0.24390502274036407,0.9375,0.13002371788024902,0.20660758018493652,0.625,0.625
2,9,213,0.46809613704681396,0.84375,0.10387587547302246,0.1813514232635498,0.625,0.625
2,9,214,0.18286840617656708,0.921875,0.13079309463500977,0.20468521118164062,0.625,0.625
2,9,215,0.3202080726623535,0.90625,0.10862541198730469,0.187957763671875,0.625,0.625
2,9,216,0.23117873072624207,0.921875,0.1499316692352295,0.2277965545654297,0.625,0.625
2,9,217,0.33391785621643066,0.890625,0.10906672477722168,0.1879863739013672,0.625,0.625
2,9,218,0.2576166093349457,0.921875,0.14137578010559082,0.2184889316558838,0.625,0.625
2,9,219,0.21159182488918304,0.9375,0.10282087326049805,0.19879150390625,0.625,0.625
2,9,220,0.2290961593389511,0.890625,0.12029790878295898,0.1966404914855957,0.625,0.625
2,9,221,0.6601682901382446,0.78125,0.10819721221923828,0.18482494354248047,0.625,0.625
2,9,222,0.33763235807418823,0.84375,0.13793158531188965,0.2180783748626709,0.625,0.625
2,9,223,0.1614799201488495,0.921875,0.10420942306518555,0.18472528457641602,0.625,0.625
2,9,224,0.22570212185382843,0.90625,0.1520857810974121,0.22945332527160645,0.625,0.625
2,9,225,0.3569965660572052,0.875,0.11278128623962402,0.19891095161437988,0.625,0.625
2,9,226,0.3269731104373932,0.84375,0.1324150562286377,0.21425127983093262,0.625,0.625
2,9,227,0.25169050693511963,0.90625,0.09752058982849121,0.18536591529846191,0.625,0.625
2,9,228,0.24112480878829956,0.890625,0.14259791374206543,0.22058629989624023,0.625,0.625
2,9,229,0.21452853083610535,0.953125,0.10239648818969727,0.18670129776000977,0.625,0.625
2,9,230,0.38760706782341003,0.859375,0.12725329399108887,0.21204495429992676,0.625,0.625
2,9,231,0.21443355083465576,0.9375,0.10931992530822754,0.2022562026977539,0.625,0.625
2,9,232,0.366399347782135,0.859375,0.13879990577697754,0.21661686897277832,0.625,0.625
2,9,233,0.33577075600624084,0.890625,0.11436724662780762,0.19447684288024902,0.625,0.625
2,9,234,0.26232945919036865,0.890625,0.1297461986541748,0.21240925788879395,0.625,0.625
2,9,235,0.36661598086357117,0.828125,0.11720466613769531,0.19666171073913574,0.625,0.625
2,9,236,0.2699655294418335,0.890625,0.13807940483093262,0.21658015251159668,0.625,0.625
2,9,237,0.2196214497089386,0.890625,0.10942220687866211,0.19709324836730957,0.625,0.625
2,9,238,0.17606709897518158,0.953125,0.13614869117736816,0.21927189826965332,0.625,0.625
2,9,239,0.3786785304546356,0.875,0.10391974449157715,0.18062043190002441,0.625,0.625
2,9,240,0.38030242919921875,0.890625,0.13275432586669922,0.2101607322692871,0.625,0.625
2,9,241,0.41105759143829346,0.84375,0.11506128311157227,0.196044921875,0.625,0.625
2,9,242,0.3695175051689148,0.875,0.14075350761413574,0.21898865699768066,0.625,0.625
2,9,243,0.3122767508029938,0.859375,0.1125180721282959,0.1954803466796875,0.625,0.625
2,9,244,0.20144547522068024,0.90625,0.13177132606506348,0.21346783638000488,0.625,0.625
2,9,245,0.21982480585575104,0.875,0.12376737594604492,0.20148539543151855,0.625,0.625
2,9,246,0.2602304220199585,0.90625,0.147263765335083,0.22774863243103027,0.625,0.625
2,9,247,0.18350020051002502,0.921875,0.098388671875,0.18766570091247559,0.625,0.625
2,9,248,0.31530481576919556,0.890625,0.1438448429107666,0.22435998916625977,0.625,0.625
2,9,249,0.390508234500885,0.828125,0.1095433235168457,0.18958115577697754,0.625,0.625
2,9,250,0.30107060074806213,0.859375,0.12604236602783203,0.21019792556762695,0.625,0.625
2,9,251,0.289795845746994,0.90625,0.1126108169555664,0.20137429237365723,0.625,0.625
2,9,252,0.19657909870147705,0.9375,0.13396453857421875,0.2155289649963379,0.625,0.625
2,9,253,0.33403271436691284,0.890625,0.09679937362670898,0.1856241226196289,0.625,0.625
2,9,254,0.4276527166366577,0.890625,0.14383530616760254,0.2265787124633789,0.625,0.625
2,9,255,0.1938207447528839,0.921875,0.1149740219116211,0.19754886627197266,0.625,0.625
2,9,256,0.308622270822525,0.84375,0.14093327522277832,0.21899127960205078,0.625,0.625
2,9,257,0.3622303307056427,0.90625,0.10522246360778809,0.18249773979187012,0.625,0.625
2,9,258,0.1673298329114914,0.9375,0.14220643043518066,0.22203993797302246,0.625,0.625
2,9,259,0.43228593468666077,0.875,0.10581612586975098,0.18368959426879883,0.625,0.625
